ISO-10303-21;
HEADER;
FILE_DESCRIPTION (( 'STEP AP214' ),
    '1' );
FILE_NAME ('DRV5032DUDMRT.STEP',
    '2019-02-09T10:49:27',
    ( '' ),
    ( '' ),
    'SwSTEP 2.0',
    'SolidWorks 2017',
    '' );
FILE_SCHEMA (( 'AUTOMOTIVE_DESIGN' ));
ENDSEC;

DATA;
#1 = CARTESIAN_POINT ( 'NONE',  ( 0.5500000000000000400, 0.01000000000000000200, 0.2250000000000000600 ) ) ;
#2 = VERTEX_POINT ( 'NONE', #1516 ) ;
#3 = CARTESIAN_POINT ( 'NONE',  ( 0.5000000000000000000, 0.01000000000000021900, -0.2250000000000000600 ) ) ;
#4 = DIRECTION ( 'NONE',  ( -0.0000000000000000000, 0.0000000000000000000, 1.000000000000000000 ) ) ;
#5 = AXIS2_PLACEMENT_3D ( 'NONE', #3778, #2320, #524 ) ;
#6 = ORIENTED_EDGE ( 'NONE', *, *, #1213, .T. ) ;
#7 = VECTOR ( 'NONE', #2095, 1000.000000000000000 ) ;
#8 = CARTESIAN_POINT ( 'NONE',  ( -0.3100000000000003900, 0.05000000000000000300, 0.6999999999999999600 ) ) ;
#9 = ADVANCED_FACE ( 'NONE', ( #3787 ), #598, .F. ) ;
#10 = CARTESIAN_POINT ( 'NONE',  ( 0.5500000000000000400, 0.0000000000000000000, 0.6999999999999998400 ) ) ;
#11 = VERTEX_POINT ( 'NONE', #3290 ) ;
#12 = DIRECTION ( 'NONE',  ( -0.0000000000000000000, 1.000000000000000000, -0.0000000000000000000 ) ) ;
#13 = CARTESIAN_POINT ( 'NONE',  ( 0.3100000000000003900, 0.0000000000000000000, 0.6999999999999999600 ) ) ;
#14 = ORIENTED_EDGE ( 'NONE', *, *, #2351, .T. ) ;
#15 = EDGE_CURVE ( 'NONE', #525, #2500, #2505, .T. ) ;
#16 = DIRECTION ( 'NONE',  ( 0.0000000000000000000, -9.035018104045869500E-017, 1.000000000000000000 ) ) ;
#17 = ORIENTED_EDGE ( 'NONE', *, *, #882, .T. ) ;
#18 = VECTOR ( 'NONE', #1944, 1000.000000000000000 ) ;
#19 = EDGE_LOOP ( 'NONE', ( #1757, #1337, #3763, #3463 ) ) ;
#20 = EDGE_CURVE ( 'NONE', #3070, #1281, #788, .T. ) ;
#21 = DIRECTION ( 'NONE',  ( 1.000000000000000000, -0.0000000000000000000, -2.956915015869557300E-016 ) ) ;
#22 = LINE ( 'NONE', #919, #3137 ) ;
#23 = CARTESIAN_POINT ( 'NONE',  ( 0.1899999999999995600, 0.05000000000000000300, -0.5000000000000000000 ) ) ;
#24 = LINE ( 'NONE', #2473, #161 ) ;
#25 = ORIENTED_EDGE ( 'NONE', *, *, #654, .F. ) ;
#26 = LINE ( 'NONE', #3534, #713 ) ;
#27 = DIRECTION ( 'NONE',  ( 0.0000000000000000000, 0.0000000000000000000, -1.000000000000000000 ) ) ;
#28 = EDGE_CURVE ( 'NONE', #2626, #627, #408, .T. ) ;
#29 = CARTESIAN_POINT ( 'NONE',  ( 0.3600000000000001500, -0.05000000000000000300, -0.5000000000000001100 ) ) ;
#30 = CARTESIAN_POINT ( 'NONE',  ( 0.5000000000000000000, 0.0000000000000000000, 0.0000000000000000000 ) ) ;
#31 = EDGE_CURVE ( 'NONE', #2455, #3221, #3496, .T. ) ;
#32 = LINE ( 'NONE', #470, #2294 ) ;
#33 = EDGE_LOOP ( 'NONE', ( #2266, #2593, #1043, #3047 ) ) ;
#34 = ORIENTED_EDGE ( 'NONE', *, *, #2663, .T. ) ;
#35 = VECTOR ( 'NONE', #1432, 1000.000000000000000 ) ;
#36 = AXIS2_PLACEMENT_3D ( 'NONE', #446, #1643, #459 ) ;
#37 = ORIENTED_EDGE ( 'NONE', *, *, #333, .T. ) ;
#38 = CARTESIAN_POINT ( 'NONE',  ( 0.5000000000000000000, 0.06000000000000022000, -0.2250000000000000600 ) ) ;
#39 = DIRECTION ( 'NONE',  ( 1.000000000000000000, 0.0000000000000000000, 1.668003342285391600E-016 ) ) ;
#40 = VECTOR ( 'NONE', #3839, 1000.000000000000000 ) ;
#41 = CARTESIAN_POINT ( 'NONE',  ( 0.3600000000000001500, -0.05000000000000000300, -0.5000000000000001100 ) ) ;
#42 = VERTEX_POINT ( 'NONE', #2943 ) ;
#43 = LINE ( 'NONE', #970, #1051 ) ;
#44 = EDGE_CURVE ( 'NONE', #1103, #3255, #198, .T. ) ;
#45 = VECTOR ( 'NONE', #3031, 1000.000000000000000 ) ;
#46 = PLANE ( 'NONE',  #1672 ) ;
#47 = ORIENTED_EDGE ( 'NONE', *, *, #1661, .F. ) ;
#48 = DIRECTION ( 'NONE',  ( 1.355252715606880800E-016, -0.0000000000000000000, 1.000000000000000000 ) ) ;
#49 = PLANE ( 'NONE',  #3269 ) ;
#50 = VECTOR ( 'NONE', #1627, 1000.000000000000000 ) ;
#51 = LINE ( 'NONE', #2192, #2151 ) ;
#52 = AXIS2_PLACEMENT_3D ( 'NONE', #2606, #2631, #550 ) ;
#53 = ORIENTED_EDGE ( 'NONE', *, *, #937, .F. ) ;
#54 = CARTESIAN_POINT ( 'NONE',  ( -0.5000000000000000000, 0.01000000000000020100, -0.3750000000000000600 ) ) ;
#55 = ORIENTED_EDGE ( 'NONE', *, *, #2475, .T. ) ;
#56 = PLANE ( 'NONE',  #1586 ) ;
#57 = ORIENTED_EDGE ( 'NONE', *, *, #2813, .F. ) ;
#58 = CARTESIAN_POINT ( 'NONE',  ( 0.3100000000000003900, 0.0000000000000000000, 0.6999999999999999600 ) ) ;
#59 = CARTESIAN_POINT ( 'NONE',  ( 0.1899999999999995900, 0.0000000000000000000, 0.6999999999999999600 ) ) ;
#60 = ORIENTED_EDGE ( 'NONE', *, *, #2743, .F. ) ;
#61 = EDGE_CURVE ( 'NONE', #2675, #535, #2182, .T. ) ;
#62 = CARTESIAN_POINT ( 'NONE',  ( -0.1899999999999995900, 0.05000000000000000300, 0.6999999999999999600 ) ) ;
#63 = VECTOR ( 'NONE', #2599, 1000.000000000000000 ) ;
#64 = EDGE_LOOP ( 'NONE', ( #1391, #3865, #2661, #3695 ) ) ;
#65 = DIRECTION ( 'NONE',  ( 0.0000000000000000000, 0.0000000000000000000, -1.000000000000000000 ) ) ;
#66 = ORIENTED_EDGE ( 'NONE', *, *, #1600, .F. ) ;
#67 = VECTOR ( 'NONE', #984, 1000.000000000000000 ) ;
#68 = LINE ( 'NONE', #636, #2930 ) ;
#69 = LINE ( 'NONE', #1949, #1395 ) ;
#70 = PLANE ( 'NONE',  #2690 ) ;
#71 = CARTESIAN_POINT ( 'NONE',  ( 0.1400000000000001200, -0.05000000000000000300, 0.5000000000000000000 ) ) ;
#72 = ORIENTED_EDGE ( 'NONE', *, *, #2075, .T. ) ;
#73 = LINE ( 'NONE', #3365, #702 ) ;
#74 = DIRECTION ( 'NONE',  ( -0.0000000000000000000, 1.000000000000000000, -0.0000000000000000000 ) ) ;
#75 = VERTEX_POINT ( 'NONE', #2092 ) ;
#76 = EDGE_CURVE ( 'NONE', #571, #3796, #497, .T. ) ;
#77 = ORIENTED_EDGE ( 'NONE', *, *, #290, .T. ) ;
#78 = DIRECTION ( 'NONE',  ( -0.0000000000000000000, -1.000000000000000000, -0.0000000000000000000 ) ) ;
#79 = CARTESIAN_POINT ( 'NONE',  ( -0.2500000000000000000, -0.05000000000000000300, -0.2999999999999999900 ) ) ;
#80 = DIRECTION ( 'NONE',  ( -0.0000000000000000000, -1.000000000000000000, -0.0000000000000000000 ) ) ;
#81 = ORIENTED_EDGE ( 'NONE', *, *, #3707, .F. ) ;
#82 = EDGE_CURVE ( 'NONE', #1289, #113, #1592, .T. ) ;
#83 = PLANE ( 'NONE',  #2984 ) ;
#84 = VECTOR ( 'NONE', #3310, 1000.000000000000000 ) ;
#85 = CARTESIAN_POINT ( 'NONE',  ( -0.3600000000000003800, 0.05000000000000000300, -0.5000000000000000000 ) ) ;
#86 = VERTEX_POINT ( 'NONE', #308 ) ;
#87 = LINE ( 'NONE', #1635, #2619 ) ;
#88 = FACE_OUTER_BOUND ( 'NONE', #3717, .T. ) ;
#89 = VERTEX_POINT ( 'NONE', #910 ) ;
#90 = DIRECTION ( 'NONE',  ( -0.0000000000000000000, 1.000000000000000000, -0.0000000000000000000 ) ) ;
#91 = LINE ( 'NONE', #3005, #2960 ) ;
#92 = VECTOR ( 'NONE', #2861, 1000.000000000000000 ) ;
#93 = ORIENTED_EDGE ( 'NONE', *, *, #3361, .T. ) ;
#94 = CARTESIAN_POINT ( 'NONE',  ( -0.1399999999999995400, 0.05000000000000000300, -0.6999999999999999600 ) ) ;
#95 = CARTESIAN_POINT ( 'NONE',  ( -0.3600000000000003800, 0.05000000000000000300, -0.5000000000000000000 ) ) ;
#96 = EDGE_LOOP ( 'NONE', ( #3405, #2275, #2848, #463 ) ) ;
#97 = CARTESIAN_POINT ( 'NONE',  ( -0.5000000000000000000, 0.05999999999999999100, 0.3750000000000000600 ) ) ;
#98 = AXIS2_PLACEMENT_3D ( 'NONE', #855, #1137, #1733 ) ;
#99 = ORIENTED_EDGE ( 'NONE', *, *, #1960, .T. ) ;
#100 = CARTESIAN_POINT ( 'NONE',  ( 0.4000000000000000200, 0.0000000000000000000, 0.3000000000000001000 ) ) ;
#101 = VERTEX_POINT ( 'NONE', #3553 ) ;
#102 = EDGE_CURVE ( 'NONE', #938, #2923, #1031, .T. ) ;
#103 = EDGE_CURVE ( 'NONE', #1202, #1087, #3834, .T. ) ;
#104 = CARTESIAN_POINT ( 'NONE',  ( -0.5000000000000000000, 0.009999999999999984600, 0.3750000000000000600 ) ) ;
#105 = ORIENTED_EDGE ( 'NONE', *, *, #1921, .F. ) ;
#106 = CARTESIAN_POINT ( 'NONE',  ( -0.5500000000000000400, 0.06000000000000020600, -0.3750000000000000600 ) ) ;
#107 = VERTEX_POINT ( 'NONE', #2926 ) ;
#108 = VECTOR ( 'NONE', #1357, 1000.000000000000000 ) ;
#109 = CARTESIAN_POINT ( 'NONE',  ( 0.0000000000000000000, 0.0000000000000000000, 0.0000000000000000000 ) ) ;
#110 = EDGE_LOOP ( 'NONE', ( #1276, #3015, #2099, #3475 ) ) ;
#111 = ORIENTED_EDGE ( 'NONE', *, *, #3803, .F. ) ;
#112 = CARTESIAN_POINT ( 'NONE',  ( 0.5500000000000000400, 0.0000000000000000000, 0.6999999999999998400 ) ) ;
#113 = VERTEX_POINT ( 'NONE', #3847 ) ;
#114 = DIRECTION ( 'NONE',  ( -1.000000000000000000, 0.0000000000000000000, -4.928191693115942600E-016 ) ) ;
#115 = VECTOR ( 'NONE', #3656, 1000.000000000000000 ) ;
#116 = PLANE ( 'NONE',  #974 ) ;
#117 = CARTESIAN_POINT ( 'NONE',  ( 0.3600000000000003800, 0.05000000000000000300, 0.5000000000000000000 ) ) ;
#118 = ORIENTED_EDGE ( 'NONE', *, *, #1132, .T. ) ;
#119 = STYLED_ITEM ( 'NONE', ( #407 ), #2083 ) ;
#120 = VECTOR ( 'NONE', #3482, 1000.000000000000000 ) ;
#121 = CARTESIAN_POINT ( 'NONE',  ( -0.5500000000000000400, 0.01000000000000020100, -0.3750000000000000600 ) ) ;
#122 = ORIENTED_EDGE ( 'NONE', *, *, #1184, .T. ) ;
#123 = DIRECTION ( 'NONE',  ( 1.000000000000000000, -0.0000000000000000000, -2.956915015869557300E-016 ) ) ;
#124 = VERTEX_POINT ( 'NONE', #2063 ) ;
#125 = DIRECTION ( 'NONE',  ( 0.0000000000000000000, 1.000000000000000000, -9.035018104045869500E-017 ) ) ;
#126 = CARTESIAN_POINT ( 'NONE',  ( -0.3600000000000003800, 0.05000000000000000300, 0.5000000000000000000 ) ) ;
#127 = VECTOR ( 'NONE', #3545, 1000.000000000000000 ) ;
#128 = DIRECTION ( 'NONE',  ( -1.000000000000000000, -0.0000000000000000000, -0.0000000000000000000 ) ) ;
#129 = LINE ( 'NONE', #2922, #2668 ) ;
#130 = VERTEX_POINT ( 'NONE', #1200 ) ;
#131 = VECTOR ( 'NONE', #78, 1000.000000000000000 ) ;
#132 =( LENGTH_UNIT ( ) NAMED_UNIT ( * ) SI_UNIT ( .MILLI., .METRE. ) );
#133 = ORIENTED_EDGE ( 'NONE', *, *, #2389, .T. ) ;
#134 = DIRECTION ( 'NONE',  ( 0.0000000000000000000, 0.0000000000000000000, -1.000000000000000000 ) ) ;
#135 = VECTOR ( 'NONE', #3372, 1000.000000000000000 ) ;
#136 = ORIENTED_EDGE ( 'NONE', *, *, #2048, .T. ) ;
#137 = DIRECTION ( 'NONE',  ( -0.0000000000000000000, 1.242314989306307100E-016, -1.000000000000000000 ) ) ;
#138 = AXIS2_PLACEMENT_3D ( 'NONE', #3597, #3861, #3256 ) ;
#139 = EDGE_LOOP ( 'NONE', ( #2686, #3599, #156, #1720 ) ) ;
#140 = DIRECTION ( 'NONE',  ( -0.0000000000000000000, -1.000000000000000000, -0.0000000000000000000 ) ) ;
#141 = VERTEX_POINT ( 'NONE', #2036 ) ;
#142 = EDGE_CURVE ( 'NONE', #795, #2235, #2051, .T. ) ;
#143 = CARTESIAN_POINT ( 'NONE',  ( 0.5000000000000000000, 0.01000000000000000200, 0.2250000000000000600 ) ) ;
#144 = DIRECTION ( 'NONE',  ( -0.0000000000000000000, -1.242314989306307100E-016, -1.000000000000000000 ) ) ;
#145 = ORIENTED_EDGE ( 'NONE', *, *, #102, .T. ) ;
#146 = LINE ( 'NONE', #2470, #3208 ) ;
#147 = VERTEX_POINT ( 'NONE', #1754 ) ;
#148 = EDGE_CURVE ( 'NONE', #2317, #2235, #2427, .T. ) ;
#149 = CARTESIAN_POINT ( 'NONE',  ( 0.5500000000000000400, 0.05999999999999999100, 0.3750000000000000600 ) ) ;
#150 = LINE ( 'NONE', #1768, #3032 ) ;
#151 = EDGE_LOOP ( 'NONE', ( #3353, #180, #1874, #3104 ) ) ;
#152 = LINE ( 'NONE', #845, #3550 ) ;
#153 = AXIS2_PLACEMENT_3D ( 'NONE', #3785, #1400, #2600 ) ;
#154 = PLANE ( 'NONE',  #1925 ) ;
#155 = DIRECTION ( 'NONE',  ( -1.000000000000000000, 0.0000000000000000000, 0.0000000000000000000 ) ) ;
#156 = ORIENTED_EDGE ( 'NONE', *, *, #2521, .F. ) ;
#157 = ADVANCED_FACE ( 'NONE', ( #3316 ), #3270, .T. ) ;
#158 = VERTEX_POINT ( 'NONE', #570 ) ;
#159 = VECTOR ( 'NONE', #2642, 1000.000000000000000 ) ;
#160 = EDGE_CURVE ( 'NONE', #1665, #2415, #941, .T. ) ;
#161 = VECTOR ( 'NONE', #2724, 1000.000000000000000 ) ;
#162 = EDGE_LOOP ( 'NONE', ( #1688, #1832, #3648, #2664 ) ) ;
#163 = DIRECTION ( 'NONE',  ( 0.0000000000000000000, 0.0000000000000000000, 1.000000000000000000 ) ) ;
#164 = LINE ( 'NONE', #1895, #3781 ) ;
#165 =( NAMED_UNIT ( * ) PLANE_ANGLE_UNIT ( ) SI_UNIT ( $, .RADIAN. ) );
#166 = DIRECTION ( 'NONE',  ( 1.355252715606880500E-016, 0.0000000000000000000, -1.000000000000000000 ) ) ;
#167 = ADVANCED_FACE ( 'NONE', ( #1776 ), #49, .F. ) ;
#168 = CARTESIAN_POINT ( 'NONE',  ( -0.5000000000000000000, 0.01000000000000021900, -0.2250000000000000600 ) ) ;
#169 = DIRECTION ( 'NONE',  ( -1.897353801849633200E-015, 0.0000000000000000000, 1.000000000000000000 ) ) ;
#170 = ORIENTED_EDGE ( 'NONE', *, *, #31, .T. ) ;
#171 = ORIENTED_EDGE ( 'NONE', *, *, #1278, .F. ) ;
#172 = EDGE_CURVE ( 'NONE', #107, #3709, #460, .T. ) ;
#173 = LINE ( 'NONE', #1544, #1092 ) ;
#174 = ORIENTED_EDGE ( 'NONE', *, *, #2181, .F. ) ;
#175 = DIRECTION ( 'NONE',  ( -0.0000000000000000000, 0.0000000000000000000, 1.000000000000000000 ) ) ;
#176 = CARTESIAN_POINT ( 'NONE',  ( 0.1399999999999995400, 0.05000000000000000300, -0.5000000000000000000 ) ) ;
#177 = ORIENTED_EDGE ( 'NONE', *, *, #44, .F. ) ;
#178 = UNCERTAINTY_MEASURE_WITH_UNIT (LENGTH_MEASURE( 1.000000000000000100E-005 ), #3625, 'distance_accuracy_value', 'NONE');
#179 = CARTESIAN_POINT ( 'NONE',  ( -0.5000000000000000000, 0.009999999999999984600, 0.3750000000000000600 ) ) ;
#180 = ORIENTED_EDGE ( 'NONE', *, *, #2198, .T. ) ;
#181 = ADVANCED_FACE ( 'NONE', ( #1959 ), #2688, .F. ) ;
#182 = ORIENTED_EDGE ( 'NONE', *, *, #1203, .F. ) ;
#183 = CARTESIAN_POINT ( 'NONE',  ( -0.1399999999999995400, 0.05000000000000000300, 0.6999999999999999600 ) ) ;
#184 = DIRECTION ( 'NONE',  ( 0.0000000000000000000, -0.0000000000000000000, -1.000000000000000000 ) ) ;
#185 = CARTESIAN_POINT ( 'NONE',  ( 0.5500000000000000400, 0.3500000000000000300, -0.7000000000000000700 ) ) ;
#186 = ORIENTED_EDGE ( 'NONE', *, *, #3673, .T. ) ;
#187 = DIRECTION ( 'NONE',  ( 0.0000000000000000000, 0.0000000000000000000, -1.000000000000000000 ) ) ;
#188 = CARTESIAN_POINT ( 'NONE',  ( 0.3600000000000003800, 0.0000000000000000000, 0.6999999999999999600 ) ) ;
#189 = EDGE_LOOP ( 'NONE', ( #2613, #357, #3211, #1397, #629, #2528, #1107, #1298 ) ) ;
#190 = DIRECTION ( 'NONE',  ( 0.0000000000000000000, 1.000000000000000000, 0.0000000000000000000 ) ) ;
#191 = ORIENTED_EDGE ( 'NONE', *, *, #1985, .F. ) ;
#192 = CARTESIAN_POINT ( 'NONE',  ( -0.3100000000000003900, 0.0000000000000000000, -0.5000000000000000000 ) ) ;
#193 = FACE_OUTER_BOUND ( 'NONE', #3067, .T. ) ;
#194 = VERTEX_POINT ( 'NONE', #2719 ) ;
#195 = FACE_OUTER_BOUND ( 'NONE', #3798, .T. ) ;
#196 = VERTEX_POINT ( 'NONE', #613 ) ;
#197 = LINE ( 'NONE', #1591, #698 ) ;
#198 = LINE ( 'NONE', #1168, #3263 ) ;
#199 = PLANE ( 'NONE',  #3222 ) ;
#200 = LINE ( 'NONE', #1154, #3264 ) ;
#201 = CARTESIAN_POINT ( 'NONE',  ( 0.3100000000000003900, 0.0000000000000000000, -0.5000000000000000000 ) ) ;
#202 = EDGE_CURVE ( 'NONE', #2031, #2626, #1259, .T. ) ;
#203 = CARTESIAN_POINT ( 'NONE',  ( 0.3100000000000003900, 0.05000000000000000300, 0.6999999999999999600 ) ) ;
#204 = CARTESIAN_POINT ( 'NONE',  ( -0.3100000000000003900, 0.0000000000000000000, -0.6999999999999999600 ) ) ;
#205 = DIRECTION ( 'NONE',  ( 0.0000000000000000000, 0.0000000000000000000, 1.000000000000000000 ) ) ;
#206 = ORIENTED_EDGE ( 'NONE', *, *, #924, .T. ) ;
#207 = LINE ( 'NONE', #2656, #849 ) ;
#208 = DIRECTION ( 'NONE',  ( -0.0000000000000000000, -0.0000000000000000000, 1.000000000000000000 ) ) ;
#209 = LINE ( 'NONE', #3439, #1124 ) ;
#210 = EDGE_CURVE ( 'NONE', #2407, #3773, #1159, .T. ) ;
#211 = VERTEX_POINT ( 'NONE', #3017 ) ;
#212 = DIRECTION ( 'NONE',  ( 1.000000000000000000, -0.0000000000000000000, -0.0000000000000000000 ) ) ;
#213 = DIRECTION ( 'NONE',  ( 0.0000000000000000000, -0.0000000000000000000, -1.000000000000000000 ) ) ;
#214 = CARTESIAN_POINT ( 'NONE',  ( -0.5500000000000000400, 0.05999999999999997000, 0.3750000000000000600 ) ) ;
#215 = EDGE_CURVE ( 'NONE', #1904, #2987, #3748, .T. ) ;
#216 = ORIENTED_EDGE ( 'NONE', *, *, #280, .F. ) ;
#217 = DIRECTION ( 'NONE',  ( -1.355252715606880800E-016, 0.0000000000000000000, -1.000000000000000000 ) ) ;
#218 = LINE ( 'NONE', #300, #957 ) ;
#219 = ORIENTED_EDGE ( 'NONE', *, *, #1075, .F. ) ;
#220 = AXIS2_PLACEMENT_3D ( 'NONE', #2971, #3628, #1834 ) ;
#221 = EDGE_CURVE ( 'NONE', #634, #1321, #606, .T. ) ;
#222 = ADVANCED_FACE ( 'NONE', ( #2884 ), #366, .T. ) ;
#223 = ORIENTED_EDGE ( 'NONE', *, *, #3154, .T. ) ;
#224 = LINE ( 'NONE', #1583, #926 ) ;
#225 = VERTEX_POINT ( 'NONE', #85 ) ;
#226 = CARTESIAN_POINT ( 'NONE',  ( 0.5500000000000000400, 0.0000000000000000000, -0.7000000000000000700 ) ) ;
#227 = EDGE_LOOP ( 'NONE', ( #2708, #1253, #2714, #422 ) ) ;
#228 = DIRECTION ( 'NONE',  ( 0.0000000000000000000, 1.000000000000000000, -1.242314989306307100E-016 ) ) ;
#229 = EDGE_LOOP ( 'NONE', ( #2775, #747, #275, #2148 ) ) ;
#230 = PLANE ( 'NONE',  #1208 ) ;
#231 = VERTEX_POINT ( 'NONE', #3681 ) ;
#232 = MECHANICAL_DESIGN_GEOMETRIC_PRESENTATION_REPRESENTATION (  '', ( #3303 ), #423 ) ;
#233 = DIRECTION ( 'NONE',  ( 0.0000000000000000000, 0.0000000000000000000, -1.000000000000000000 ) ) ;
#234 = CARTESIAN_POINT ( 'NONE',  ( -0.5000000000000000000, 0.06000000000000000500, 0.2250000000000000600 ) ) ;
#235 = VECTOR ( 'NONE', #2648, 1000.000000000000000 ) ;
#236 = ORIENTED_EDGE ( 'NONE', *, *, #1197, .T. ) ;
#237 = CARTESIAN_POINT ( 'NONE',  ( -0.3100000000000003900, 0.0000000000000000000, 0.6999999999999999600 ) ) ;
#238 = ADVANCED_FACE ( 'NONE', ( #840 ), #1876, .F. ) ;
#239 = ORIENTED_EDGE ( 'NONE', *, *, #522, .F. ) ;
#240 = CARTESIAN_POINT ( 'NONE',  ( -0.1399999999999995400, 0.05000000000000000300, 0.6999999999999999600 ) ) ;
#241 = FACE_OUTER_BOUND ( 'NONE', #2228, .T. ) ;
#242 = VECTOR ( 'NONE', #2077, 1000.000000000000000 ) ;
#243 = EDGE_CURVE ( 'NONE', #3732, #1904, #652, .T. ) ;
#244 = ORIENTED_EDGE ( 'NONE', *, *, #479, .F. ) ;
#245 = MANIFOLD_SOLID_BREP ( 'Mirror1', #1622 ) ;
#246 = LINE ( 'NONE', #104, #3704 ) ;
#247 = VERTEX_POINT ( 'NONE', #1334 ) ;
#248 = DIRECTION ( 'NONE',  ( -0.0000000000000000000, -0.0000000000000000000, -1.000000000000000000 ) ) ;
#249 = CARTESIAN_POINT ( 'NONE',  ( -0.5000000000000000000, 0.01000000000000021900, -0.2250000000000000600 ) ) ;
#250 = LINE ( 'NONE', #237, #2434 ) ;
#251 = CARTESIAN_POINT ( 'NONE',  ( -0.5000000000000000000, 0.06000000000000000500, 0.2250000000000000600 ) ) ;
#252 = ORIENTED_EDGE ( 'NONE', *, *, #2941, .T. ) ;
#253 = VECTOR ( 'NONE', #3395, 1000.000000000000000 ) ;
#254 = DIRECTION ( 'NONE',  ( 0.0000000000000000000, 0.0000000000000000000, -1.000000000000000000 ) ) ;
#255 = ORIENTED_EDGE ( 'NONE', *, *, #1464, .F. ) ;
#256 = EDGE_CURVE ( 'NONE', #2440, #2641, #3217, .T. ) ;
#257 = MECHANICAL_DESIGN_GEOMETRIC_PRESENTATION_REPRESENTATION (  '', ( #1396 ), #3396 ) ;
#258 = ORIENTED_EDGE ( 'NONE', *, *, #1304, .F. ) ;
#259 = DIRECTION ( 'NONE',  ( 1.000000000000000000, 0.0000000000000000000, 4.928191693115928800E-016 ) ) ;
#260 = VECTOR ( 'NONE', #730, 1000.000000000000000 ) ;
#261 = DIRECTION ( 'NONE',  ( -0.0000000000000000000, 1.000000000000000000, 0.0000000000000000000 ) ) ;
#262 = EDGE_CURVE ( 'NONE', #2166, #400, #1557, .T. ) ;
#263 = ORIENTED_EDGE ( 'NONE', *, *, #3036, .F. ) ;
#264 = DIRECTION ( 'NONE',  ( 0.0000000000000000000, 0.0000000000000000000, -1.000000000000000000 ) ) ;
#265 = DIRECTION ( 'NONE',  ( 0.0000000000000000000, 1.000000000000000000, 0.0000000000000000000 ) ) ;
#266 = DIRECTION ( 'NONE',  ( -0.0000000000000000000, -1.000000000000000000, -0.0000000000000000000 ) ) ;
#267 = EDGE_LOOP ( 'NONE', ( #2141, #2480, #2552, #703 ) ) ;
#268 = EDGE_CURVE ( 'NONE', #690, #1459, #3661, .T. ) ;
#269 = DIRECTION ( 'NONE',  ( -1.000000000000000000, -0.0000000000000000000, -0.0000000000000000000 ) ) ;
#270 = SURFACE_SIDE_STYLE ('',( #1699 ) ) ;
#271 = ORIENTED_EDGE ( 'NONE', *, *, #429, .F. ) ;
#272 = AXIS2_PLACEMENT_3D ( 'NONE', #1808, #2408, #619 ) ;
#273 = PLANE ( 'NONE',  #911 ) ;
#274 = ADVANCED_FACE ( 'NONE', ( #2333 ), #714, .F. ) ;
#275 = ORIENTED_EDGE ( 'NONE', *, *, #1764, .T. ) ;
#276 = VECTOR ( 'NONE', #1003, 1000.000000000000000 ) ;
#277 = EDGE_CURVE ( 'NONE', #1052, #1131, #3035, .T. ) ;
#278 = ORIENTED_EDGE ( 'NONE', *, *, #776, .F. ) ;
#279 = EDGE_CURVE ( 'NONE', #676, #618, #2152, .T. ) ;
#280 = EDGE_CURVE ( 'NONE', #1370, #1640, #551, .T. ) ;
#281 = AXIS2_PLACEMENT_3D ( 'NONE', #1160, #2934, #844 ) ;
#282 = LINE ( 'NONE', #3504, #2106 ) ;
#283 = DIRECTION ( 'NONE',  ( -4.928191693115928800E-016, 0.0000000000000000000, 1.000000000000000000 ) ) ;
#284 = SURFACE_STYLE_USAGE ( .BOTH. , #3867 ) ;
#285 = DIRECTION ( 'NONE',  ( 0.0000000000000000000, -0.0000000000000000000, 1.000000000000000000 ) ) ;
#286 = EDGE_LOOP ( 'NONE', ( #25, #2271, #2816, #3345 ) ) ;
#287 = DIRECTION ( 'NONE',  ( 0.0000000000000000000, 0.0000000000000000000, -1.000000000000000000 ) ) ;
#288 = DIRECTION ( 'NONE',  ( 0.0000000000000000000, -1.242314989306307100E-016, -1.000000000000000000 ) ) ;
#289 = PLANE ( 'NONE',  #1036 ) ;
#290 = EDGE_CURVE ( 'NONE', #681, #1702, #1309, .T. ) ;
#291 = ORIENTED_EDGE ( 'NONE', *, *, #2486, .T. ) ;
#292 = CARTESIAN_POINT ( 'NONE',  ( 0.1899999999999995900, 0.0000000000000000000, -0.6999999999999999600 ) ) ;
#293 = EDGE_LOOP ( 'NONE', ( #3323, #2866, #3570, #2973 ) ) ;
#294 = VECTOR ( 'NONE', #1005, 1000.000000000000000 ) ;
#295 = FACE_OUTER_BOUND ( 'NONE', #388, .T. ) ;
#296 = ADVANCED_FACE ( 'NONE', ( #3551 ), #2174, .T. ) ;
#297 = VECTOR ( 'NONE', #434, 1000.000000000000000 ) ;
#298 = DIRECTION ( 'NONE',  ( 0.0000000000000000000, 0.0000000000000000000, 1.000000000000000000 ) ) ;
#299 = ORIENTED_EDGE ( 'NONE', *, *, #728, .T. ) ;
#300 = CARTESIAN_POINT ( 'NONE',  ( 0.5500000000000000400, 0.01000000000000020100, -0.3750000000000000600 ) ) ;
#301 = COLOUR_RGB ( '',1.000000000000000000, 1.000000000000000000, 1.000000000000000000 ) ;
#302 = CARTESIAN_POINT ( 'NONE',  ( 0.1899999999999995900, 0.0000000000000000000, -0.5000000000000002200 ) ) ;
#303 = CARTESIAN_POINT ( 'NONE',  ( 0.5000000000000000000, 0.009999999999999984600, 0.3750000000000000600 ) ) ;
#304 = EDGE_LOOP ( 'NONE', ( #53, #2037, #3285, #3135 ) ) ;
#305 = VECTOR ( 'NONE', #492, 1000.000000000000000 ) ;
#306 = EDGE_CURVE ( 'NONE', #1994, #2590, #414, .T. ) ;
#307 = VECTOR ( 'NONE', #3548, 1000.000000000000000 ) ;
#308 = CARTESIAN_POINT ( 'NONE',  ( -0.1899999999999995900, 0.0000000000000000000, 0.6999999999999999600 ) ) ;
#309 = VERTEX_POINT ( 'NONE', #1306 ) ;
#310 = PRESENTATION_LAYER_ASSIGNMENT (  '', '', ( #675 ) ) ;
#312 = AXIS2_PLACEMENT_3D ( 'NONE', #2711, #3655, #1582 ) ;
#311 = VECTOR ( 'NONE', #1654, 1000.000000000000000 ) ;
#313 = LINE ( 'NONE', #3636, #3479 ) ;
#314 = ORIENTED_EDGE ( 'NONE', *, *, #611, .F. ) ;
#315 = DIRECTION ( 'NONE',  ( 0.0000000000000000000, 9.035018104045869500E-017, 1.000000000000000000 ) ) ;
#316 = ORIENTED_EDGE ( 'NONE', *, *, #3596, .T. ) ;
#317 = ADVANCED_FACE ( 'NONE', ( #2007 ), #1915, .T. ) ;
#318 = CARTESIAN_POINT ( 'NONE',  ( -0.1399999999999995400, -0.0000000000000000000, -0.5000000000000000000 ) ) ;
#319 = CARTESIAN_POINT ( 'NONE',  ( -0.3100000000000003900, 0.0000000000000000000, 0.6999999999999999600 ) ) ;
#320 = DIRECTION ( 'NONE',  ( 0.0000000000000000000, 0.0000000000000000000, -1.000000000000000000 ) ) ;
#321 = ORIENTED_EDGE ( 'NONE', *, *, #471, .T. ) ;
#322 = ORIENTED_EDGE ( 'NONE', *, *, #3818, .F. ) ;
#323 = STYLED_ITEM ( 'NONE', ( #3812 ), #3418 ) ;
#324 = EDGE_LOOP ( 'NONE', ( #2044, #2173, #2453, #2961 ) ) ;
#325 = ORIENTED_EDGE ( 'NONE', *, *, #3596, .F. ) ;
#326 = DIRECTION ( 'NONE',  ( -0.0000000000000000000, 0.0000000000000000000, -1.000000000000000000 ) ) ;
#327 = DIRECTION ( 'NONE',  ( -0.0000000000000000000, 1.000000000000000000, -0.0000000000000000000 ) ) ;
#328 = ORIENTED_EDGE ( 'NONE', *, *, #1858, .T. ) ;
#329 = MECHANICAL_DESIGN_GEOMETRIC_PRESENTATION_REPRESENTATION (  '', ( #2788 ), #1729 ) ;
#330 = ORIENTED_EDGE ( 'NONE', *, *, #2997, .F. ) ;
#331 = ADVANCED_FACE ( 'NONE', ( #1821 ), #2832, .F. ) ;
#332 = VECTOR ( 'NONE', #1066, 1000.000000000000000 ) ;
#333 = EDGE_CURVE ( 'NONE', #1518, #2928, #1115, .T. ) ;
#334 = ORIENTED_EDGE ( 'NONE', *, *, #3646, .T. ) ;
#335 = DIRECTION ( 'NONE',  ( -1.355252715606880800E-016, 0.0000000000000000000, -1.000000000000000000 ) ) ;
#336 = ORIENTED_EDGE ( 'NONE', *, *, #2504, .T. ) ;
#338 = VECTOR ( 'NONE', #370, 1000.000000000000000 ) ;
#337 = DIRECTION ( 'NONE',  ( 1.000000000000000000, -0.0000000000000000000, -0.0000000000000000000 ) ) ;
#339 = CARTESIAN_POINT ( 'NONE',  ( -0.5500000000000000400, 0.01000000000000021900, -0.2250000000000000600 ) ) ;
#340 = DIRECTION ( 'NONE',  ( 0.0000000000000000000, 0.0000000000000000000, 1.000000000000000000 ) ) ;
#341 = CARTESIAN_POINT ( 'NONE',  ( -0.1399999999999995400, 0.05000000000000000300, 0.6999999999999999600 ) ) ;
#342 = EDGE_CURVE ( 'NONE', #512, #2149, #1219, .T. ) ;
#343 = VECTOR ( 'NONE', #2247, 1000.000000000000000 ) ;
#344 = ORIENTED_EDGE ( 'NONE', *, *, #457, .T. ) ;
#345 = FACE_OUTER_BOUND ( 'NONE', #2295, .T. ) ;
#346 = AXIS2_PLACEMENT_3D ( 'NONE', #885, #1174, #3259 ) ;
#347 = EDGE_LOOP ( 'NONE', ( #3571, #784, #879, #1421 ) ) ;
#348 = CARTESIAN_POINT ( 'NONE',  ( -0.5000000000000000000, 0.009999999999999984600, 0.3750000000000000600 ) ) ;
#349 = CARTESIAN_POINT ( 'NONE',  ( -0.1899999999999995300, 0.0000000000000000000, 0.7000000000000000700 ) ) ;
#350 = EDGE_LOOP ( 'NONE', ( #2577, #1068, #1980, #118 ) ) ;
#351 = CARTESIAN_POINT ( 'NONE',  ( 0.5000000000000000000, 0.06000000000000022000, -0.2250000000000000600 ) ) ;
#352 = EDGE_CURVE ( 'NONE', #383, #690, #3562, .T. ) ;
#353 = DIRECTION ( 'NONE',  ( 0.0000000000000000000, -0.0000000000000000000, -1.000000000000000000 ) ) ;
#354 = LINE ( 'NONE', #1476, #3430 ) ;
#355 = ORIENTED_EDGE ( 'NONE', *, *, #1056, .F. ) ;
#356 = AXIS2_PLACEMENT_3D ( 'NONE', #3371, #1905, #3412 ) ;
#357 = ORIENTED_EDGE ( 'NONE', *, *, #3845, .T. ) ;
#358 = PLANE ( 'NONE',  #3340 ) ;
#359 = VERTEX_POINT ( 'NONE', #3468 ) ;
#360 = EDGE_CURVE ( 'NONE', #2396, #795, #3513, .T. ) ;
#361 = ADVANCED_FACE ( 'NONE', ( #2161 ), #1389, .T. ) ;
#362 =( NAMED_UNIT ( * ) SI_UNIT ( $, .STERADIAN. ) SOLID_ANGLE_UNIT ( ) );
#363 = ORIENTED_EDGE ( 'NONE', *, *, #2660, .T. ) ;
#364 = PLANE ( 'NONE',  #2061 ) ;
#365 = ORIENTED_EDGE ( 'NONE', *, *, #2749, .F. ) ;
#366 = PLANE ( 'NONE',  #2842 ) ;
#367 = VERTEX_POINT ( 'NONE', #1629 ) ;
#368 = AXIS2_PLACEMENT_3D ( 'NONE', #2881, #810, #1102 ) ;
#369 = VECTOR ( 'NONE', #3404, 1000.000000000000000 ) ;
#370 = DIRECTION ( 'NONE',  ( -1.000000000000000000, 0.0000000000000000000, -4.928191693115909100E-016 ) ) ;
#371 = CARTESIAN_POINT ( 'NONE',  ( 0.5000000000000000000, 0.06000000000000020600, -0.3750000000000000600 ) ) ;
#372 = CARTESIAN_POINT ( 'NONE',  ( 0.0000000000000000000, 0.05000000000000000300, 0.0000000000000000000 ) ) ;
#373 = LINE ( 'NONE', #79, #3262 ) ;
#374 = LINE ( 'NONE', #3230, #3459 ) ;
#375 = DIRECTION ( 'NONE',  ( 0.0000000000000000000, 9.035018104045869500E-017, 1.000000000000000000 ) ) ;
#376 = VERTEX_POINT ( 'NONE', #168 ) ;
#377 = CARTESIAN_POINT ( 'NONE',  ( 0.5000000000000000000, 0.06000000000000020600, -0.3750000000000000600 ) ) ;
#378 = ORIENTED_EDGE ( 'NONE', *, *, #1542, .F. ) ;
#379 = SURFACE_STYLE_FILL_AREA ( #3789 ) ;
#380 = ADVANCED_FACE ( 'NONE', ( #345 ), #1345, .F. ) ;
#381 = CARTESIAN_POINT ( 'NONE',  ( 0.3600000000000004900, -0.05000000000000000300, 0.7000000000000000700 ) ) ;
#382 = CARTESIAN_POINT ( 'NONE',  ( -0.1399999999999995400, -0.05000000000000000300, 0.6999999999999999600 ) ) ;
#383 = VERTEX_POINT ( 'NONE', #3133 ) ;
#384 = EDGE_CURVE ( 'NONE', #929, #1202, #3849, .T. ) ;
#385 = ORIENTED_EDGE ( 'NONE', *, *, #878, .F. ) ;
#386 =( GEOMETRIC_REPRESENTATION_CONTEXT ( 3 ) GLOBAL_UNCERTAINTY_ASSIGNED_CONTEXT ( ( #2191 ) ) GLOBAL_UNIT_ASSIGNED_CONTEXT ( ( #2605, #2910, #3214 ) ) REPRESENTATION_CONTEXT ( 'NONE', 'WORKASPACE' ) );
#387 = LINE ( 'NONE', #2968, #1418 ) ;
#388 = EDGE_LOOP ( 'NONE', ( #3401, #947, #2970, #258 ) ) ;
#389 = CARTESIAN_POINT ( 'NONE',  ( 0.3100000000000003900, 0.0000000000000000000, -0.5000000000000000000 ) ) ;
#390 = ORIENTED_EDGE ( 'NONE', *, *, #3484, .F. ) ;
#391 = CARTESIAN_POINT ( 'NONE',  ( -0.1899999999999995600, 0.05000000000000000300, 0.5000000000000000000 ) ) ;
#392 = PRESENTATION_LAYER_ASSIGNMENT (  '', '', ( #2788 ) ) ;
#393 = DIRECTION ( 'NONE',  ( -1.355252715606880800E-016, 0.0000000000000000000, -1.000000000000000000 ) ) ;
#394 = DIRECTION ( 'NONE',  ( 1.000000000000000000, 0.0000000000000000000, -0.0000000000000000000 ) ) ;
#395 = VECTOR ( 'NONE', #3064, 1000.000000000000000 ) ;
#396 = EDGE_CURVE ( 'NONE', #2923, #2149, #1970, .T. ) ;
#397 = DIRECTION ( 'NONE',  ( -1.000000000000000000, -0.0000000000000000000, -0.0000000000000000000 ) ) ;
#398 = UNCERTAINTY_MEASURE_WITH_UNIT (LENGTH_MEASURE( 1.000000000000000100E-005 ), #2653, 'distance_accuracy_value', 'NONE');
#399 = VERTEX_POINT ( 'NONE', #1083 ) ;
#400 = VERTEX_POINT ( 'NONE', #1930 ) ;
#401 = EDGE_CURVE ( 'NONE', #1965, #2821, #3711, .T. ) ;
#402 = DIRECTION ( 'NONE',  ( -0.0000000000000000000, 1.000000000000000000, -0.0000000000000000000 ) ) ;
#403 = CARTESIAN_POINT ( 'NONE',  ( 0.5500000000000000400, 0.01000000000000021900, -0.2250000000000000600 ) ) ;
#404 = DIRECTION ( 'NONE',  ( 1.000000000000000000, 0.0000000000000000000, 0.0000000000000000000 ) ) ;
#405 = DIRECTION ( 'NONE',  ( -0.0000000000000000000, 0.0000000000000000000, 1.000000000000000000 ) ) ;
#406 = ORIENTED_EDGE ( 'NONE', *, *, #2514, .F. ) ;
#407 = PRESENTATION_STYLE_ASSIGNMENT (( #1718 ) ) ;
#408 = LINE ( 'NONE', #1456, #3081 ) ;
#409 = CARTESIAN_POINT ( 'NONE',  ( 0.3600000000000004900, -0.05000000000000000300, 0.7000000000000000700 ) ) ;
#410 = PLANE ( 'NONE',  #949 ) ;
#411 = VERTEX_POINT ( 'NONE', #1379 ) ;
#412 = VECTOR ( 'NONE', #2853, 1000.000000000000000 ) ;
#413 = CARTESIAN_POINT ( 'NONE',  ( 0.5500000000000000400, 0.0000000000000000000, 0.6999999999999998400 ) ) ;
#414 = LINE ( 'NONE', #1015, #1913 ) ;
#415 = ADVANCED_FACE ( 'NONE', ( #1171 ), #154, .F. ) ;
#416 = ORIENTED_EDGE ( 'NONE', *, *, #3231, .T. ) ;
#417 = VECTOR ( 'NONE', #404, 1000.000000000000000 ) ;
#418 = CARTESIAN_POINT ( 'NONE',  ( -0.5000000000000000000, 0.06000000000000020600, -0.3750000000000000600 ) ) ;
#419 = CARTESIAN_POINT ( 'NONE',  ( -0.5000000000000000000, 0.06000000000000022000, -0.2250000000000000600 ) ) ;
#420 = DIRECTION ( 'NONE',  ( -0.0000000000000000000, -1.242314989306307100E-016, -1.000000000000000000 ) ) ;
#421 = VECTOR ( 'NONE', #3593, 1000.000000000000000 ) ;
#422 = ORIENTED_EDGE ( 'NONE', *, *, #826, .T. ) ;
#423 =( GEOMETRIC_REPRESENTATION_CONTEXT ( 3 ) GLOBAL_UNCERTAINTY_ASSIGNED_CONTEXT ( ( #178 ) ) GLOBAL_UNIT_ASSIGNED_CONTEXT ( ( #3625, #877, #1529 ) ) REPRESENTATION_CONTEXT ( 'NONE', 'WORKASPACE' ) );
#424 = VECTOR ( 'NONE', #2397, 1000.000000000000000 ) ;
#425 = DIRECTION ( 'NONE',  ( 0.0000000000000000000, 0.0000000000000000000, -1.000000000000000000 ) ) ;
#426 = ORIENTED_EDGE ( 'NONE', *, *, #835, .F. ) ;
#427 = LINE ( 'NONE', #1870, #3515 ) ;
#428 = LINE ( 'NONE', #1136, #758 ) ;
#429 = EDGE_CURVE ( 'NONE', #2171, #1782, #2121, .T. ) ;
#430 = ORIENTED_EDGE ( 'NONE', *, *, #1871, .F. ) ;
#431 = ADVANCED_FACE ( 'NONE', ( #2710 ), #3741, .F. ) ;
#432 =( LENGTH_UNIT ( ) NAMED_UNIT ( * ) SI_UNIT ( .MILLI., .METRE. ) );
#433 = CARTESIAN_POINT ( 'NONE',  ( -0.1400000000000001000, -0.05000000000000000300, -0.7000000000000001800 ) ) ;
#434 = DIRECTION ( 'NONE',  ( -0.0000000000000000000, -0.0000000000000000000, 1.000000000000000000 ) ) ;
#435 = ORIENTED_EDGE ( 'NONE', *, *, #3454, .T. ) ;
#436 = LINE ( 'NONE', #3594, #3808 ) ;
#437 = VECTOR ( 'NONE', #3306, 1000.000000000000000 ) ;
#438 = DIRECTION ( 'NONE',  ( 1.000000000000000000, 0.0000000000000000000, 0.0000000000000000000 ) ) ;
#439 = PLANE ( 'NONE',  #3731 ) ;
#440 = LINE ( 'NONE', #740, #2906 ) ;
#441 = ORIENTED_EDGE ( 'NONE', *, *, #3140, .F. ) ;
#442 = ADVANCED_FACE ( 'NONE', ( #2246 ), #462, .F. ) ;
#443 = ORIENTED_EDGE ( 'NONE', *, *, #2205, .F. ) ;
#444 = FILL_AREA_STYLE ('',( #3772 ) ) ;
#445 = ORIENTED_EDGE ( 'NONE', *, *, #2813, .T. ) ;
#446 = CARTESIAN_POINT ( 'NONE',  ( 0.0000000000000000000, 0.05000000000000000300, 0.0000000000000000000 ) ) ;
#447 = CARTESIAN_POINT ( 'NONE',  ( -0.5000000000000000000, 0.009999999999999984600, 0.3750000000000000600 ) ) ;
#448 = MANIFOLD_SOLID_BREP ( 'Boss-Extrude4[1]', #848 ) ;
#449 = ORIENTED_EDGE ( 'NONE', *, *, #1438, .T. ) ;
#450 = EDGE_CURVE ( 'NONE', #3147, #2575, #513, .T. ) ;
#451 = DIRECTION ( 'NONE',  ( 0.0000000000000000000, -1.000000000000000000, -1.242314989306307100E-016 ) ) ;
#452 = CARTESIAN_POINT ( 'NONE',  ( 0.3600000000000003800, 0.05000000000000000300, -0.5000000000000000000 ) ) ;
#453 = CARTESIAN_POINT ( 'NONE',  ( -0.3600000000000000400, -0.05000000000000000300, 0.5000000000000000000 ) ) ;
#454 = EDGE_LOOP ( 'NONE', ( #34, #1525, #2231, #3185 ) ) ;
#455 = DIRECTION ( 'NONE',  ( 0.0000000000000000000, 1.242314989306307100E-016, -1.000000000000000000 ) ) ;
#456 = EDGE_LOOP ( 'NONE', ( #3205, #3399, #1530, #3639 ) ) ;
#457 = EDGE_CURVE ( 'NONE', #1994, #1103, #3615, .T. ) ;
#458 = CARTESIAN_POINT ( 'NONE',  ( 0.3600000000000003800, 0.05000000000000000300, -0.6999999999999999600 ) ) ;
#459 = DIRECTION ( 'NONE',  ( 0.0000000000000000000, 0.0000000000000000000, -1.000000000000000000 ) ) ;
#460 = LINE ( 'NONE', #62, #2511 ) ;
#461 = ADVANCED_FACE ( 'NONE', ( #704 ), #2346, .T. ) ;
#462 = PLANE ( 'NONE',  #3195 ) ;
#463 = ORIENTED_EDGE ( 'NONE', *, *, #1638, .T. ) ;
#464 = CARTESIAN_POINT ( 'NONE',  ( 0.1399999999999995400, 0.05000000000000000300, 0.6999999999999999600 ) ) ;
#465 = ADVANCED_FACE ( 'NONE', ( #295 ), #1151, .F. ) ;
#466 = VECTOR ( 'NONE', #2700, 1000.000000000000000 ) ;
#467 = VERTEX_POINT ( 'NONE', #809 ) ;
#468 = CARTESIAN_POINT ( 'NONE',  ( 0.5000000000000000000, 0.05999999999999999100, 0.3750000000000000600 ) ) ;
#469 = DIRECTION ( 'NONE',  ( 0.0000000000000000000, -1.000000000000000000, 1.242314989306307100E-016 ) ) ;
#470 = CARTESIAN_POINT ( 'NONE',  ( 0.5000000000000000000, 0.01000000000000000200, 0.2250000000000000600 ) ) ;
#471 = EDGE_CURVE ( 'NONE', #211, #3635, #26, .T. ) ;
#472 = AXIS2_PLACEMENT_3D ( 'NONE', #2601, #4, #831 ) ;
#473 = LINE ( 'NONE', #484, #2392 ) ;
#474 = CARTESIAN_POINT ( 'NONE',  ( 0.0000000000000000000, 0.05000000000000000300, 0.0000000000000000000 ) ) ;
#475 = DIRECTION ( 'NONE',  ( -0.0000000000000000000, -0.0000000000000000000, -1.000000000000000000 ) ) ;
#476 = VERTEX_POINT ( 'NONE', #3491 ) ;
#477 = CARTESIAN_POINT ( 'NONE',  ( -0.3600000000000003800, 0.05000000000000000300, -0.5000000000000000000 ) ) ;
#478 = ORIENTED_EDGE ( 'NONE', *, *, #878, .T. ) ;
#479 = EDGE_CURVE ( 'NONE', #2439, #2433, #250, .T. ) ;
#480 = ADVANCED_FACE ( 'NONE', ( #1409 ), #2330, .F. ) ;
#481 = LINE ( 'NONE', #1698, #305 ) ;
#482 = ORIENTED_EDGE ( 'NONE', *, *, #1858, .F. ) ;
#483 = DIRECTION ( 'NONE',  ( 0.0000000000000000000, 0.0000000000000000000, 1.000000000000000000 ) ) ;
#484 = CARTESIAN_POINT ( 'NONE',  ( 0.1899999999999995900, 0.0000000000000000000, -0.6999999999999999600 ) ) ;
#485 = VECTOR ( 'NONE', #3378, 1000.000000000000000 ) ;
#486 = CLOSED_SHELL ( 'NONE', ( #480, #1762, #2851, #1425, #2512, #3666, #1090, #3607, #1883, #3160 ) ) ;
#487 = DIRECTION ( 'NONE',  ( -1.000000000000000000, 0.0000000000000000000, 0.0000000000000000000 ) ) ;
#488 = ORIENTED_EDGE ( 'NONE', *, *, #160, .T. ) ;
#489 = EDGE_LOOP ( 'NONE', ( #1303, #2636, #2630, #1902 ) ) ;
#490 = AXIS2_PLACEMENT_3D ( 'NONE', #620, #2695, #930 ) ;
#491 = PLANE ( 'NONE',  #1220 ) ;
#492 = DIRECTION ( 'NONE',  ( 1.355252715606880800E-016, 0.0000000000000000000, 1.000000000000000000 ) ) ;
#493 = ORIENTED_EDGE ( 'NONE', *, *, #3394, .F. ) ;
#494 = CARTESIAN_POINT ( 'NONE',  ( 0.0000000000000000000, 0.05000000000000000300, 0.0000000000000000000 ) ) ;
#495 = ORIENTED_EDGE ( 'NONE', *, *, #3315, .F. ) ;
#496 = LINE ( 'NONE', #2582, #3653 ) ;
#497 = LINE ( 'NONE', #1777, #2691 ) ;
#498 = ORIENTED_EDGE ( 'NONE', *, *, #1828, .T. ) ;
#499 = LINE ( 'NONE', #3451, #554 ) ;
#500 = FACE_OUTER_BOUND ( 'NONE', #1878, .T. ) ;
#502 = ADVANCED_FACE ( 'NONE', ( #2391 ), #1991, .F. ) ;
#501 = VECTOR ( 'NONE', #2495, 1000.000000000000000 ) ;
#503 = CARTESIAN_POINT ( 'NONE',  ( 0.3100000000000003900, 0.05000000000000000300, 0.5000000000000000000 ) ) ;
#504 = PLANE ( 'NONE',  #153 ) ;
#505 = CARTESIAN_POINT ( 'NONE',  ( 0.5000000000000000000, 0.06000000000000022000, -0.2250000000000000600 ) ) ;
#506 = LINE ( 'NONE', #968, #2794 ) ;
#507 = STYLED_ITEM ( 'NONE', ( #774 ), #3301 ) ;
#508 = DIRECTION ( 'NONE',  ( 0.0000000000000000000, 0.0000000000000000000, 1.000000000000000000 ) ) ;
#509 = CARTESIAN_POINT ( 'NONE',  ( -0.3100000000000003900, 0.05000000000000000300, 0.6999999999999999600 ) ) ;
#510 = CARTESIAN_POINT ( 'NONE',  ( 0.1399999999999995400, 0.05000000000000000300, 0.5000000000000000000 ) ) ;
#511 = LINE ( 'NONE', #610, #3509 ) ;
#512 = VERTEX_POINT ( 'NONE', #1722 ) ;
#513 = LINE ( 'NONE', #1101, #1648 ) ;
#514 = VECTOR ( 'NONE', #1758, 1000.000000000000000 ) ;
#515 = VECTOR ( 'NONE', #2519, 1000.000000000000000 ) ;
#516 = ORIENTED_EDGE ( 'NONE', *, *, #202, .F. ) ;
#517 = AXIS2_PLACEMENT_3D ( 'NONE', #2894, #2604, #2937 ) ;
#518 = VECTOR ( 'NONE', #3622, 1000.000000000000000 ) ;
#519 = SURFACE_SIDE_STYLE ('',( #2784 ) ) ;
#520 = CARTESIAN_POINT ( 'NONE',  ( 0.5000000000000000000, 0.06000000000000000500, 0.2250000000000000600 ) ) ;
#521 = DIRECTION ( 'NONE',  ( 0.0000000000000000000, 9.035018104045869500E-017, 1.000000000000000000 ) ) ;
#522 = EDGE_CURVE ( 'NONE', #2928, #3168, #3369, .T. ) ;
#523 = ORIENTED_EDGE ( 'NONE', *, *, #3386, .F. ) ;
#524 = DIRECTION ( 'NONE',  ( -0.0000000000000000000, 0.0000000000000000000, -1.000000000000000000 ) ) ;
#525 = VERTEX_POINT ( 'NONE', #3843 ) ;
#526 = FACE_OUTER_BOUND ( 'NONE', #96, .T. ) ;
#527 = EDGE_CURVE ( 'NONE', #1061, #1640, #1783, .T. ) ;
#528 = PRODUCT_DEFINITION_SHAPE ( 'NONE', 'NONE',  #1917 ) ;
#529 = VERTEX_POINT ( 'NONE', #3213 ) ;
#530 = DIRECTION ( 'NONE',  ( 1.000000000000000000, 0.0000000000000000000, 1.668003342285391600E-016 ) ) ;
#531 = ORIENTED_EDGE ( 'NONE', *, *, #1734, .T. ) ;
#532 = DIRECTION ( 'NONE',  ( 0.0000000000000000000, -1.000000000000000000, 0.0000000000000000000 ) ) ;
#533 = CARTESIAN_POINT ( 'NONE',  ( 0.1399999999999995400, 0.05000000000000000300, 0.5000000000000000000 ) ) ;
#534 = AXIS2_PLACEMENT_3D ( 'NONE', #2096, #2378, #298 ) ;
#535 = VERTEX_POINT ( 'NONE', #2319 ) ;
#536 = DIRECTION ( 'NONE',  ( 0.0000000000000000000, 0.0000000000000000000, -1.000000000000000000 ) ) ;
#537 = DIRECTION ( 'NONE',  ( -0.0000000000000000000, -1.000000000000000000, -0.0000000000000000000 ) ) ;
#538 = EDGE_CURVE ( 'NONE', #1631, #2444, #2341, .T. ) ;
#539 = ORIENTED_EDGE ( 'NONE', *, *, #1692, .T. ) ;
#540 = VERTEX_POINT ( 'NONE', #1467 ) ;
#541 = LINE ( 'NONE', #413, #276 ) ;
#542 = AXIS2_PLACEMENT_3D ( 'NONE', #2117, #2086, #2386 ) ;
#543 = CARTESIAN_POINT ( 'NONE',  ( -0.1399999999999995400, 0.05000000000000000300, 0.5000000000000000000 ) ) ;
#544 = FILL_AREA_STYLE_COLOUR ( '', #1477 ) ;
#545 = PLANE ( 'NONE',  #1305 ) ;
#546 = ORIENTED_EDGE ( 'NONE', *, *, #3402, .T. ) ;
#547 = SURFACE_SIDE_STYLE ('',( #379 ) ) ;
#548 = DIRECTION ( 'NONE',  ( 0.0000000000000000000, -1.000000000000000000, 0.0000000000000000000 ) ) ;
#549 = CARTESIAN_POINT ( 'NONE',  ( -0.3600000000000003800, 0.05000000000000000300, 0.5000000000000000000 ) ) ;
#550 = DIRECTION ( 'NONE',  ( 0.0000000000000000000, 0.0000000000000000000, -1.000000000000000000 ) ) ;
#551 = LINE ( 'NONE', #97, #2838 ) ;
#552 = EDGE_CURVE ( 'NONE', #3381, #1346, #207, .T. ) ;
#553 = LINE ( 'NONE', #1034, #1823 ) ;
#554 = VECTOR ( 'NONE', #2829, 1000.000000000000000 ) ;
#555 = ORIENTED_EDGE ( 'NONE', *, *, #2054, .T. ) ;
#556 = ADVANCED_FACE ( 'NONE', ( #1739 ), #273, .T. ) ;
#557 = VECTOR ( 'NONE', #3022, 1000.000000000000000 ) ;
#558 = VECTOR ( 'NONE', #1291, 1000.000000000000000 ) ;
#559 = EDGE_LOOP ( 'NONE', ( #2793, #1238, #3268, #756 ) ) ;
#560 = CARTESIAN_POINT ( 'NONE',  ( -0.3100000000000003900, 0.05000000000000000300, -0.5000000000000000000 ) ) ;
#561 = CARTESIAN_POINT ( 'NONE',  ( 0.5000000000000000000, 0.06000000000000020600, -0.3750000000000000600 ) ) ;
#562 = PLANE ( 'NONE',  #2373 ) ;
#563 = VECTOR ( 'NONE', #626, 1000.000000000000000 ) ;
#564 = VERTEX_POINT ( 'NONE', #2367 ) ;
#565 = VECTOR ( 'NONE', #2856, 1000.000000000000000 ) ;
#566 = FACE_OUTER_BOUND ( 'NONE', #3178, .T. ) ;
#567 = FILL_AREA_STYLE_COLOUR ( '', #1838 ) ;
#568 = FACE_OUTER_BOUND ( 'NONE', #1755, .T. ) ;
#569 = ORIENTED_EDGE ( 'NONE', *, *, #2041, .T. ) ;
#570 = CARTESIAN_POINT ( 'NONE',  ( 0.3600000000000003800, 0.0000000000000000000, -0.5000000000000000000 ) ) ;
#571 = VERTEX_POINT ( 'NONE', #607 ) ;
#572 = CARTESIAN_POINT ( 'NONE',  ( 0.3600000000000003800, 0.05000000000000000300, 0.6999999999999999600 ) ) ;
#573 = PLANE ( 'NONE',  #3069 ) ;
#574 = CARTESIAN_POINT ( 'NONE',  ( 0.1400000000000004900, -0.05000000000000000300, -0.7000000000000001800 ) ) ;
#575 = LINE ( 'NONE', #1779, #2257 ) ;
#576 = DIRECTION ( 'NONE',  ( 0.0000000000000000000, 0.0000000000000000000, 1.000000000000000000 ) ) ;
#577 = LINE ( 'NONE', #2556, #1283 ) ;
#578 = ORIENTED_EDGE ( 'NONE', *, *, #648, .F. ) ;
#579 = DIRECTION ( 'NONE',  ( 0.0000000000000000000, -1.000000000000000000, 0.0000000000000000000 ) ) ;
#580 = CARTESIAN_POINT ( 'NONE',  ( -0.1899999999999995900, 0.0000000000000000000, 0.5000000000000000000 ) ) ;
#581 = EDGE_LOOP ( 'NONE', ( #3644, #2448, #1857, #3166 ) ) ;
#582 = STYLED_ITEM ( 'NONE', ( #2285 ), #2436 ) ;
#583 = CARTESIAN_POINT ( 'NONE',  ( 0.1400000000000007100, -0.05000000000000000300, -0.5000000000000002200 ) ) ;
#584 = LINE ( 'NONE', #1872, #50 ) ;
#585 = ORIENTED_EDGE ( 'NONE', *, *, #1610, .T. ) ;
#586 = CARTESIAN_POINT ( 'NONE',  ( 0.1399999999999995400, 0.05000000000000000300, -0.6999999999999999600 ) ) ;
#587 = CARTESIAN_POINT ( 'NONE',  ( -0.5500000000000000400, 0.06000000000000024100, -0.2250000000000000600 ) ) ;
#588 = ORIENTED_EDGE ( 'NONE', *, *, #3627, .T. ) ;
#589 = CARTESIAN_POINT ( 'NONE',  ( 0.1899999999999995900, 0.05000000000000000300, -0.6999999999999999600 ) ) ;
#590 = AXIS2_PLACEMENT_3D ( 'NONE', #860, #536, #1801 ) ;
#591 = CARTESIAN_POINT ( 'NONE',  ( 0.3600000000000004900, -0.05000000000000000300, 0.7000000000000000700 ) ) ;
#592 = DIRECTION ( 'NONE',  ( -1.000000000000000000, 0.0000000000000000000, -0.0000000000000000000 ) ) ;
#593 = ORIENTED_EDGE ( 'NONE', *, *, #3117, .F. ) ;
#594 = CARTESIAN_POINT ( 'NONE',  ( -0.1899999999999995900, 0.05000000000000000300, -0.6999999999999999600 ) ) ;
#595 = CARTESIAN_POINT ( 'NONE',  ( 0.0000000000000000000, 0.05000000000000000300, 0.0000000000000000000 ) ) ;
#596 = AXIS2_PLACEMENT_3D ( 'NONE', #1057, #1356, #187 ) ;
#597 = VERTEX_POINT ( 'NONE', #2670 ) ;
#598 = PLANE ( 'NONE',  #138 ) ;
#599 = VECTOR ( 'NONE', #3246, 1000.000000000000000 ) ;
#600 = VECTOR ( 'NONE', #2337, 1000.000000000000000 ) ;
#601 = EDGE_CURVE ( 'NONE', #3688, #867, #1562, .T. ) ;
#602 = ORIENTED_EDGE ( 'NONE', *, *, #306, .F. ) ;
#603 = LINE ( 'NONE', #2890, #3698 ) ;
#604 = CARTESIAN_POINT ( 'NONE',  ( 0.1399999999999995400, 0.05000000000000000300, -0.5000000000000000000 ) ) ;
#605 = DIRECTION ( 'NONE',  ( 0.0000000000000000000, -1.000000000000000000, 0.0000000000000000000 ) ) ;
#606 = LINE ( 'NONE', #1567, #3604 ) ;
#607 = CARTESIAN_POINT ( 'NONE',  ( 0.5500000000000000400, 0.06000000000000022000, -0.2250000000000000600 ) ) ;
#608 = FILL_AREA_STYLE_COLOUR ( '', #3336 ) ;
#609 = CARTESIAN_POINT ( 'NONE',  ( 0.1399999999999995400, 0.05000000000000000300, 0.6999999999999999600 ) ) ;
#610 = CARTESIAN_POINT ( 'NONE',  ( -0.1400000000000003500, -0.05000000000000000300, -0.5000000000000002200 ) ) ;
#611 = EDGE_CURVE ( 'NONE', #1011, #1893, #1318, .T. ) ;
#612 = LINE ( 'NONE', #117, #3220 ) ;
#613 = CARTESIAN_POINT ( 'NONE',  ( -0.5500000000000000400, 0.06000000000000022000, -0.2250000000000000600 ) ) ;
#614 = VECTOR ( 'NONE', #1978, 1000.000000000000000 ) ;
#615 = VERTEX_POINT ( 'NONE', #2056 ) ;
#616 = VECTOR ( 'NONE', #932, 1000.000000000000000 ) ;
#617 = VECTOR ( 'NONE', #1898, 1000.000000000000000 ) ;
#618 = VERTEX_POINT ( 'NONE', #1761 ) ;
#619 = DIRECTION ( 'NONE',  ( -1.000000000000000000, 0.0000000000000000000, 2.956915015869557300E-016 ) ) ;
#620 = CARTESIAN_POINT ( 'NONE',  ( 0.1899999999999995600, 0.0000000000000000000, 0.5000000000000000000 ) ) ;
#621 = LINE ( 'NONE', #2441, #1322 ) ;
#622 = DIRECTION ( 'NONE',  ( -0.0000000000000000000, -1.000000000000000000, -0.0000000000000000000 ) ) ;
#623 = ADVANCED_FACE ( 'NONE', ( #3797 ), #875, .F. ) ;
#624 = DIRECTION ( 'NONE',  ( -0.0000000000000000000, -1.000000000000000000, -0.0000000000000000000 ) ) ;
#625 = DIRECTION ( 'NONE',  ( -1.000000000000000000, 0.0000000000000000000, -1.355252715606880500E-016 ) ) ;
#626 = DIRECTION ( 'NONE',  ( 0.0000000000000000000, 0.0000000000000000000, -1.000000000000000000 ) ) ;
#627 = VERTEX_POINT ( 'NONE', #8 ) ;
#628 = LINE ( 'NONE', #2379, #3719 ) ;
#629 = ORIENTED_EDGE ( 'NONE', *, *, #1546, .T. ) ;
#630 = VECTOR ( 'NONE', #3288, 1000.000000000000000 ) ;
#631 = LINE ( 'NONE', #3162, #3150 ) ;
#632 = ORIENTED_EDGE ( 'NONE', *, *, #538, .T. ) ;
#633 = CARTESIAN_POINT ( 'NONE',  ( 0.5000000000000000000, 0.01000000000000020100, -0.3750000000000000600 ) ) ;
#634 = VERTEX_POINT ( 'NONE', #2966 ) ;
#635 = DIRECTION ( 'NONE',  ( -0.0000000000000000000, -1.000000000000000000, -0.0000000000000000000 ) ) ;
#636 = CARTESIAN_POINT ( 'NONE',  ( -0.1899999999999995900, 0.0000000000000000000, 0.6999999999999999600 ) ) ;
#637 = ORIENTED_EDGE ( 'NONE', *, *, #1645, .T. ) ;
#638 = EDGE_CURVE ( 'NONE', #141, #1323, #2891, .T. ) ;
#639 = DIRECTION ( 'NONE',  ( 0.0000000000000000000, 0.0000000000000000000, 1.000000000000000000 ) ) ;
#640 = ORIENTED_EDGE ( 'NONE', *, *, #2406, .F. ) ;
#641 = CARTESIAN_POINT ( 'NONE',  ( -0.5000000000000000000, 0.01000000000000000200, 0.2250000000000000600 ) ) ;
#642 = ORIENTED_EDGE ( 'NONE', *, *, #1973, .F. ) ;
#643 = LINE ( 'NONE', #572, #3694 ) ;
#644 = CARTESIAN_POINT ( 'NONE',  ( 0.3600000000000001500, -0.05000000000000000300, 0.5000000000000001100 ) ) ;
#645 = DIRECTION ( 'NONE',  ( 0.0000000000000000000, -1.000000000000000000, 0.0000000000000000000 ) ) ;
#646 = DIRECTION ( 'NONE',  ( 0.0000000000000000000, 0.0000000000000000000, 1.000000000000000000 ) ) ;
#647 = VERTEX_POINT ( 'NONE', #3010 ) ;
#648 = EDGE_CURVE ( 'NONE', #3098, #309, #3706, .T. ) ;
#649 = AXIS2_PLACEMENT_3D ( 'NONE', #2989, #928, #1523 ) ;
#650 = VECTOR ( 'NONE', #2846, 1000.000000000000000 ) ;
#651 = VECTOR ( 'NONE', #871, 1000.000000000000000 ) ;
#652 = LINE ( 'NONE', #729, #67 ) ;
#653 = VECTOR ( 'NONE', #2269, 1000.000000000000000 ) ;
#654 = EDGE_CURVE ( 'NONE', #2500, #1797, #948, .T. ) ;
#655 = ORIENTED_EDGE ( 'NONE', *, *, #2241, .T. ) ;
#656 = FACE_OUTER_BOUND ( 'NONE', #975, .T. ) ;
#657 = DIRECTION ( 'NONE',  ( -0.0000000000000000000, 1.000000000000000000, 1.242314989306307100E-016 ) ) ;
#658 = DIRECTION ( 'NONE',  ( -0.0000000000000000000, -1.000000000000000000, -0.0000000000000000000 ) ) ;
#659 = FILL_AREA_STYLE_COLOUR ( '', #301 ) ;
#660 = EDGE_CURVE ( 'NONE', #799, #2488, #3092, .T. ) ;
#661 = VECTOR ( 'NONE', #2059, 1000.000000000000000 ) ;
#662 = ORIENTED_EDGE ( 'NONE', *, *, #674, .T. ) ;
#663 = PLANE ( 'NONE',  #2202 ) ;
#664 = DIRECTION ( 'NONE',  ( 0.0000000000000000000, 1.000000000000000000, -9.035018104045869500E-017 ) ) ;
#665 = ORIENTED_EDGE ( 'NONE', *, *, #674, .F. ) ;
#666 = DIRECTION ( 'NONE',  ( -1.000000000000000000, 0.0000000000000000000, -4.928191693115942600E-016 ) ) ;
#667 = ORIENTED_EDGE ( 'NONE', *, *, #1951, .F. ) ;
#668 = DIRECTION ( 'NONE',  ( -0.0000000000000000000, 0.0000000000000000000, 1.000000000000000000 ) ) ;
#669 = SURFACE_SIDE_STYLE ('',( #1666 ) ) ;
#670 = DIRECTION ( 'NONE',  ( 0.0000000000000000000, 0.0000000000000000000, -1.000000000000000000 ) ) ;
#671 = VECTOR ( 'NONE', #475, 1000.000000000000000 ) ;
#672 = VERTEX_POINT ( 'NONE', #3589 ) ;
#673 = CARTESIAN_POINT ( 'NONE',  ( -0.5000000000000000000, 0.06000000000000020600, -0.3750000000000000600 ) ) ;
#674 = EDGE_CURVE ( 'NONE', #564, #1061, #3325, .T. ) ;
#675 = STYLED_ITEM ( 'NONE', ( #1752 ), #1847 ) ;
#676 = VERTEX_POINT ( 'NONE', #591 ) ;
#677 = ORIENTED_EDGE ( 'NONE', *, *, #2799, .F. ) ;
#678 = EDGE_CURVE ( 'NONE', #540, #2779, #2015, .T. ) ;
#679 = DIRECTION ( 'NONE',  ( 1.000000000000000000, -0.0000000000000000000, -0.0000000000000000000 ) ) ;
#680 = CARTESIAN_POINT ( 'NONE',  ( 0.5000000000000000000, 0.009999999999999984600, 0.3750000000000000600 ) ) ;
#681 = VERTEX_POINT ( 'NONE', #1799 ) ;
#682 = DIRECTION ( 'NONE',  ( -1.000000000000000000, -0.0000000000000000000, -0.0000000000000000000 ) ) ;
#683 = CARTESIAN_POINT ( 'NONE',  ( 0.1399999999999995400, 0.05000000000000000300, -0.5000000000000000000 ) ) ;
#684 = ORIENTED_EDGE ( 'NONE', *, *, #3446, .F. ) ;
#685 = DIRECTION ( 'NONE',  ( 0.0000000000000000000, 1.000000000000000000, 0.0000000000000000000 ) ) ;
#686 = UNCERTAINTY_MEASURE_WITH_UNIT (LENGTH_MEASURE( 1.000000000000000100E-005 ), #2828, 'distance_accuracy_value', 'NONE');
#687 = EDGE_LOOP ( 'NONE', ( #2225, #1533, #1919, #2194, #3252, #3159, #47, #2160 ) ) ;
#688 = VECTOR ( 'NONE', #842, 1000.000000000000000 ) ;
#689 = DIRECTION ( 'NONE',  ( -1.000000000000000000, -0.0000000000000000000, -0.0000000000000000000 ) ) ;
#690 = VERTEX_POINT ( 'NONE', #1162 ) ;
#691 = ADVANCED_FACE ( 'NONE', ( #1228 ), #1493, .T. ) ;
#692 = EDGE_LOOP ( 'NONE', ( #3337, #3215, #330, #3820 ) ) ;
#693 = LINE ( 'NONE', #3466, #1866 ) ;
#694 = DIRECTION ( 'NONE',  ( 0.0000000000000000000, 9.035018104045869500E-017, 1.000000000000000000 ) ) ;
#695 = DIRECTION ( 'NONE',  ( -0.0000000000000000000, -0.0000000000000000000, -1.000000000000000000 ) ) ;
#696 = LINE ( 'NONE', #2507, #260 ) ;
#697 = ORIENTED_EDGE ( 'NONE', *, *, #3014, .T. ) ;
#698 = VECTOR ( 'NONE', #1548, 1000.000000000000000 ) ;
#699 = VECTOR ( 'NONE', #269, 1000.000000000000000 ) ;
#700 = VECTOR ( 'NONE', #537, 1000.000000000000000 ) ;
#701 = AXIS2_PLACEMENT_3D ( 'NONE', #41, #915, #2964 ) ;
#702 = VECTOR ( 'NONE', #670, 1000.000000000000000 ) ;
#703 = ORIENTED_EDGE ( 'NONE', *, *, #2158, .T. ) ;
#704 = FACE_OUTER_BOUND ( 'NONE', #2684, .T. ) ;
#705 = VECTOR ( 'NONE', #1778, 1000.000000000000000 ) ;
#706 = VERTEX_POINT ( 'NONE', #1227 ) ;
#707 = CARTESIAN_POINT ( 'NONE',  ( 0.5000000000000000000, 0.009999999999999984600, 0.3750000000000000600 ) ) ;
#708 =( LENGTH_UNIT ( ) NAMED_UNIT ( * ) SI_UNIT ( .MILLI., .METRE. ) );
#709 = DIRECTION ( 'NONE',  ( 2.574980159653073400E-015, 0.0000000000000000000, -1.000000000000000000 ) ) ;
#710 = CARTESIAN_POINT ( 'NONE',  ( 0.4000000000000000200, -0.05000000000000000300, -0.2999999999999998800 ) ) ;
#711 = ORIENTED_EDGE ( 'NONE', *, *, #3641, .F. ) ;
#712 = EDGE_CURVE ( 'NONE', #795, #383, #2297, .T. ) ;
#713 = VECTOR ( 'NONE', #3188, 1000.000000000000000 ) ;
#714 = PLANE ( 'NONE',  #853 ) ;
#715 = ORIENTED_EDGE ( 'NONE', *, *, #3538, .T. ) ;
#716 = LINE ( 'NONE', #3266, #2024 ) ;
#717 = FACE_OUTER_BOUND ( 'NONE', #3472, .T. ) ;
#718 = ORIENTED_EDGE ( 'NONE', *, *, #429, .T. ) ;
#719 = LINE ( 'NONE', #1183, #630 ) ;
#720 = VECTOR ( 'NONE', #3183, 1000.000000000000000 ) ;
#721 = SURFACE_STYLE_FILL_AREA ( #2868 ) ;
#722 = ORIENTED_EDGE ( 'NONE', *, *, #1333, .T. ) ;
#723 = CARTESIAN_POINT ( 'NONE',  ( -0.5000000000000000000, 0.06000000000000020600, -0.3750000000000000600 ) ) ;
#724 = CARTESIAN_POINT ( 'NONE',  ( 0.4000000000000000200, -0.05000000000000000300, 0.3000000000000001000 ) ) ;
#725 = DIRECTION ( 'NONE',  ( -0.0000000000000000000, 1.000000000000000000, -0.0000000000000000000 ) ) ;
#726 = VECTOR ( 'NONE', #3676, 1000.000000000000000 ) ;
#727 = CLOSED_SHELL ( 'NONE', ( #317, #1073, #2817, #936, #2524, #3279 ) ) ;
#728 = EDGE_CURVE ( 'NONE', #1496, #1619, #3511, .T. ) ;
#729 = CARTESIAN_POINT ( 'NONE',  ( 0.5000000000000000000, 0.01000000000000000200, 0.2250000000000000600 ) ) ;
#730 = DIRECTION ( 'NONE',  ( 0.0000000000000000000, 0.0000000000000000000, 1.000000000000000000 ) ) ;
#731 = VERTEX_POINT ( 'NONE', #2735 ) ;
#732 = DIRECTION ( 'NONE',  ( 0.7071067811865475700, 0.0000000000000000000, 0.7071067811865475700 ) ) ;
#733 = EDGE_LOOP ( 'NONE', ( #2632, #2924, #1856, #1584 ) ) ;
#734 = EDGE_CURVE ( 'NONE', #731, #2439, #1121, .T. ) ;
#735 = CARTESIAN_POINT ( 'NONE',  ( 0.4000000000000000200, -0.05000000000000000300, -0.2999999999999998800 ) ) ;
#736 = CARTESIAN_POINT ( 'NONE',  ( -0.5500000000000000400, 0.01000000000000020100, -0.3750000000000000600 ) ) ;
#737 = CARTESIAN_POINT ( 'NONE',  ( 0.5000000000000000000, 0.01000000000000021900, -0.2250000000000000600 ) ) ;
#738 = VERTEX_POINT ( 'NONE', #2164 ) ;
#739 = ADVANCED_FACE ( 'NONE', ( #2705 ), #2142, .F. ) ;
#740 = CARTESIAN_POINT ( 'NONE',  ( -0.1899999999999995900, 0.05000000000000000300, 0.6999999999999999600 ) ) ;
#741 = EDGE_LOOP ( 'NONE', ( #1942, #2188, #3163, #1205 ) ) ;
#742 = VECTOR ( 'NONE', #1222, 1000.000000000000000 ) ;
#743 = VERTEX_POINT ( 'NONE', #3309 ) ;
#744 = VECTOR ( 'NONE', #3006, 1000.000000000000000 ) ;
#745 = VECTOR ( 'NONE', #639, 1000.000000000000000 ) ;
#746 = LINE ( 'NONE', #1110, #3837 ) ;
#747 = ORIENTED_EDGE ( 'NONE', *, *, #3769, .F. ) ;
#748 = CARTESIAN_POINT ( 'NONE',  ( 0.5500000000000000400, 0.01000000000000000200, 0.2250000000000000600 ) ) ;
#749 = FACE_OUTER_BOUND ( 'NONE', #2882, .T. ) ;
#750 = DIRECTION ( 'NONE',  ( 0.0000000000000000000, -1.000000000000000000, 0.0000000000000000000 ) ) ;
#751 = EDGE_LOOP ( 'NONE', ( #2374, #316, #2610, #2124 ) ) ;
#752 = VECTOR ( 'NONE', #887, 1000.000000000000000 ) ;
#753 = DIRECTION ( 'NONE',  ( 0.0000000000000000000, 0.0000000000000000000, -1.000000000000000000 ) ) ;
#754 = CARTESIAN_POINT ( 'NONE',  ( -0.3100000000000003900, 0.05000000000000000300, -0.5000000000000000000 ) ) ;
#755 = VECTOR ( 'NONE', #2591, 1000.000000000000000 ) ;
#756 = ORIENTED_EDGE ( 'NONE', *, *, #2466, .T. ) ;
#757 = EDGE_CURVE ( 'NONE', #3686, #3147, #1920, .T. ) ;
#758 = VECTOR ( 'NONE', #3572, 1000.000000000000000 ) ;
#759 = EDGE_CURVE ( 'NONE', #676, #529, #3139, .T. ) ;
#760 = ADVANCED_FACE ( 'NONE', ( #3096 ), #2461, .F. ) ;
#761 = ORIENTED_EDGE ( 'NONE', *, *, #2276, .T. ) ;
#762 = CARTESIAN_POINT ( 'NONE',  ( -0.1899999999999995900, 0.05000000000000000300, -0.6999999999999999600 ) ) ;
#763 = DIRECTION ( 'NONE',  ( 1.000000000000000000, 0.0000000000000000000, 0.0000000000000000000 ) ) ;
#764 = DIRECTION ( 'NONE',  ( -1.000000000000000000, 0.0000000000000000000, 0.0000000000000000000 ) ) ;
#765 = LINE ( 'NONE', #1527, #3856 ) ;
#766 = EDGE_LOOP ( 'NONE', ( #1955, #2144, #1100, #435 ) ) ;
#767 = FACE_OUTER_BOUND ( 'NONE', #1846, .T. ) ;
#768 = DIRECTION ( 'NONE',  ( -1.355252715606880800E-016, 0.0000000000000000000, 1.000000000000000000 ) ) ;
#769 = PLANE ( 'NONE',  #5 ) ;
#770 = LINE ( 'NONE', #1405, #1659 ) ;
#771 = ORIENTED_EDGE ( 'NONE', *, *, #2578, .F. ) ;
#772 = AXIS2_PLACEMENT_3D ( 'NONE', #1033, #1290, #1300 ) ;
#773 = LINE ( 'NONE', #543, #1802 ) ;
#774 = PRESENTATION_STYLE_ASSIGNMENT (( #1642 ) ) ;
#775 = ORIENTED_EDGE ( 'NONE', *, *, #1410, .T. ) ;
#776 = EDGE_CURVE ( 'NONE', #2548, #1749, #2608, .T. ) ;
#777 = EDGE_LOOP ( 'NONE', ( #1646, #3552, #3682, #2568 ) ) ;
#778 = DIRECTION ( 'NONE',  ( -0.0000000000000000000, -1.242314989306307100E-016, -1.000000000000000000 ) ) ;
#779 = ADVANCED_FACE ( 'NONE', ( #3417 ), #70, .T. ) ;
#780 = EDGE_LOOP ( 'NONE', ( #715, #174, #191, #2893 ) ) ;
#781 = CARTESIAN_POINT ( 'NONE',  ( 0.3600000000000004900, 0.0000000000000000000, -0.7000000000000000700 ) ) ;
#782 = DIRECTION ( 'NONE',  ( -1.355252715606880800E-016, 0.0000000000000000000, 1.000000000000000000 ) ) ;
#783 = CARTESIAN_POINT ( 'NONE',  ( -0.5000000000000000000, 0.009999999999999984600, 0.3750000000000000600 ) ) ;
#784 = ORIENTED_EDGE ( 'NONE', *, *, #1692, .F. ) ;
#785 = ORIENTED_EDGE ( 'NONE', *, *, #28, .F. ) ;
#786 = DIRECTION ( 'NONE',  ( 0.0000000000000000000, -0.0000000000000000000, -1.000000000000000000 ) ) ;
#787 = DIRECTION ( 'NONE',  ( -0.0000000000000000000, 9.035018104045869500E-017, 1.000000000000000000 ) ) ;
#788 = LINE ( 'NONE', #2350, #1727 ) ;
#789 = LINE ( 'NONE', #1335, #1774 ) ;
#790 = EDGE_LOOP ( 'NONE', ( #1738, #2484, #3524, #1573 ) ) ;
#791 = VECTOR ( 'NONE', #778, 1000.000000000000000 ) ;
#792 = AXIS2_PLACEMENT_3D ( 'NONE', #3590, #287, #592 ) ;
#793 = DIRECTION ( 'NONE',  ( 0.0000000000000000000, 0.0000000000000000000, 1.000000000000000000 ) ) ;
#794 = FILL_AREA_STYLE_COLOUR ( '', #2621 ) ;
#795 = VERTEX_POINT ( 'NONE', #1540 ) ;
#796 = LINE ( 'NONE', #1954, #18 ) ;
#797 = LINE ( 'NONE', #2176, #2108 ) ;
#798 = ORIENTED_EDGE ( 'NONE', *, *, #1960, .F. ) ;
#799 = VERTEX_POINT ( 'NONE', #953 ) ;
#800 = ADVANCED_FACE ( 'NONE', ( #2805 ), #3039, .F. ) ;
#801 = VECTOR ( 'NONE', #2949, 1000.000000000000000 ) ;
#802 = LINE ( 'NONE', #1449, #2242 ) ;
#803 = ORIENTED_EDGE ( 'NONE', *, *, #1435, .T. ) ;
#804 = DIRECTION ( 'NONE',  ( 0.0000000000000000000, 0.0000000000000000000, 1.000000000000000000 ) ) ;
#805 = DIRECTION ( 'NONE',  ( 1.000000000000000000, 0.0000000000000000000, 0.0000000000000000000 ) ) ;
#806 = EDGE_CURVE ( 'NONE', #1087, #211, #3801, .T. ) ;
#807 = EDGE_CURVE ( 'NONE', #3732, #1612, #3001, .T. ) ;
#808 = FACE_OUTER_BOUND ( 'NONE', #2503, .T. ) ;
#809 = CARTESIAN_POINT ( 'NONE',  ( -0.5000000000000000000, 0.01000000000000000200, 0.2250000000000000600 ) ) ;
#810 = DIRECTION ( 'NONE',  ( -1.000000000000000000, 0.0000000000000000000, 0.0000000000000000000 ) ) ;
#811 = ORIENTED_EDGE ( 'NONE', *, *, #2722, .T. ) ;
#812 = DIRECTION ( 'NONE',  ( 1.000000000000000000, -0.0000000000000000000, -0.0000000000000000000 ) ) ;
#813 = VECTOR ( 'NONE', #438, 1000.000000000000000 ) ;
#814 = DIRECTION ( 'NONE',  ( -0.0000000000000000000, 1.000000000000000000, -0.0000000000000000000 ) ) ;
#815 = VERTEX_POINT ( 'NONE', #1827 ) ;
#816 = EDGE_CURVE ( 'NONE', #3055, #158, #2897, .T. ) ;
#817 = UNCERTAINTY_MEASURE_WITH_UNIT (LENGTH_MEASURE( 1.000000000000000100E-005 ), #708, 'distance_accuracy_value', 'NONE');
#818 = VERTEX_POINT ( 'NONE', #942 ) ;
#819 = VECTOR ( 'NONE', #2422, 1000.000000000000000 ) ;
#820 = CARTESIAN_POINT ( 'NONE',  ( 0.3600000000000003800, 0.05000000000000000300, 0.6999999999999999600 ) ) ;
#821 = VECTOR ( 'NONE', #3145, 1000.000000000000000 ) ;
#822 = ORIENTED_EDGE ( 'NONE', *, *, #103, .F. ) ;
#823 = DIRECTION ( 'NONE',  ( 0.0000000000000000000, -1.000000000000000000, -0.0000000000000000000 ) ) ;
#824 = SURFACE_SIDE_STYLE ('',( #2168 ) ) ;
#825 = EDGE_LOOP ( 'NONE', ( #255, #3076, #2336, #1947 ) ) ;
#826 = EDGE_CURVE ( 'NONE', #3181, #2362, #3712, .T. ) ;
#827 = PLANE ( 'NONE',  #1286 ) ;
#828 = ORIENTED_EDGE ( 'NONE', *, *, #734, .F. ) ;
#829 = CARTESIAN_POINT ( 'NONE',  ( -0.3100000000000003900, 0.0000000000000000000, 0.5000000000000000000 ) ) ;
#830 = DIRECTION ( 'NONE',  ( -0.0000000000000000000, -0.0000000000000000000, 1.000000000000000000 ) ) ;
#831 = DIRECTION ( 'NONE',  ( 1.000000000000000000, 0.0000000000000000000, 0.0000000000000000000 ) ) ;
#832 = PLANE ( 'NONE',  #3853 ) ;
#833 = ORIENTED_EDGE ( 'NONE', *, *, #210, .F. ) ;
#834 = CARTESIAN_POINT ( 'NONE',  ( -0.3600000000000000400, -0.05000000000000000300, 0.5000000000000000000 ) ) ;
#835 = EDGE_CURVE ( 'NONE', #1131, #1612, #621, .T. ) ;
#836 = LINE ( 'NONE', #3503, #63 ) ;
#837 = ORIENTED_EDGE ( 'NONE', *, *, #1985, .T. ) ;
#838 = EDGE_CURVE ( 'NONE', #2494, #2046, #427, .T. ) ;
#839 = LINE ( 'NONE', #23, #3127 ) ;
#840 = FACE_OUTER_BOUND ( 'NONE', #1581, .T. ) ;
#841 = LINE ( 'NONE', #29, #3749 ) ;
#842 = DIRECTION ( 'NONE',  ( -1.355252715606880800E-016, -0.0000000000000000000, -1.000000000000000000 ) ) ;
#843 = CARTESIAN_POINT ( 'NONE',  ( -0.5500000000000000400, 0.01000000000000020100, -0.3750000000000000600 ) ) ;
#844 = DIRECTION ( 'NONE',  ( 0.0000000000000000000, 0.0000000000000000000, -1.000000000000000000 ) ) ;
#845 = CARTESIAN_POINT ( 'NONE',  ( -0.1399999999999995400, -0.05000000000000000300, 0.6999999999999999600 ) ) ;
#846 = ORIENTED_EDGE ( 'NONE', *, *, #1278, .T. ) ;
#847 = MECHANICAL_DESIGN_GEOMETRIC_PRESENTATION_REPRESENTATION (  '', ( #1192 ), #2042 ) ;
#848 = CLOSED_SHELL ( 'NONE', ( #779, #859, #3540, #1201, #2387, #1820 ) ) ;
#849 = VECTOR ( 'NONE', #1194, 1000.000000000000000 ) ;
#850 = CARTESIAN_POINT ( 'NONE',  ( 0.1899999999999995600, 0.05000000000000000300, -0.5000000000000000000 ) ) ;
#851 = EDGE_LOOP ( 'NONE', ( #6, #239, #3028, #1765 ) ) ;
#852 = PRESENTATION_LAYER_ASSIGNMENT (  '', '', ( #119 ) ) ;
#853 = AXIS2_PLACEMENT_3D ( 'NONE', #1037, #685, #2780 ) ;
#854 = DIRECTION ( 'NONE',  ( 0.0000000000000000000, 0.0000000000000000000, 1.000000000000000000 ) ) ;
#855 = CARTESIAN_POINT ( 'NONE',  ( 0.3600000000000004900, -0.05000000000000000300, 0.7000000000000000700 ) ) ;
#856 = CARTESIAN_POINT ( 'NONE',  ( 0.5000000000000000000, 0.01000000000000000200, 0.2250000000000000600 ) ) ;
#857 = EDGE_CURVE ( 'NONE', #815, #1496, #1412, .T. ) ;
#858 = ORIENTED_EDGE ( 'NONE', *, *, #2736, .T. ) ;
#859 = ADVANCED_FACE ( 'NONE', ( #2122 ), #3023, .T. ) ;
#860 = CARTESIAN_POINT ( 'NONE',  ( 0.3600000000000003800, 0.05000000000000000300, 0.5000000000000000000 ) ) ;
#861 = LINE ( 'NONE', #318, #2717 ) ;
#862 = CARTESIAN_POINT ( 'NONE',  ( 0.3600000000000003800, 0.05000000000000000300, -0.6999999999999999600 ) ) ;
#863 = ORIENTED_EDGE ( 'NONE', *, *, #1021, .T. ) ;
#864 = FACE_OUTER_BOUND ( 'NONE', #3207, .T. ) ;
#865 = EDGE_CURVE ( 'NONE', #2, #124, #2527, .T. ) ;
#866 = DIRECTION ( 'NONE',  ( -0.0000000000000000000, 1.000000000000000000, -0.0000000000000000000 ) ) ;
#867 = VERTEX_POINT ( 'NONE', #1884 ) ;
#868 = ORIENTED_EDGE ( 'NONE', *, *, #1108, .F. ) ;
#869 =( NAMED_UNIT ( * ) PLANE_ANGLE_UNIT ( ) SI_UNIT ( $, .RADIAN. ) );
#870 = PLANE ( 'NONE',  #281 ) ;
#871 = DIRECTION ( 'NONE',  ( -1.000000000000000000, 0.0000000000000000000, 0.0000000000000000000 ) ) ;
#872 = AXIS2_PLACEMENT_3D ( 'NONE', #1650, #3729, #3716 ) ;
#873 = FACE_OUTER_BOUND ( 'NONE', #456, .T. ) ;
#874 = ORIENTED_EDGE ( 'NONE', *, *, #1597, .F. ) ;
#875 = PLANE ( 'NONE',  #3502 ) ;
#876 = CARTESIAN_POINT ( 'NONE',  ( -0.5500000000000000400, 0.0000000000000000000, -0.6999999999999999600 ) ) ;
#877 =( NAMED_UNIT ( * ) PLANE_ANGLE_UNIT ( ) SI_UNIT ( $, .RADIAN. ) );
#878 = EDGE_CURVE ( 'NONE', #1773, #113, #2755, .T. ) ;
#879 = ORIENTED_EDGE ( 'NONE', *, *, #1360, .F. ) ;
#880 = ORIENTED_EDGE ( 'NONE', *, *, #2787, .F. ) ;
#881 = EDGE_CURVE ( 'NONE', #799, #2455, #1085, .T. ) ;
#882 = EDGE_CURVE ( 'NONE', #1454, #1157, #1996, .T. ) ;
#883 = AXIS2_PLACEMENT_3D ( 'NONE', #234, #3488, #1063 ) ;
#884 = DIRECTION ( 'NONE',  ( -1.000000000000000000, 0.0000000000000000000, 0.0000000000000000000 ) ) ;
#885 = CARTESIAN_POINT ( 'NONE',  ( 0.5000000000000000000, 0.01000000000000000200, 0.2250000000000000600 ) ) ;
#886 = ORIENTED_EDGE ( 'NONE', *, *, #3182, .T. ) ;
#887 = DIRECTION ( 'NONE',  ( -1.000000000000000000, 0.0000000000000000000, 0.0000000000000000000 ) ) ;
#888 = PLANE ( 'NONE',  #2908 ) ;
#889 = ORIENTED_EDGE ( 'NONE', *, *, #3495, .F. ) ;
#890 = CARTESIAN_POINT ( 'NONE',  ( -0.5500000000000000400, 0.01000000000000000200, 0.2250000000000000600 ) ) ;
#891 = DIRECTION ( 'NONE',  ( -0.0000000000000000000, -0.0000000000000000000, -1.000000000000000000 ) ) ;
#892 = EDGE_LOOP ( 'NONE', ( #2119, #2390, #219, #833 ) ) ;
#893 = EDGE_CURVE ( 'NONE', #1990, #89, #3204, .T. ) ;
#894 = FACE_OUTER_BOUND ( 'NONE', #2520, .T. ) ;
#895 = ORIENTED_EDGE ( 'NONE', *, *, #3250, .F. ) ;
#896 = DIRECTION ( 'NONE',  ( -1.355252715606880800E-016, 0.0000000000000000000, 1.000000000000000000 ) ) ;
#897 = ORIENTED_EDGE ( 'NONE', *, *, #2080, .T. ) ;
#898 = VECTOR ( 'NONE', #1128, 1000.000000000000000 ) ;
#899 = CARTESIAN_POINT ( 'NONE',  ( -0.3600000000000003800, 0.05000000000000000300, -0.6999999999999999600 ) ) ;
#900 = CARTESIAN_POINT ( 'NONE',  ( 0.3100000000000003900, 0.05000000000000000300, -0.5000000000000000000 ) ) ;
#901 = CARTESIAN_POINT ( 'NONE',  ( -0.3100000000000003900, 0.05000000000000000300, 0.6999999999999999600 ) ) ;
#902 = PLANE ( 'NONE',  #701 ) ;
#903 = FACE_OUTER_BOUND ( 'NONE', #1265, .T. ) ;
#904 = ORIENTED_EDGE ( 'NONE', *, *, #1042, .F. ) ;
#905 = DIRECTION ( 'NONE',  ( 0.0000000000000000000, 0.0000000000000000000, 1.000000000000000000 ) ) ;
#906 = LINE ( 'NONE', #3544, #514 ) ;
#907 = CARTESIAN_POINT ( 'NONE',  ( 0.0000000000000000000, -0.05000000000000000300, 0.0000000000000000000 ) ) ;
#908 = FACE_BOUND ( 'NONE', #692, .T. ) ;
#909 = ORIENTED_EDGE ( 'NONE', *, *, #3868, .F. ) ;
#910 = CARTESIAN_POINT ( 'NONE',  ( 0.5500000000000000400, 0.06000000000000020600, -0.3750000000000000600 ) ) ;
#911 = AXIS2_PLACEMENT_3D ( 'NONE', #3280, #905, #2070 ) ;
#912 = LINE ( 'NONE', #2726, #1473 ) ;
#913 = ORIENTED_EDGE ( 'NONE', *, *, #3343, .F. ) ;
#914 = FACE_OUTER_BOUND ( 'NONE', #3802, .T. ) ;
#915 = DIRECTION ( 'NONE',  ( 4.928191693115942600E-016, 0.0000000000000000000, -1.000000000000000000 ) ) ;
#916 = EDGE_LOOP ( 'NONE', ( #986, #3084, #3377, #133 ) ) ;
#917 = VECTOR ( 'NONE', #2942, 1000.000000000000000 ) ;
#918 = CARTESIAN_POINT ( 'NONE',  ( 0.5000000000000000000, 0.009999999999999984600, 0.3750000000000000600 ) ) ;
#919 = CARTESIAN_POINT ( 'NONE',  ( -0.3600000000000003800, 0.05000000000000000300, -0.5000000000000000000 ) ) ;
#920 = DIRECTION ( 'NONE',  ( 0.0000000000000000000, -1.000000000000000000, -0.0000000000000000000 ) ) ;
#921 = VECTOR ( 'NONE', #763, 1000.000000000000000 ) ;
#922 = PRODUCT_DEFINITION_CONTEXT ( 'detailed design', #1365, 'design' ) ;
#923 = VERTEX_POINT ( 'NONE', #723 ) ;
#924 = EDGE_CURVE ( 'NONE', #2429, #2046, #2260, .T. ) ;
#925 = CARTESIAN_POINT ( 'NONE',  ( 0.0000000000000000000, 0.0000000000000000000, 0.0000000000000000000 ) ) ;
#926 = VECTOR ( 'NONE', #393, 1000.000000000000000 ) ;
#927 = PLANE ( 'NONE',  #272 ) ;
#928 = DIRECTION ( 'NONE',  ( 0.0000000000000000000, -1.000000000000000000, 0.0000000000000000000 ) ) ;
#929 = VERTEX_POINT ( 'NONE', #3112 ) ;
#930 = DIRECTION ( 'NONE',  ( 1.355252715606880800E-016, 0.0000000000000000000, 1.000000000000000000 ) ) ;
#931 = AXIS2_PLACEMENT_3D ( 'NONE', #2368, #579, #2658 ) ;
#932 = DIRECTION ( 'NONE',  ( -1.219727444046192700E-015, 0.0000000000000000000, 1.000000000000000000 ) ) ;
#933 = ORIENTED_EDGE ( 'NONE', *, *, #2674, .T. ) ;
#934 = DIRECTION ( 'NONE',  ( 0.0000000000000000000, -0.0000000000000000000, -1.000000000000000000 ) ) ;
#935 = VERTEX_POINT ( 'NONE', #1324 ) ;
#936 = ADVANCED_FACE ( 'NONE', ( #717 ), #3382, .T. ) ;
#937 = EDGE_CURVE ( 'NONE', #400, #1860, #3806, .T. ) ;
#938 = VERTEX_POINT ( 'NONE', #1938 ) ;
#939 = CARTESIAN_POINT ( 'NONE',  ( 0.5500000000000000400, 0.0000000000000000000, 0.6999999999999998400 ) ) ;
#940 = FACE_OUTER_BOUND ( 'NONE', #2965, .T. ) ;
#941 = LINE ( 'NONE', #583, #3407 ) ;
#942 = CARTESIAN_POINT ( 'NONE',  ( -0.3600000000000000400, -0.05000000000000000300, 0.5000000000000000000 ) ) ;
#943 = CARTESIAN_POINT ( 'NONE',  ( -0.3600000000000003800, -0.05000000000000000300, 0.6999999999999999600 ) ) ;
#944 = EDGE_CURVE ( 'NONE', #2149, #1157, #2211, .T. ) ;
#945 = ORIENTED_EDGE ( 'NONE', *, *, #964, .T. ) ;
#946 = VECTOR ( 'NONE', #725, 1000.000000000000000 ) ;
#947 = ORIENTED_EDGE ( 'NONE', *, *, #1014, .F. ) ;
#948 = LINE ( 'NONE', #3854, #424 ) ;
#949 = AXIS2_PLACEMENT_3D ( 'NONE', #3456, #2251, #3755 ) ;
#950 = ORIENTED_EDGE ( 'NONE', *, *, #3244, .T. ) ;
#951 = CARTESIAN_POINT ( 'NONE',  ( 0.5500000000000000400, 0.3500000000000000300, -0.7000000000000000700 ) ) ;
#952 = VECTOR ( 'NONE', #3455, 1000.000000000000000 ) ;
#953 = CARTESIAN_POINT ( 'NONE',  ( 0.3600000000000003800, 0.05000000000000000300, 0.5000000000000000000 ) ) ;
#954 = SURFACE_SIDE_STYLE ('',( #2210 ) ) ;
#955 = CARTESIAN_POINT ( 'NONE',  ( -0.5000000000000000000, 0.06000000000000022000, -0.2250000000000000600 ) ) ;
#956 = EDGE_LOOP ( 'NONE', ( #3828, #3421, #798, #136 ) ) ;
#957 = VECTOR ( 'NONE', #2388, 1000.000000000000000 ) ;
#958 = EDGE_LOOP ( 'NONE', ( #3114, #3555, #2560, #2723 ) ) ;
#959 = LINE ( 'NONE', #192, #3235 ) ;
#960 = LINE ( 'NONE', #574, #40 ) ;
#961 = ORIENTED_EDGE ( 'NONE', *, *, #3845, .F. ) ;
#962 = CARTESIAN_POINT ( 'NONE',  ( -0.5000000000000000000, 0.0000000000000000000, 0.0000000000000000000 ) ) ;
#963 = EDGE_CURVE ( 'NONE', #2509, #1552, #1044, .T. ) ;
#964 = EDGE_CURVE ( 'NONE', #1962, #647, #2022, .T. ) ;
#965 = EDGE_LOOP ( 'NONE', ( #2581, #441, #2177, #1392 ) ) ;
#966 = DIRECTION ( 'NONE',  ( -1.000000000000000000, 0.0000000000000000000, 0.0000000000000000000 ) ) ;
#967 = PLANE ( 'NONE',  #3241 ) ;
#968 = CARTESIAN_POINT ( 'NONE',  ( -0.5000000000000000000, 0.01000000000000021900, -0.2250000000000000600 ) ) ;
#969 = ORIENTED_EDGE ( 'NONE', *, *, #1075, .T. ) ;
#970 = CARTESIAN_POINT ( 'NONE',  ( 0.5000000000000000000, 0.01000000000000000200, 0.2250000000000000600 ) ) ;
#971 = DIRECTION ( 'NONE',  ( 2.303929616531697300E-015, -0.0000000000000000000, 1.000000000000000000 ) ) ;
#972 = ORIENTED_EDGE ( 'NONE', *, *, #76, .T. ) ;
#973 = DIRECTION ( 'NONE',  ( -1.000000000000000000, 0.0000000000000000000, 0.0000000000000000000 ) ) ;
#974 = AXIS2_PLACEMENT_3D ( 'NONE', #2179, #1907, #3699 ) ;
#975 = EDGE_LOOP ( 'NONE', ( #2831, #904, #822, #3826 ) ) ;
#976 = DIRECTION ( 'NONE',  ( 1.000000000000000000, -0.0000000000000000000, 0.0000000000000000000 ) ) ;
#977 = CARTESIAN_POINT ( 'NONE',  ( 0.5500000000000000400, 0.01000000000000021900, -0.2250000000000000600 ) ) ;
#978 = CARTESIAN_POINT ( 'NONE',  ( 0.3600000000000003800, 0.05000000000000000300, 0.6999999999999999600 ) ) ;
#979 = ORIENTED_EDGE ( 'NONE', *, *, #2941, .F. ) ;
#980 = EDGE_CURVE ( 'NONE', #1521, #1665, #3304, .T. ) ;
#981 = AXIS2_PLACEMENT_3D ( 'NONE', #3295, #2694, #1537 ) ;
#982 = CARTESIAN_POINT ( 'NONE',  ( 0.3100000000000003900, 0.0000000000000000000, 0.5000000000000001100 ) ) ;
#983 = EDGE_LOOP ( 'NONE', ( #3782, #2497, #2300, #3307 ) ) ;
#984 = DIRECTION ( 'NONE',  ( -0.0000000000000000000, 1.242314989306307100E-016, -1.000000000000000000 ) ) ;
#985 = VECTOR ( 'NONE', #2053, 1000.000000000000000 ) ;
#986 = ORIENTED_EDGE ( 'NONE', *, *, #102, .F. ) ;
#987 = LINE ( 'NONE', #3152, #1074 ) ;
#988 = ORIENTED_EDGE ( 'NONE', *, *, #3480, .T. ) ;
#989 = CARTESIAN_POINT ( 'NONE',  ( -0.5500000000000000400, 0.3500000000000000300, 0.7000000000000001800 ) ) ;
#990 = LINE ( 'NONE', #549, #2189 ) ;
#991 = CARTESIAN_POINT ( 'NONE',  ( -0.3100000000000003900, 0.05000000000000000300, -0.6999999999999999600 ) ) ;
#992 = CARTESIAN_POINT ( 'NONE',  ( 0.3100000000000003900, 0.05000000000000000300, -0.6999999999999999600 ) ) ;
#993 = LINE ( 'NONE', #1505, #801 ) ;
#994 = CARTESIAN_POINT ( 'NONE',  ( -0.5000000000000000000, 0.01000000000000020100, -0.3750000000000000600 ) ) ;
#995 = EDGE_CURVE ( 'NONE', #1612, #2261, #3380, .T. ) ;
#996 = FACE_OUTER_BOUND ( 'NONE', #965, .T. ) ;
#997 = ORIENTED_EDGE ( 'NONE', *, *, #1882, .T. ) ;
#998 = VECTOR ( 'NONE', #3561, 1000.000000000000000 ) ;
#999 = DIRECTION ( 'NONE',  ( -1.000000000000000000, 0.0000000000000000000, 0.0000000000000000000 ) ) ;
#1000 = ADVANCED_FACE ( 'NONE', ( #1713 ), #1924, .F. ) ;
#1001 = AXIS2_PLACEMENT_3D ( 'NONE', #3871, #548, #27 ) ;
#1002 = EDGE_LOOP ( 'NONE', ( #1578, #216, #406, #662 ) ) ;
#1003 = DIRECTION ( 'NONE',  ( 1.000000000000000000, -0.0000000000000000000, -2.956915015869557300E-016 ) ) ;
#1004 = ORIENTED_EDGE ( 'NONE', *, *, #2474, .F. ) ;
#1005 = DIRECTION ( 'NONE',  ( -0.0000000000000000000, -1.000000000000000000, -0.0000000000000000000 ) ) ;
#1006 = AXIS2_PLACEMENT_3D ( 'NONE', #1500, #3582, #1789 ) ;
#1007 = CARTESIAN_POINT ( 'NONE',  ( -0.3100000000000003900, 0.0000000000000000000, -0.5000000000000002200 ) ) ;
#1008 = VECTOR ( 'NONE', #805, 1000.000000000000000 ) ;
#1009 = CARTESIAN_POINT ( 'NONE',  ( -0.4000000000000000200, -0.0000000000000000000, -0.1499999999999999900 ) ) ;
#1010 = FACE_OUTER_BOUND ( 'NONE', #741, .T. ) ;
#1011 = VERTEX_POINT ( 'NONE', #1605 ) ;
#1012 = VECTOR ( 'NONE', #16, 1000.000000000000000 ) ;
#1013 = FACE_OUTER_BOUND ( 'NONE', #777, .T. ) ;
#1014 = EDGE_CURVE ( 'NONE', #3709, #1491, #164, .T. ) ;
#1015 = CARTESIAN_POINT ( 'NONE',  ( -0.3600000000000003800, 0.05000000000000000300, 0.6999999999999999600 ) ) ;
#1016 = EDGE_CURVE ( 'NONE', #1782, #3584, #3630, .T. ) ;
#1017 = ORIENTED_EDGE ( 'NONE', *, *, #352, .T. ) ;
#1018 = VECTOR ( 'NONE', #1595, 1000.000000000000000 ) ;
#1019 = ORIENTED_EDGE ( 'NONE', *, *, #3641, .T. ) ;
#1020 = PLANE ( 'NONE',  #1373 ) ;
#1021 = EDGE_CURVE ( 'NONE', #2064, #681, #51, .T. ) ;
#1022 = DIRECTION ( 'NONE',  ( -0.0000000000000000000, 1.000000000000000000, -0.0000000000000000000 ) ) ;
#1023 = PLANE ( 'NONE',  #772 ) ;
#1024 = ORIENTED_EDGE ( 'NONE', *, *, #3769, .T. ) ;
#1025 = DIRECTION ( 'NONE',  ( 0.0000000000000000000, -0.0000000000000000000, -1.000000000000000000 ) ) ;
#1026 = CARTESIAN_POINT ( 'NONE',  ( 0.3600000000000001500, -0.05000000000000000300, -0.5000000000000001100 ) ) ;
#1027 = ORIENTED_EDGE ( 'NONE', *, *, #243, .F. ) ;
#1028 = DIRECTION ( 'NONE',  ( 0.0000000000000000000, 0.0000000000000000000, -1.000000000000000000 ) ) ;
#1029 = ORIENTED_EDGE ( 'NONE', *, *, #2229, .T. ) ;
#1030 = FACE_BOUND ( 'NONE', #2446, .T. ) ;
#1031 = LINE ( 'NONE', #1, #235 ) ;
#1032 = ORIENTED_EDGE ( 'NONE', *, *, #2864, .F. ) ;
#1033 = CARTESIAN_POINT ( 'NONE',  ( -0.1399999999999995400, -0.05000000000000000300, 0.6999999999999999600 ) ) ;
#1034 = CARTESIAN_POINT ( 'NONE',  ( 0.1899999999999995900, 0.0000000000000000000, 0.6999999999999999600 ) ) ;
#1035 = VECTOR ( 'NONE', #605, 1000.000000000000000 ) ;
#1036 = AXIS2_PLACEMENT_3D ( 'NONE', #1831, #2133, #2420 ) ;
#1037 = CARTESIAN_POINT ( 'NONE',  ( 0.0000000000000000000, 0.05000000000000000300, 0.0000000000000000000 ) ) ;
#1038 = CARTESIAN_POINT ( 'NONE',  ( 0.1399999999999995400, 0.05000000000000000300, 0.6999999999999999600 ) ) ;
#1039 = ORIENTED_EDGE ( 'NONE', *, *, #2618, .T. ) ;
#1040 = VECTOR ( 'NONE', #3700, 1000.000000000000000 ) ;
#1041 = DIRECTION ( 'NONE',  ( 0.7071067811865474600, 0.0000000000000000000, -0.7071067811865474600 ) ) ;
#1042 = EDGE_CURVE ( 'NONE', #1087, #1378, #2050, .T. ) ;
#1043 = ORIENTED_EDGE ( 'NONE', *, *, #2635, .F. ) ;
#1044 = LINE ( 'NONE', #3099, #3224 ) ;
#1045 = ORIENTED_EDGE ( 'NONE', *, *, #352, .F. ) ;
#1046 = DIRECTION ( 'NONE',  ( 0.0000000000000000000, 1.242314989306307100E-016, -1.000000000000000000 ) ) ;
#1047 = CARTESIAN_POINT ( 'NONE',  ( 0.5500000000000000400, 0.0000000000000000000, -0.7000000000000000700 ) ) ;
#1048 = ORIENTED_EDGE ( 'NONE', *, *, #243, .T. ) ;
#1049 = FACE_OUTER_BOUND ( 'NONE', #1911, .T. ) ;
#1050 = ORIENTED_EDGE ( 'NONE', *, *, #2871, .T. ) ;
#1051 = VECTOR ( 'NONE', #190, 1000.000000000000000 ) ;
#1052 = VERTEX_POINT ( 'NONE', #468 ) ;
#1053 = CARTESIAN_POINT ( 'NONE',  ( 0.5500000000000000400, 0.01000000000000020100, -0.3750000000000000600 ) ) ;
#1054 = CARTESIAN_POINT ( 'NONE',  ( -0.5500000000000000400, 0.01000000000000021900, -0.2250000000000000600 ) ) ;
#1055 = ORIENTED_EDGE ( 'NONE', *, *, #759, .F. ) ;
#1056 = EDGE_CURVE ( 'NONE', #634, #101, #3359, .T. ) ;
#1057 = CARTESIAN_POINT ( 'NONE',  ( -0.1399999999999995400, 0.05000000000000000300, -0.6999999999999999600 ) ) ;
#1058 = CARTESIAN_POINT ( 'NONE',  ( -0.5500000000000000400, 0.0000000000000000000, 0.7000000000000001800 ) ) ;
#1059 = CARTESIAN_POINT ( 'NONE',  ( 0.5000000000000000000, 0.06000000000000000500, 0.2250000000000000600 ) ) ;
#1060 = ORIENTED_EDGE ( 'NONE', *, *, #1553, .F. ) ;
#1061 = VERTEX_POINT ( 'NONE', #1667 ) ;
#1062 = EDGE_CURVE ( 'NONE', #42, #3234, #2458, .T. ) ;
#1063 = DIRECTION ( 'NONE',  ( 0.0000000000000000000, -9.035018104045869500E-017, 1.000000000000000000 ) ) ;
#1064 = ORIENTED_EDGE ( 'NONE', *, *, #2660, .F. ) ;
#1065 = AXIS2_PLACEMENT_3D ( 'NONE', #95, #2752, #394 ) ;
#1066 = DIRECTION ( 'NONE',  ( 1.000000000000000000, -0.0000000000000000000, 4.928191693115928800E-016 ) ) ;
#1067 = CARTESIAN_POINT ( 'NONE',  ( -0.3600000000000003800, 0.0000000000000000000, 0.5000000000000000000 ) ) ;
#1068 = ORIENTED_EDGE ( 'NONE', *, *, #882, .F. ) ;
#1069 = ORIENTED_EDGE ( 'NONE', *, *, #3435, .T. ) ;
#1070 = CARTESIAN_POINT ( 'NONE',  ( -0.5500000000000000400, 0.0000000000000000000, 0.7000000000000001800 ) ) ;
#1071 = FACE_OUTER_BOUND ( 'NONE', #454, .T. ) ;
#1072 = VECTOR ( 'NONE', #971, 1000.000000000000000 ) ;
#1073 = ADVANCED_FACE ( 'NONE', ( #1353 ), #545, .T. ) ;
#1074 = VECTOR ( 'NONE', #2550, 1000.000000000000000 ) ;
#1075 = EDGE_CURVE ( 'NONE', #3773, #1437, #152, .T. ) ;
#1076 = CARTESIAN_POINT ( 'NONE',  ( -0.3600000000000003800, -0.05000000000000000300, 0.6999999999999999600 ) ) ;
#1077 = VECTOR ( 'NONE', #1763, 1000.000000000000000 ) ;
#1078 = DIRECTION ( 'NONE',  ( 0.0000000000000000000, -1.000000000000000000, 0.0000000000000000000 ) ) ;
#1079 = DIRECTION ( 'NONE',  ( -0.0000000000000000000, 0.0000000000000000000, -1.000000000000000000 ) ) ;
#1080 = CARTESIAN_POINT ( 'NONE',  ( -0.5000000000000000000, 0.01000000000000021900, -0.2250000000000000600 ) ) ;
#1081 = EDGE_CURVE ( 'NONE', #3367, #1994, #2553, .T. ) ;
#1082 = ORIENTED_EDGE ( 'NONE', *, *, #215, .T. ) ;
#1083 = CARTESIAN_POINT ( 'NONE',  ( -0.5500000000000000400, 0.009999999999999984600, 0.3750000000000000600 ) ) ;
#1084 = ORIENTED_EDGE ( 'NONE', *, *, #3689, .F. ) ;
#1085 = LINE ( 'NONE', #1273, #294 ) ;
#1086 = EDGE_CURVE ( 'NONE', #3852, #1310, #1958, .T. ) ;
#1087 = VERTEX_POINT ( 'NONE', #2343 ) ;
#1088 = FACE_OUTER_BOUND ( 'NONE', #2537, .T. ) ;
#1089 = EDGE_LOOP ( 'NONE', ( #1112, #291, #1849, #2239 ) ) ;
#1090 = ADVANCED_FACE ( 'NONE', ( #1775 ), #199, .F. ) ;
#1091 = ORIENTED_EDGE ( 'NONE', *, *, #1875, .F. ) ;
#1092 = VECTOR ( 'NONE', #2701, 1000.000000000000000 ) ;
#1093 = SURFACE_STYLE_FILL_AREA ( #444 ) ;
#1094 = ORIENTED_EDGE ( 'NONE', *, *, #3811, .F. ) ;
#1095 = AXIS2_PLACEMENT_3D ( 'NONE', #3620, #2097, #335 ) ;
#1096 = LINE ( 'NONE', #1325, #3387 ) ;
#1097 = ORIENTED_EDGE ( 'NONE', *, *, #148, .F. ) ;
#1098 = CARTESIAN_POINT ( 'NONE',  ( 0.0000000000000000000, 0.0000000000000000000, 0.0000000000000000000 ) ) ;
#1099 = CARTESIAN_POINT ( 'NONE',  ( 0.1399999999999995400, 0.05000000000000000300, 0.5000000000000000000 ) ) ;
#1100 = ORIENTED_EDGE ( 'NONE', *, *, #2134, .F. ) ;
#1101 = CARTESIAN_POINT ( 'NONE',  ( -0.3100000000000003900, -0.0000000000000000000, -0.6999999999999999600 ) ) ;
#1102 = DIRECTION ( 'NONE',  ( 0.0000000000000000000, 0.0000000000000000000, -1.000000000000000000 ) ) ;
#1103 = VERTEX_POINT ( 'NONE', #2852 ) ;
#1104 = DIRECTION ( 'NONE',  ( -0.0000000000000000000, -0.0000000000000000000, 1.000000000000000000 ) ) ;
#1105 = ADVANCED_FACE ( 'NONE', ( #1682 ), #562, .T. ) ;
#1106 = ADVANCED_FACE ( 'NONE', ( #2696 ), #1139, .F. ) ;
#1107 = ORIENTED_EDGE ( 'NONE', *, *, #3058, .F. ) ;
#1108 = EDGE_CURVE ( 'NONE', #3444, #2509, #2006, .T. ) ;
#1109 = DIRECTION ( 'NONE',  ( -1.000000000000000000, 0.0000000000000000000, 0.0000000000000000000 ) ) ;
#1110 = CARTESIAN_POINT ( 'NONE',  ( 0.5500000000000000400, 0.06000000000000022000, -0.2250000000000000600 ) ) ;
#1111 = PLANE ( 'NONE',  #1684 ) ;
#1112 = ORIENTED_EDGE ( 'NONE', *, *, #2047, .T. ) ;
#1113 = VERTEX_POINT ( 'NONE', #3464 ) ;
#1114 = AXIS2_PLACEMENT_3D ( 'NONE', #1992, #2566, #1433 ) ;
#1115 = LINE ( 'NONE', #781, #332 ) ;
#1116 = FACE_OUTER_BOUND ( 'NONE', #1625, .T. ) ;
#1117 = LINE ( 'NONE', #955, #3320 ) ;
#1118 = FACE_OUTER_BOUND ( 'NONE', #2888, .T. ) ;
#1119 = ORIENTED_EDGE ( 'NONE', *, *, #2778, .T. ) ;
#1120 = DIRECTION ( 'NONE',  ( 1.000000000000000000, 0.0000000000000000000, 0.0000000000000000000 ) ) ;
#1121 = LINE ( 'NONE', #1853, #2563 ) ;
#1122 = PLANE ( 'NONE',  #2665 ) ;
#1123 = EDGE_CURVE ( 'NONE', #1370, #2440, #1308, .T. ) ;
#1124 = VECTOR ( 'NONE', #1644, 1000.000000000000000 ) ;
#1125 = ORIENTED_EDGE ( 'NONE', *, *, #1155, .T. ) ;
#1126 = CARTESIAN_POINT ( 'NONE',  ( -0.5500000000000000400, 0.06000000000000000500, 0.2250000000000000600 ) ) ;
#1127 = ADVANCED_FACE ( 'NONE', ( #1071 ), #3532, .F. ) ;
#1128 = DIRECTION ( 'NONE',  ( -0.0000000000000000000, -0.0000000000000000000, 1.000000000000000000 ) ) ;
#1129 = DIRECTION ( 'NONE',  ( 0.0000000000000000000, 1.242314989306307100E-016, 1.000000000000000000 ) ) ;
#1130 = CARTESIAN_POINT ( 'NONE',  ( 0.5500000000000000400, 0.01000000000000000200, 0.2250000000000000600 ) ) ;
#1131 = VERTEX_POINT ( 'NONE', #3851 ) ;
#1132 = EDGE_CURVE ( 'NONE', #476, #938, #1258, .T. ) ;
#1133 = LINE ( 'NONE', #1209, #3426 ) ;
#1134 = VERTEX_POINT ( 'NONE', #1759 ) ;
#1135 = CARTESIAN_POINT ( 'NONE',  ( -0.3100000000000003900, 0.05000000000000000300, -0.6999999999999999600 ) ) ;
#1136 = CARTESIAN_POINT ( 'NONE',  ( 0.3600000000000003800, 0.05000000000000000300, -0.5000000000000000000 ) ) ;
#1137 = DIRECTION ( 'NONE',  ( -1.000000000000000000, 0.0000000000000000000, 1.897353801849633200E-015 ) ) ;
#1138 = FACE_OUTER_BOUND ( 'NONE', #2729, .T. ) ;
#1139 = PLANE ( 'NONE',  #1568 ) ;
#1140 = FACE_OUTER_BOUND ( 'NONE', #958, .T. ) ;
#1141 = ORIENTED_EDGE ( 'NONE', *, *, #360, .T. ) ;
#1142 = FILL_AREA_STYLE_COLOUR ( '', #1927 ) ;
#1143 = CARTESIAN_POINT ( 'NONE',  ( -0.1399999999999995400, 0.05000000000000000300, 0.5000000000000000000 ) ) ;
#1144 = CARTESIAN_POINT ( 'NONE',  ( 0.3600000000000003800, 0.0000000000000000000, -0.5000000000000000000 ) ) ;
#1145 = ORIENTED_EDGE ( 'NONE', *, *, #2596, .T. ) ;
#1146 = CARTESIAN_POINT ( 'NONE',  ( 0.5000000000000000000, 0.06000000000000000500, 0.2250000000000000600 ) ) ;
#1147 = ORIENTED_EDGE ( 'NONE', *, *, #3691, .F. ) ;
#1148 = AXIS2_PLACEMENT_3D ( 'NONE', #3710, #125, #694 ) ;
#1149 = ORIENTED_EDGE ( 'NONE', *, *, #1680, .F. ) ;
#1150 = CARTESIAN_POINT ( 'NONE',  ( 0.1899999999999995900, 0.05000000000000000300, 0.6999999999999999600 ) ) ;
#1151 = PLANE ( 'NONE',  #2137 ) ;
#1152 = PLANE ( 'NONE',  #792 ) ;
#1153 = ORIENTED_EDGE ( 'NONE', *, *, #1929, .T. ) ;
#1154 = CARTESIAN_POINT ( 'NONE',  ( -0.5000000000000000000, 0.06000000000000000500, 0.2250000000000000600 ) ) ;
#1155 = EDGE_CURVE ( 'NONE', #3635, #2384, #3833, .T. ) ;
#1156 = VECTOR ( 'NONE', #123, 1000.000000000000000 ) ;
#1157 = VERTEX_POINT ( 'NONE', #2068 ) ;
#1158 = CARTESIAN_POINT ( 'NONE',  ( -0.1899999999999995900, 0.05000000000000000300, -0.6999999999999999600 ) ) ;
#1159 = LINE ( 'NONE', #2702, #1072 ) ;
#1160 = CARTESIAN_POINT ( 'NONE',  ( 0.5500000000000000400, 0.0000000000000000000, 0.0000000000000000000 ) ) ;
#1161 = ORIENTED_EDGE ( 'NONE', *, *, #1553, .T. ) ;
#1162 = CARTESIAN_POINT ( 'NONE',  ( 0.1399999999999995400, 0.0000000000000000000, -0.5000000000000000000 ) ) ;
#1163 = ADVANCED_FACE ( 'NONE', ( #2646 ), #3588, .T. ) ;
#1164 = CARTESIAN_POINT ( 'NONE',  ( 0.1399999999999995400, 0.05000000000000000300, -0.6999999999999999600 ) ) ;
#1165 = CARTESIAN_POINT ( 'NONE',  ( 0.1899999999999995900, 0.0000000000000000000, 0.6999999999999999600 ) ) ;
#1166 = CARTESIAN_POINT ( 'NONE',  ( -0.1899999999999995600, 0.05000000000000000300, -0.5000000000000000000 ) ) ;
#1167 = LINE ( 'NONE', #2627, #2290 ) ;
#1168 = CARTESIAN_POINT ( 'NONE',  ( -0.3600000000000003800, 0.0000000000000000000, 0.6999999999999999600 ) ) ;
#1169 = ORIENTED_EDGE ( 'NONE', *, *, #3274, .F. ) ;
#1170 = VECTOR ( 'NONE', #2774, 1000.000000000000000 ) ;
#1171 = FACE_OUTER_BOUND ( 'NONE', #766, .T. ) ;
#1172 = CARTESIAN_POINT ( 'NONE',  ( -0.5000000000000000000, 0.06000000000000022000, -0.2250000000000000600 ) ) ;
#1173 = LINE ( 'NONE', #447, #3370 ) ;
#1174 = DIRECTION ( 'NONE',  ( 0.0000000000000000000, -1.000000000000000000, -1.242314989306307100E-016 ) ) ;
#1175 = CARTESIAN_POINT ( 'NONE',  ( -0.1899999999999995600, 0.05000000000000000300, 0.5000000000000000000 ) ) ;
#1176 = PLANE ( 'NONE',  #3170 ) ;
#1177 = ORIENTED_EDGE ( 'NONE', *, *, #3713, .F. ) ;
#1178 = CARTESIAN_POINT ( 'NONE',  ( -0.1399999999999995400, 0.05000000000000000300, 0.5000000000000000000 ) ) ;
#1179 = PLANE ( 'NONE',  #1001 ) ;
#1180 = CARTESIAN_POINT ( 'NONE',  ( 0.3600000000000001500, -0.05000000000000000300, 0.5000000000000001100 ) ) ;
#1181 = EDGE_LOOP ( 'NONE', ( #1709, #3021, #2091, #3757, #206, #1486, #278, #1628 ) ) ;
#1182 = VECTOR ( 'NONE', #1999, 1000.000000000000000 ) ;
#1183 = CARTESIAN_POINT ( 'NONE',  ( 0.3100000000000003900, 0.05000000000000000300, -0.6999999999999999600 ) ) ;
#1184 = EDGE_CURVE ( 'NONE', #1113, #411, #3216, .T. ) ;
#1185 = ADVANCED_FACE ( 'NONE', ( #193 ), #902, .F. ) ;
#1186 = ORIENTED_EDGE ( 'NONE', *, *, #1184, .F. ) ;
#1187 = ADVANCED_FACE ( 'NONE', ( #500 ), #1176, .T. ) ;
#1188 = LINE ( 'NONE', #1708, #1423 ) ;
#1189 = ORIENTED_EDGE ( 'NONE', *, *, #2462, .F. ) ;
#1190 = DIRECTION ( 'NONE',  ( -0.0000000000000000000, 1.000000000000000000, -0.0000000000000000000 ) ) ;
#1191 = DIRECTION ( 'NONE',  ( 0.0000000000000000000, -1.000000000000000000, 1.242314989306307100E-016 ) ) ;
#1192 = STYLED_ITEM ( 'NONE', ( #2533 ), #3654 ) ;
#1193 = ORIENTED_EDGE ( 'NONE', *, *, #277, .T. ) ;
#1194 = DIRECTION ( 'NONE',  ( 1.000000000000000000, 0.0000000000000000000, 0.0000000000000000000 ) ) ;
#1195 = CARTESIAN_POINT ( 'NONE',  ( -0.1399999999999995400, 0.05000000000000000300, 0.5000000000000000000 ) ) ;
#1196 = CARTESIAN_POINT ( 'NONE',  ( -0.5500000000000000400, 0.009999999999999984600, 0.3750000000000000600 ) ) ;
#1197 = EDGE_CURVE ( 'NONE', #512, #1454, #1912, .T. ) ;
#1198 = ORIENTED_EDGE ( 'NONE', *, *, #2276, .F. ) ;
#1199 = PLANE ( 'NONE',  #220 ) ;
#1200 = CARTESIAN_POINT ( 'NONE',  ( -0.5000000000000000000, 0.01000000000000020100, -0.3750000000000000600 ) ) ;
#1201 = ADVANCED_FACE ( 'NONE', ( #1218 ), #2975, .T. ) ;
#1202 = VERTEX_POINT ( 'NONE', #2098 ) ;
#1203 = EDGE_CURVE ( 'NONE', #411, #2415, #839, .T. ) ;
#1204 = CARTESIAN_POINT ( 'NONE',  ( 0.0000000000000000000, 0.05000000000000000300, 0.0000000000000000000 ) ) ;
#1205 = ORIENTED_EDGE ( 'NONE', *, *, #3726, .T. ) ;
#1206 = CARTESIAN_POINT ( 'NONE',  ( -0.5000000000000000000, 0.01000000000000021900, -0.2250000000000000600 ) ) ;
#1207 = ADVANCED_FACE ( 'NONE', ( #241 ), #2114, .F. ) ;
#1208 = AXIS2_PLACEMENT_3D ( 'NONE', #2310, #2334, #3232 ) ;
#1209 = CARTESIAN_POINT ( 'NONE',  ( 0.5000000000000000000, 0.009999999999999984600, 0.3750000000000000600 ) ) ;
#1210 = EDGE_LOOP ( 'NONE', ( #1069, #1032, #322, #1119 ) ) ;
#1211 = CARTESIAN_POINT ( 'NONE',  ( -0.5500000000000000400, 0.009999999999999984600, 0.3750000000000000600 ) ) ;
#1212 = ORIENTED_EDGE ( 'NONE', *, *, #457, .F. ) ;
#1213 = EDGE_CURVE ( 'NONE', #359, #3168, #2332, .T. ) ;
#1214 = LINE ( 'NONE', #2583, #412 ) ;
#1215 = DIRECTION ( 'NONE',  ( 0.0000000000000000000, -1.000000000000000000, 0.0000000000000000000 ) ) ;
#1216 = ORIENTED_EDGE ( 'NONE', *, *, #2146, .F. ) ;
#1217 = DIRECTION ( 'NONE',  ( 0.0000000000000000000, 1.000000000000000000, 0.0000000000000000000 ) ) ;
#1218 = FACE_OUTER_BOUND ( 'NONE', #2758, .T. ) ;
#1219 = LINE ( 'NONE', #2555, #813 ) ;
#1220 = AXIS2_PLACEMENT_3D ( 'NONE', #1375, #532, #3517 ) ;
#1221 = ORIENTED_EDGE ( 'NONE', *, *, #1910, .F. ) ;
#1222 = DIRECTION ( 'NONE',  ( 1.000000000000000000, -0.0000000000000000000, -0.0000000000000000000 ) ) ;
#1223 = PLANE ( 'NONE',  #1519 ) ;
#1224 = LINE ( 'NONE', #1617, #3506 ) ;
#1225 = VECTOR ( 'NONE', #1461, 1000.000000000000000 ) ;
#1226 = EDGE_LOOP ( 'NONE', ( #775, #846, #3441, #3091, #3068 ) ) ;
#1228 = FACE_OUTER_BOUND ( 'NONE', #304, .T. ) ;
#1227 = CARTESIAN_POINT ( 'NONE',  ( 0.3600000000000003800, 0.05000000000000000300, -0.6999999999999999600 ) ) ;
#1229 = CARTESIAN_POINT ( 'NONE',  ( 0.1399999999999995400, 0.05000000000000000300, -0.6999999999999999600 ) ) ;
#1230 = CARTESIAN_POINT ( 'NONE',  ( -0.3100000000000003900, -0.0000000000000000000, -0.5000000000000000000 ) ) ;
#1231 = ORIENTED_EDGE ( 'NONE', *, *, #1264, .F. ) ;
#1232 = VECTOR ( 'NONE', #966, 1000.000000000000000 ) ;
#1233 = ADVANCED_FACE ( 'NONE', ( #3034 ), #56, .T. ) ;
#1234 = AXIS2_PLACEMENT_3D ( 'NONE', #1236, #3637, #2449 ) ;
#1235 = ORIENTED_EDGE ( 'NONE', *, *, #3299, .T. ) ;
#1236 = CARTESIAN_POINT ( 'NONE',  ( -0.5500000000000000400, 0.0000000000000000000, 0.0000000000000000000 ) ) ;
#1237 = VECTOR ( 'NONE', #2712, 1000.000000000000000 ) ;
#1238 = ORIENTED_EDGE ( 'NONE', *, *, #142, .F. ) ;
#1239 = EDGE_CURVE ( 'NONE', #935, #571, #2283, .T. ) ;
#1240 = CARTESIAN_POINT ( 'NONE',  ( -0.5500000000000000400, 0.01000000000000000200, 0.2250000000000000600 ) ) ;
#1241 = LINE ( 'NONE', #604, #437 ) ;
#1242 = ORIENTED_EDGE ( 'NONE', *, *, #1973, .T. ) ;
#1243 = CARTESIAN_POINT ( 'NONE',  ( 0.0000000000000000000, 0.05000000000000000300, 0.0000000000000000000 ) ) ;
#1244 = ORIENTED_EDGE ( 'NONE', *, *, #3495, .T. ) ;
#1245 = DIRECTION ( 'NONE',  ( 0.0000000000000000000, 1.000000000000000000, 0.0000000000000000000 ) ) ;
#1246 =( NAMED_UNIT ( * ) SI_UNIT ( $, .STERADIAN. ) SOLID_ANGLE_UNIT ( ) );
#1247 = ORIENTED_EDGE ( 'NONE', *, *, #1197, .F. ) ;
#1248 = DIRECTION ( 'NONE',  ( 0.0000000000000000000, -0.0000000000000000000, -1.000000000000000000 ) ) ;
#1249 = AXIS2_PLACEMENT_3D ( 'NONE', #918, #3053, #1842 ) ;
#1250 = ADVANCED_FACE ( 'NONE', ( #1560 ), #3033, .T. ) ;
#1251 = CARTESIAN_POINT ( 'NONE',  ( -0.1399999999999995400, 0.05000000000000000300, 0.6999999999999999600 ) ) ;
#1252 = SURFACE_STYLE_USAGE ( .BOTH. , #954 ) ;
#1253 = ORIENTED_EDGE ( 'NONE', *, *, #1566, .F. ) ;
#1254 = ORIENTED_EDGE ( 'NONE', *, *, #963, .T. ) ;
#1255 = DIRECTION ( 'NONE',  ( 0.0000000000000000000, 1.000000000000000000, 0.0000000000000000000 ) ) ;
#1256 = EDGE_CURVE ( 'NONE', #2944, #2597, #2558, .T. ) ;
#1257 = ORIENTED_EDGE ( 'NONE', *, *, #2474, .T. ) ;
#1258 = LINE ( 'NONE', #856, #985 ) ;
#1259 = LINE ( 'NONE', #2425, #745 ) ;
#1260 = DIRECTION ( 'NONE',  ( 0.0000000000000000000, 0.0000000000000000000, -1.000000000000000000 ) ) ;
#1261 = AXIS2_PLACEMENT_3D ( 'NONE', #829, #1987, #804 ) ;
#1262 = CARTESIAN_POINT ( 'NONE',  ( -0.1399999999999996000, 0.0000000000000000000, -0.6999999999999999600 ) ) ;
#1263 = DIRECTION ( 'NONE',  ( 1.000000000000000000, 0.0000000000000000000, 2.574980159653073400E-015 ) ) ;
#1264 = EDGE_CURVE ( 'NONE', #2575, #3075, #197, .T. ) ;
#1265 = EDGE_LOOP ( 'NONE', ( #933, #1555, #1587, #3245 ) ) ;
#1266 = VECTOR ( 'NONE', #666, 1000.000000000000000 ) ;
#1267 = LINE ( 'NONE', #1144, #2698 ) ;
#1268 = EDGE_LOOP ( 'NONE', ( #355, #3374, #722, #3822, #2786, #3727, #1029, #3045, #1416, #3723, #588, #3869, #1221, #2976, #3272, #1212, #1564, #2655, #1242, #1442 ) ) ;
#1269 = AXIS2_PLACEMENT_3D ( 'NONE', #2314, #3477, #1079 ) ;
#1270 = LINE ( 'NONE', #1719, #2753 ) ;
#1271 = ORIENTED_EDGE ( 'NONE', *, *, #1239, .F. ) ;
#1272 = LINE ( 'NONE', #3126, #2163 ) ;
#1273 = CARTESIAN_POINT ( 'NONE',  ( 0.3600000000000003800, 0.05000000000000000300, 0.5000000000000000000 ) ) ;
#1274 = EDGE_CURVE ( 'NONE', #3381, #597, #3219, .T. ) ;
#1275 = PLANE ( 'NONE',  #1065 ) ;
#1276 = ORIENTED_EDGE ( 'NONE', *, *, #1264, .T. ) ;
#1277 = CARTESIAN_POINT ( 'NONE',  ( 0.1899999999999995900, 0.05000000000000000300, -0.6999999999999999600 ) ) ;
#1278 = EDGE_CURVE ( 'NONE', #141, #247, #373, .T. ) ;
#1279 = LINE ( 'NONE', #339, #3283 ) ;
#1280 = DIRECTION ( 'NONE',  ( -1.000000000000000000, 0.0000000000000000000, 0.0000000000000000000 ) ) ;
#1281 = VERTEX_POINT ( 'NONE', #389 ) ;
#1282 = FACE_OUTER_BOUND ( 'NONE', #267, .T. ) ;
#1283 = VECTOR ( 'NONE', #3522, 1000.000000000000000 ) ;
#1284 = ORIENTED_EDGE ( 'NONE', *, *, #2740, .T. ) ;
#1285 = PLANE ( 'NONE',  #3429 ) ;
#1286 = AXIS2_PLACEMENT_3D ( 'NONE', #2898, #1215, #3254 ) ;
#1287 = LINE ( 'NONE', #1590, #485 ) ;
#1288 = EDGE_CURVE ( 'NONE', #1950, #399, #2383, .T. ) ;
#1289 = VERTEX_POINT ( 'NONE', #349 ) ;
#1290 = DIRECTION ( 'NONE',  ( -1.000000000000000000, 0.0000000000000000000, 2.303929616531697300E-015 ) ) ;
#1291 = DIRECTION ( 'NONE',  ( -0.0000000000000000000, -1.000000000000000000, -0.0000000000000000000 ) ) ;
#1292 = FACE_OUTER_BOUND ( 'NONE', #2136, .T. ) ;
#1293 = EDGE_LOOP ( 'NONE', ( #3776, #111, #1372, #2459 ) ) ;
#1294 = EDGE_CURVE ( 'NONE', #2064, #1797, #797, .T. ) ;
#1295 =( NAMED_UNIT ( * ) SI_UNIT ( $, .STERADIAN. ) SOLID_ANGLE_UNIT ( ) );
#1296 = ORIENTED_EDGE ( 'NONE', *, *, #1921, .T. ) ;
#1297 = CARTESIAN_POINT ( 'NONE',  ( -0.5000000000000000000, 0.0000000000000000000, 0.0000000000000000000 ) ) ;
#1298 = ORIENTED_EDGE ( 'NONE', *, *, #2486, .F. ) ;
#1299 = ADVANCED_FACE ( 'NONE', ( #2426 ), #2456, .T. ) ;
#1300 = DIRECTION ( 'NONE',  ( 2.303929616531697300E-015, 0.0000000000000000000, 1.000000000000000000 ) ) ;
#1301 = DIRECTION ( 'NONE',  ( 0.0000000000000000000, -0.0000000000000000000, -1.000000000000000000 ) ) ;
#1302 = CARTESIAN_POINT ( 'NONE',  ( 0.1399999999999995400, 0.0000000000000000000, -0.5000000000000000000 ) ) ;
#1303 = ORIENTED_EDGE ( 'NONE', *, *, #1597, .T. ) ;
#1304 = EDGE_CURVE ( 'NONE', #1437, #107, #2155, .T. ) ;
#1305 = AXIS2_PLACEMENT_3D ( 'NONE', #3760, #3449, #2040 ) ;
#1306 = CARTESIAN_POINT ( 'NONE',  ( -0.1399999999999995400, 0.0000000000000000000, 0.5000000000000000000 ) ) ;
#1307 = ORIENTED_EDGE ( 'NONE', *, *, #2237, .F. ) ;
#1308 = LINE ( 'NONE', #1975, #1556 ) ;
#1309 = LINE ( 'NONE', #3366, #2791 ) ;
#1310 = VERTEX_POINT ( 'NONE', #100 ) ;
#1311 = LINE ( 'NONE', #58, #2156 ) ;
#1312 = CARTESIAN_POINT ( 'NONE',  ( -0.5500000000000000400, 0.3500000000000000300, -0.6999999999999999600 ) ) ;
#1313 = PLANE ( 'NONE',  #36 ) ;
#1314 = DIRECTION ( 'NONE',  ( -0.0000000000000000000, 1.000000000000000000, -0.0000000000000000000 ) ) ;
#1315 = EDGE_CURVE ( 'NONE', #467, #3739, #24, .T. ) ;
#1316 = LINE ( 'NONE', #1166, #3613 ) ;
#1317 = ORIENTED_EDGE ( 'NONE', *, *, #1042, .T. ) ;
#1318 = LINE ( 'NONE', #1206, #752 ) ;
#1319 = ADVANCED_FACE ( 'NONE', ( #3669 ), #1285, .T. ) ;
#1320 = VECTOR ( 'NONE', #3424, 1000.000000000000000 ) ;
#1321 = VERTEX_POINT ( 'NONE', #3048 ) ;
#1322 = VECTOR ( 'NONE', #635, 1000.000000000000000 ) ;
#1323 = VERTEX_POINT ( 'NONE', #3368 ) ;
#1324 = CARTESIAN_POINT ( 'NONE',  ( 0.5000000000000000000, 0.06000000000000022000, -0.2250000000000000600 ) ) ;
#1325 = CARTESIAN_POINT ( 'NONE',  ( -0.3600000000000003800, 0.05000000000000000300, -0.6999999999999999600 ) ) ;
#1326 = DIRECTION ( 'NONE',  ( 1.000000000000000000, 0.0000000000000000000, 0.0000000000000000000 ) ) ;
#1327 = PLANE ( 'NONE',  #2865 ) ;
#1328 = LINE ( 'NONE', #1447, #307 ) ;
#1329 = ORIENTED_EDGE ( 'NONE', *, *, #776, .T. ) ;
#1330 = VECTOR ( 'NONE', #2739, 1000.000000000000000 ) ;
#1331 = ADVANCED_FACE ( 'NONE', ( #903 ), #2760, .F. ) ;
#1332 = VECTOR ( 'NONE', #2027, 1000.000000000000000 ) ;
#1333 = EDGE_CURVE ( 'NONE', #1321, #615, #1873, .T. ) ;
#1334 = CARTESIAN_POINT ( 'NONE',  ( -0.2500000000000000000, -0.05000000000000000300, -0.2999999999999999900 ) ) ;
#1335 = CARTESIAN_POINT ( 'NONE',  ( -0.3100000000000003900, 0.05000000000000000300, 0.5000000000000000000 ) ) ;
#1336 = VECTOR ( 'NONE', #1723, 1000.000000000000000 ) ;
#1337 = ORIENTED_EDGE ( 'NONE', *, *, #1315, .F. ) ;
#1338 = LINE ( 'NONE', #943, #3110 ) ;
#1339 = EDGE_LOOP ( 'NONE', ( #1147, #2013, #2243, #2912 ) ) ;
#1340 = EDGE_CURVE ( 'NONE', #2381, #706, #3177, .T. ) ;
#1341 = VERTEX_POINT ( 'NONE', #1406 ) ;
#1342 = CARTESIAN_POINT ( 'NONE',  ( -0.1899999999999995900, 0.0000000000000000000, -0.6999999999999999600 ) ) ;
#1343 = VERTEX_POINT ( 'NONE', #1725 ) ;
#1344 = AXIS2_PLACEMENT_3D ( 'NONE', #586, #2915, #854 ) ;
#1345 = PLANE ( 'NONE',  #1606 ) ;
#1346 = VERTEX_POINT ( 'NONE', #3536 ) ;
#1347 = LINE ( 'NONE', #2572, #688 ) ;
#1348 = ADVANCED_FACE ( 'NONE', ( #996 ), #1434, .T. ) ;
#1349 = ORIENTED_EDGE ( 'NONE', *, *, #1315, .T. ) ;
#1350 = DIRECTION ( 'NONE',  ( 0.0000000000000000000, 0.0000000000000000000, 1.000000000000000000 ) ) ;
#1351 = VECTOR ( 'NONE', #3742, 1000.000000000000000 ) ;
#1352 = VECTOR ( 'NONE', #3766, 1000.000000000000000 ) ;
#1353 = FACE_OUTER_BOUND ( 'NONE', #350, .T. ) ;
#1354 = VECTOR ( 'NONE', #3671, 1000.000000000000000 ) ;
#1355 = LINE ( 'NONE', #3247, #3662 ) ;
#1356 = DIRECTION ( 'NONE',  ( 1.000000000000000000, 0.0000000000000000000, 0.0000000000000000000 ) ) ;
#1357 = DIRECTION ( 'NONE',  ( -1.000000000000000000, 0.0000000000000000000, 9.856383386231857600E-017 ) ) ;
#1358 = EDGE_LOOP ( 'NONE', ( #3390, #2184, #2200, #2855 ) ) ;
#1359 = VECTOR ( 'NONE', #3384, 1000.000000000000000 ) ;
#1360 = EDGE_CURVE ( 'NONE', #3788, #3493, #1517, .T. ) ;
#1361 = EDGE_CURVE ( 'NONE', #2019, #799, #802, .T. ) ;
#1362 = CARTESIAN_POINT ( 'NONE',  ( 0.5500000000000000400, 0.01000000000000020100, -0.3750000000000000600 ) ) ;
#1363 = LINE ( 'NONE', #3858, #563 ) ;
#1364 = ORIENTED_EDGE ( 'NONE', *, *, #3343, .T. ) ;
#1365 = APPLICATION_CONTEXT ( 'automotive_design' ) ;
#1366 = CARTESIAN_POINT ( 'NONE',  ( 0.5500000000000000400, 0.0000000000000000000, -0.7000000000000000700 ) ) ;
#1367 = VECTOR ( 'NONE', #2226, 1000.000000000000000 ) ;
#1368 = PLANE ( 'NONE',  #2947 ) ;
#1369 = ORIENTED_EDGE ( 'NONE', *, *, #3282, .T. ) ;
#1370 = VERTEX_POINT ( 'NONE', #1420 ) ;
#1371 = VECTOR ( 'NONE', #487, 1000.000000000000000 ) ;
#1372 = ORIENTED_EDGE ( 'NONE', *, *, #1515, .F. ) ;
#1373 = AXIS2_PLACEMENT_3D ( 'NONE', #595, #920, #3526 ) ;
#1374 = DIRECTION ( 'NONE',  ( 1.000000000000000000, 0.0000000000000000000, 1.897353801849633200E-015 ) ) ;
#1375 = CARTESIAN_POINT ( 'NONE',  ( 0.0000000000000000000, 0.05000000000000000300, 0.0000000000000000000 ) ) ;
#1376 = DIRECTION ( 'NONE',  ( -0.0000000000000000000, 1.000000000000000000, -0.0000000000000000000 ) ) ;
#1377 = LINE ( 'NONE', #1809, #45 ) ;
#1378 = VERTEX_POINT ( 'NONE', #3815 ) ;
#1379 = CARTESIAN_POINT ( 'NONE',  ( 0.1899999999999995600, 0.05000000000000000300, -0.5000000000000000000 ) ) ;
#1380 = DIRECTION ( 'NONE',  ( 1.000000000000000000, -0.0000000000000000000, 4.928191693115928800E-016 ) ) ;
#1381 = VERTEX_POINT ( 'NONE', #2939 ) ;
#1382 = ADVANCED_FACE ( 'NONE', ( #3795 ), #1748, .F. ) ;
#1383 = MANIFOLD_SOLID_BREP ( 'Boss-Extrude3[3]', #486 ) ;
#1384 = ORIENTED_EDGE ( 'NONE', *, *, #471, .F. ) ;
#1385 = EDGE_CURVE ( 'NONE', #3626, #231, #1781, .T. ) ;
#1386 = CARTESIAN_POINT ( 'NONE',  ( 0.1399999999999995400, 0.05000000000000000300, -0.6999999999999999600 ) ) ;
#1387 = DIRECTION ( 'NONE',  ( 1.000000000000000000, 0.0000000000000000000, 0.0000000000000000000 ) ) ;
#1388 = EDGE_LOOP ( 'NONE', ( #145, #3026, #2986, #655 ) ) ;
#1389 = PLANE ( 'NONE',  #3473 ) ;
#1390 = SURFACE_STYLE_USAGE ( .BOTH. , #3799 ) ;
#1391 = ORIENTED_EDGE ( 'NONE', *, *, #2715, .T. ) ;
#1392 = ORIENTED_EDGE ( 'NONE', *, *, #3274, .T. ) ;
#1393 = VERTEX_POINT ( 'NONE', #3253 ) ;
#1394 = EDGE_CURVE ( 'NONE', #2944, #2928, #1363, .T. ) ;
#1395 = VECTOR ( 'NONE', #2209, 1000.000000000000000 ) ;
#1396 = STYLED_ITEM ( 'NONE', ( #2657 ), #448 ) ;
#1397 = ORIENTED_EDGE ( 'NONE', *, *, #2925, .T. ) ;
#1398 = VECTOR ( 'NONE', #689, 1000.000000000000000 ) ;
#1399 = VECTOR ( 'NONE', #1255, 1000.000000000000000 ) ;
#1400 = DIRECTION ( 'NONE',  ( 0.0000000000000000000, 0.0000000000000000000, -1.000000000000000000 ) ) ;
#1401 = CARTESIAN_POINT ( 'NONE',  ( 0.5500000000000000400, 0.06000000000000022000, -0.2250000000000000600 ) ) ;
#1402 = EDGE_CURVE ( 'NONE', #3773, #1923, #2847, .T. ) ;
#1403 = LINE ( 'NONE', #978, #558 ) ;
#1404 = DIRECTION ( 'NONE',  ( -0.0000000000000000000, -0.0000000000000000000, 1.000000000000000000 ) ) ;
#1405 = CARTESIAN_POINT ( 'NONE',  ( 0.1399999999999995400, 0.0000000000000000000, 0.5000000000000000000 ) ) ;
#1406 = CARTESIAN_POINT ( 'NONE',  ( -0.3600000000000003800, 0.05000000000000000300, 0.5000000000000000000 ) ) ;
#1407 = LINE ( 'NONE', #2854, #614 ) ;
#1408 = ORIENTED_EDGE ( 'NONE', *, *, #838, .F. ) ;
#1409 = FACE_OUTER_BOUND ( 'NONE', #162, .T. ) ;
#1410 = EDGE_CURVE ( 'NONE', #1770, #141, #2609, .T. ) ;
#1411 = ORIENTED_EDGE ( 'NONE', *, *, #1740, .T. ) ;
#1412 = LINE ( 'NONE', #3640, #2748 ) ;
#1413 = FILL_AREA_STYLE ('',( #2286 ) ) ;
#1414 = DIRECTION ( 'NONE',  ( 1.000000000000000000, 0.0000000000000000000, 0.0000000000000000000 ) ) ;
#1415 = AXIS2_PLACEMENT_3D ( 'NONE', #1977, #233, #3172 ) ;
#1416 = ORIENTED_EDGE ( 'NONE', *, *, #2162, .F. ) ;
#1417 = CARTESIAN_POINT ( 'NONE',  ( -0.1899999999999995900, 0.05000000000000000300, 0.6999999999999999600 ) ) ;
#1418 = VECTOR ( 'NONE', #3229, 1000.000000000000000 ) ;
#1419 = DIRECTION ( 'NONE',  ( -1.355252715606880900E-015, 0.0000000000000000000, -1.000000000000000000 ) ) ;
#1420 = CARTESIAN_POINT ( 'NONE',  ( -0.5000000000000000000, 0.05999999999999999100, 0.3750000000000000600 ) ) ;
#1421 = ORIENTED_EDGE ( 'NONE', *, *, #1995, .F. ) ;
#1422 = EDGE_CURVE ( 'NONE', #2567, #3493, #1694, .T. ) ;
#1423 = VECTOR ( 'NONE', #1109, 1000.000000000000000 ) ;
#1424 = ORIENTED_EDGE ( 'NONE', *, *, #2280, .T. ) ;
#1425 = ADVANCED_FACE ( 'NONE', ( #1968 ), #289, .F. ) ;
#1426 = AXIS2_PLACEMENT_3D ( 'NONE', #1297, #1603, #2485 ) ;
#1427 = CARTESIAN_POINT ( 'NONE',  ( 0.1899999999999995900, 0.05000000000000000300, 0.6999999999999999600 ) ) ;
#1428 = ORIENTED_EDGE ( 'NONE', *, *, #1016, .F. ) ;
#1429 = CARTESIAN_POINT ( 'NONE',  ( 0.5500000000000000400, 0.06000000000000000500, 0.2250000000000000600 ) ) ;
#1430 = DIRECTION ( 'NONE',  ( -1.000000000000000000, 0.0000000000000000000, -0.0000000000000000000 ) ) ;
#1431 = EDGE_LOOP ( 'NONE', ( #170, #2154, #1602, #2526 ) ) ;
#1432 = DIRECTION ( 'NONE',  ( 0.0000000000000000000, -9.035018104045869500E-017, 1.000000000000000000 ) ) ;
#1433 = DIRECTION ( 'NONE',  ( 0.0000000000000000000, -0.0000000000000000000, -1.000000000000000000 ) ) ;
#1434 = PLANE ( 'NONE',  #3105 ) ;
#1435 = EDGE_CURVE ( 'NONE', #2074, #3329, #2471, .T. ) ;
#1436 = ORIENTED_EDGE ( 'NONE', *, *, #2237, .T. ) ;
#1437 = VERTEX_POINT ( 'NONE', #341 ) ;
#1438 = EDGE_CURVE ( 'NONE', #1619, #1962, #511, .T. ) ;
#1439 = VECTOR ( 'NONE', #248, 1000.000000000000000 ) ;
#1440 =( NAMED_UNIT ( * ) PLANE_ANGLE_UNIT ( ) SI_UNIT ( $, .RADIAN. ) );
#1441 = CARTESIAN_POINT ( 'NONE',  ( 0.5000000000000000000, 0.06000000000000000500, 0.2250000000000000600 ) ) ;
#1442 = ORIENTED_EDGE ( 'NONE', *, *, #3334, .F. ) ;
#1443 = ADVANCED_FACE ( 'NONE', ( #1918 ), #3566, .F. ) ;
#1444 = FACE_OUTER_BOUND ( 'NONE', #2284, .T. ) ;
#1445 = AXIS2_PLACEMENT_3D ( 'NONE', #2130, #645, #353 ) ;
#1446 =( LENGTH_UNIT ( ) NAMED_UNIT ( * ) SI_UNIT ( .MILLI., .METRE. ) );
#1447 = CARTESIAN_POINT ( 'NONE',  ( 0.1899999999999995600, 0.0000000000000000000, 0.5000000000000000000 ) ) ;
#1448 = DIRECTION ( 'NONE',  ( -1.000000000000000000, 0.0000000000000000000, 0.0000000000000000000 ) ) ;
#1449 = CARTESIAN_POINT ( 'NONE',  ( 0.3600000000000003800, 0.05000000000000000300, 0.5000000000000000000 ) ) ;
#1450 = VECTOR ( 'NONE', #2639, 1000.000000000000000 ) ;
#1451 = VECTOR ( 'NONE', #896, 1000.000000000000000 ) ;
#1452 = LINE ( 'NONE', #1497, #1558 ) ;
#1453 = LINE ( 'NONE', #249, #791 ) ;
#1454 = VERTEX_POINT ( 'NONE', #303 ) ;
#1455 = EDGE_CURVE ( 'NONE', #1202, #1381, #1316, .T. ) ;
#1456 = CARTESIAN_POINT ( 'NONE',  ( -0.3100000000000003900, 0.0000000000000000000, 0.6999999999999999600 ) ) ;
#1457 = LINE ( 'NONE', #3041, #115 ) ;
#1458 = AXIS2_PLACEMENT_3D ( 'NONE', #2303, #3814, #2020 ) ;
#1459 = VERTEX_POINT ( 'NONE', #2073 ) ;
#1460 = DIRECTION ( 'NONE',  ( 0.0000000000000000000, 1.242314989306307100E-016, -1.000000000000000000 ) ) ;
#1461 = DIRECTION ( 'NONE',  ( 0.0000000000000000000, -1.242314989306307100E-016, -1.000000000000000000 ) ) ;
#1462 = DIRECTION ( 'NONE',  ( 1.000000000000000000, -0.0000000000000000000, 4.928191693115928800E-016 ) ) ;
#1463 = DIRECTION ( 'NONE',  ( 0.0000000000000000000, 0.0000000000000000000, 1.000000000000000000 ) ) ;
#1464 = EDGE_CURVE ( 'NONE', #1702, #399, #2795, .T. ) ;
#1465 = VECTOR ( 'NONE', #320, 1000.000000000000000 ) ;
#1466 = ORIENTED_EDGE ( 'NONE', *, *, #262, .F. ) ;
#1467 = CARTESIAN_POINT ( 'NONE',  ( 0.5000000000000000000, 0.01000000000000020100, -0.3750000000000000600 ) ) ;
#1468 = PLANE ( 'NONE',  #3520 ) ;
#1469 = VECTOR ( 'NONE', #3200, 1000.000000000000000 ) ;
#1470 = ORIENTED_EDGE ( 'NONE', *, *, #2825, .F. ) ;
#1471 = ADVANCED_FACE ( 'NONE', ( #2703 ), #2104, .F. ) ;
#1472 = ADVANCED_FACE ( 'NONE', ( #1118 ), #2777, .F. ) ;
#1473 = VECTOR ( 'NONE', #3040, 1000.000000000000000 ) ;
#1474 = ORIENTED_EDGE ( 'NONE', *, *, #1546, .F. ) ;
#1475 = CARTESIAN_POINT ( 'NONE',  ( -0.3599999999999998200, -0.05000000000000000300, -0.5000000000000002200 ) ) ;
#1476 = CARTESIAN_POINT ( 'NONE',  ( -0.5500000000000000400, 0.3500000000000000300, -0.6999999999999999600 ) ) ;
#1477 = COLOUR_RGB ( '',1.000000000000000000, 1.000000000000000000, 1.000000000000000000 ) ;
#1478 = FACE_OUTER_BOUND ( 'NONE', #2704, .T. ) ;
#1479 = ORIENTED_EDGE ( 'NONE', *, *, #2722, .F. ) ;
#1480 = DIRECTION ( 'NONE',  ( 0.0000000000000000000, 0.0000000000000000000, -1.000000000000000000 ) ) ;
#1481 = CARTESIAN_POINT ( 'NONE',  ( 0.1899999999999995600, 0.05000000000000000300, 0.5000000000000000000 ) ) ;
#1482 = LINE ( 'NONE', #1792, #1535 ) ;
#1483 = ORIENTED_EDGE ( 'NONE', *, *, #1828, .F. ) ;
#1484 = EDGE_CURVE ( 'NONE', #2235, #690, #2199, .T. ) ;
#1485 = CARTESIAN_POINT ( 'NONE',  ( -0.1899999999999995900, 0.0000000000000000000, 0.6999999999999999600 ) ) ;
#1486 = ORIENTED_EDGE ( 'NONE', *, *, #2687, .T. ) ;
#1487 = EDGE_CURVE ( 'NONE', #86, #107, #2565, .T. ) ;
#1488 = EDGE_CURVE ( 'NONE', #247, #2, #1877, .T. ) ;
#1489 = AXIS2_PLACEMENT_3D ( 'NONE', #1608, #3385, #3753 ) ;
#1490 = CARTESIAN_POINT ( 'NONE',  ( 0.3600000000000001500, -0.05000000000000000300, 0.5000000000000001100 ) ) ;
#1491 = VERTEX_POINT ( 'NONE', #2479 ) ;
#1492 = CARTESIAN_POINT ( 'NONE',  ( -0.1399999999999995400, -0.0000000000000000000, -0.6999999999999999600 ) ) ;
#1493 = PLANE ( 'NONE',  #542 ) ;
#1494 = ADVANCED_FACE ( 'NONE', ( #2707 ), #3089, .F. ) ;
#1495 = CARTESIAN_POINT ( 'NONE',  ( 0.1899999999999995900, 0.0000000000000000000, -0.6999999999999999600 ) ) ;
#1496 = VERTEX_POINT ( 'NONE', #2492 ) ;
#1497 = CARTESIAN_POINT ( 'NONE',  ( 0.5500000000000000400, 0.01000000000000021900, -0.2250000000000000600 ) ) ;
#1498 = EDGE_CURVE ( 'NONE', #2440, #467, #1173, .T. ) ;
#1499 = ORIENTED_EDGE ( 'NONE', *, *, #1841, .T. ) ;
#1500 = CARTESIAN_POINT ( 'NONE',  ( -0.5000000000000000000, 0.01000000000000000200, 0.2250000000000000600 ) ) ;
#1501 = COLOUR_RGB ( '',1.000000000000000000, 1.000000000000000000, 1.000000000000000000 ) ;
#1502 = CLOSED_SHELL ( 'NONE', ( #461, #222, #296, #1105, #3257, #1250 ) ) ;
#1503 = LINE ( 'NONE', #1674, #1352 ) ;
#1504 = ORIENTED_EDGE ( 'NONE', *, *, #2162, .T. ) ;
#1505 = CARTESIAN_POINT ( 'NONE',  ( -0.1400000000000000100, -0.05000000000000000300, 0.5000000000000000000 ) ) ;
#1506 = CARTESIAN_POINT ( 'NONE',  ( 0.5500000000000000400, 0.3500000000000000300, 0.6999999999999998400 ) ) ;
#1507 = DIRECTION ( 'NONE',  ( -1.000000000000000000, 0.0000000000000000000, 0.0000000000000000000 ) ) ;
#1508 = EDGE_LOOP ( 'NONE', ( #60, #3156, #2338, #909 ) ) ;
#1509 = EDGE_LOOP ( 'NONE', ( #488, #1153, #1483, #1997 ) ) ;
#1510 = EDGE_CURVE ( 'NONE', #1281, #75, #3708, .T. ) ;
#1511 = CARTESIAN_POINT ( 'NONE',  ( -0.4000000000000000200, -0.05000000000000000300, -0.1499999999999999900 ) ) ;
#1512 = DIRECTION ( 'NONE',  ( 0.0000000000000000000, -1.000000000000000000, 0.0000000000000000000 ) ) ;
#1513 = DIRECTION ( 'NONE',  ( -1.000000000000000000, 0.0000000000000000000, 0.0000000000000000000 ) ) ;
#1514 = FACE_OUTER_BOUND ( 'NONE', #3258, .T. ) ;
#1515 = EDGE_CURVE ( 'NONE', #731, #3367, #3618, .T. ) ;
#1516 = CARTESIAN_POINT ( 'NONE',  ( 0.4000000000000000200, -0.05000000000000000300, -0.2999999999999998800 ) ) ;
#1517 = LINE ( 'NONE', #510, #661 ) ;
#1518 = VERTEX_POINT ( 'NONE', #3102 ) ;
#1519 = AXIS2_PLACEMENT_3D ( 'NONE', #901, #1850, #65 ) ;
#1520 = AXIS2_PLACEMENT_3D ( 'NONE', #1616, #2206, #3734 ) ;
#1521 = VERTEX_POINT ( 'NONE', #1026 ) ;
#1522 = DIRECTION ( 'NONE',  ( 0.0000000000000000000, -0.0000000000000000000, -1.000000000000000000 ) ) ;
#1523 = DIRECTION ( 'NONE',  ( 0.0000000000000000000, 0.0000000000000000000, -1.000000000000000000 ) ) ;
#1524 = DIRECTION ( 'NONE',  ( -1.000000000000000000, 0.0000000000000000000, 0.0000000000000000000 ) ) ;
#1525 = ORIENTED_EDGE ( 'NONE', *, *, #61, .T. ) ;
#1526 = VECTOR ( 'NONE', #3251, 1000.000000000000000 ) ;
#1527 = CARTESIAN_POINT ( 'NONE',  ( 0.1899999999999995900, 0.05000000000000000300, 0.6999999999999999600 ) ) ;
#1528 = PLANE ( 'NONE',  #2344 ) ;
#1529 =( NAMED_UNIT ( * ) SI_UNIT ( $, .STERADIAN. ) SOLID_ANGLE_UNIT ( ) );
#1530 = ORIENTED_EDGE ( 'NONE', *, *, #2681, .F. ) ;
#1531 = EDGE_CURVE ( 'NONE', #2641, #3739, #1922, .T. ) ;
#1532 = FACE_OUTER_BOUND ( 'NONE', #3344, .T. ) ;
#1533 = ORIENTED_EDGE ( 'NONE', *, *, #2860, .T. ) ;
#1534 = LINE ( 'NONE', #1786, #1012 ) ;
#1535 = VECTOR ( 'NONE', #2678, 1000.000000000000000 ) ;
#1536 = ORIENTED_EDGE ( 'NONE', *, *, #3409, .F. ) ;
#1537 = DIRECTION ( 'NONE',  ( -1.000000000000000000, 0.0000000000000000000, -0.0000000000000000000 ) ) ;
#1538 = LINE ( 'NONE', #371, #395 ) ;
#1539 = ORIENTED_EDGE ( 'NONE', *, *, #835, .T. ) ;
#1540 = CARTESIAN_POINT ( 'NONE',  ( 0.1899999999999995600, 0.05000000000000000300, -0.5000000000000000000 ) ) ;
#1541 = CARTESIAN_POINT ( 'NONE',  ( 0.1399999999999996000, -0.05000000000000000300, 0.6999999999999999600 ) ) ;
#1542 = EDGE_CURVE ( 'NONE', #2590, #3255, #3672, .T. ) ;
#1543 = ORIENTED_EDGE ( 'NONE', *, *, #3514, .T. ) ;
#1544 = CARTESIAN_POINT ( 'NONE',  ( 0.5500000000000000400, 0.3500000000000000300, 0.6999999999999998400 ) ) ;
#1545 = ORIENTED_EDGE ( 'NONE', *, *, #20, .T. ) ;
#1546 = EDGE_CURVE ( 'NONE', #2508, #3709, #1272, .T. ) ;
#1547 = DIRECTION ( 'NONE',  ( 0.0000000000000000000, 1.000000000000000000, 0.0000000000000000000 ) ) ;
#1548 = DIRECTION ( 'NONE',  ( -1.000000000000000000, -0.0000000000000000000, -0.0000000000000000000 ) ) ;
#1549 = ORIENTED_EDGE ( 'NONE', *, *, #2596, .F. ) ;
#1550 = CARTESIAN_POINT ( 'NONE',  ( 0.5000000000000000000, 0.009999999999999984600, 0.3750000000000000600 ) ) ;
#1551 = DIRECTION ( 'NONE',  ( 1.000000000000000000, 0.0000000000000000000, 0.0000000000000000000 ) ) ;
#1552 = VERTEX_POINT ( 'NONE', #2830 ) ;
#1553 = EDGE_CURVE ( 'NONE', #3075, #1782, #209, .T. ) ;
#1554 = CARTESIAN_POINT ( 'NONE',  ( -0.3100000000000003900, 0.0000000000000000000, 0.5000000000000000000 ) ) ;
#1555 = ORIENTED_EDGE ( 'NONE', *, *, #2514, .T. ) ;
#1556 = VECTOR ( 'NONE', #2268, 1000.000000000000000 ) ;
#1557 = LINE ( 'NONE', #121, #3360 ) ;
#1558 = VECTOR ( 'NONE', #3592, 1000.000000000000000 ) ;
#1559 = FACE_OUTER_BOUND ( 'NONE', #1339, .T. ) ;
#1560 = FACE_OUTER_BOUND ( 'NONE', #3767, .T. ) ;
#1561 = CLOSED_SHELL ( 'NONE', ( #3864, #1106, #2382, #3780, #2347, #1233, #2281, #465, #2093, #3393 ) ) ;
#1562 = LINE ( 'NONE', #3547, #2797 ) ;
#1563 = DIRECTION ( 'NONE',  ( 0.0000000000000000000, -1.000000000000000000, 0.0000000000000000000 ) ) ;
#1564 = ORIENTED_EDGE ( 'NONE', *, *, #1081, .F. ) ;
#1565 = PLANE ( 'NONE',  #2592 ) ;
#1566 = EDGE_CURVE ( 'NONE', #2808, #196, #3758, .T. ) ;
#1567 = CARTESIAN_POINT ( 'NONE',  ( -0.1399999999999995400, 0.05000000000000000300, 0.6999999999999999600 ) ) ;
#1568 = AXIS2_PLACEMENT_3D ( 'NONE', #1076, #1374, #3226 ) ;
#1569 = ORIENTED_EDGE ( 'NONE', *, *, #995, .F. ) ;
#1570 = CARTESIAN_POINT ( 'NONE',  ( 0.5500000000000000400, 0.01000000000000000200, 0.2250000000000000600 ) ) ;
#1571 = DIRECTION ( 'NONE',  ( 0.7071067811865475700, -0.0000000000000000000, -0.7071067811865474600 ) ) ;
#1572 = LINE ( 'NONE', #3189, #3289 ) ;
#1573 = ORIENTED_EDGE ( 'NONE', *, *, #280, .T. ) ;
#1574 = FACE_OUTER_BOUND ( 'NONE', #3119, .T. ) ;
#1575 = VECTOR ( 'NONE', #2315, 1000.000000000000000 ) ;
#1576 = PLANE ( 'NONE',  #2935 ) ;
#1577 = LINE ( 'NONE', #2227, #2135 ) ;
#1578 = ORIENTED_EDGE ( 'NONE', *, *, #527, .T. ) ;
#1579 = FACE_OUTER_BOUND ( 'NONE', #751, .T. ) ;
#1580 = ORIENTED_EDGE ( 'NONE', *, *, #2635, .T. ) ;
#1581 = EDGE_LOOP ( 'NONE', ( #2102, #1790, #1760, #105, #1744 ) ) ;
#1582 = DIRECTION ( 'NONE',  ( 0.0000000000000000000, 0.0000000000000000000, 1.000000000000000000 ) ) ;
#1583 = CARTESIAN_POINT ( 'NONE',  ( -0.1899999999999995600, 0.0000000000000000000, -0.5000000000000000000 ) ) ;
#1584 = ORIENTED_EDGE ( 'NONE', *, *, #865, .T. ) ;
#1585 = AXIS2_PLACEMENT_3D ( 'NONE', #2914, #3529, #3543 ) ;
#1586 = AXIS2_PLACEMENT_3D ( 'NONE', #2126, #3664, #1248 ) ;
#1587 = ORIENTED_EDGE ( 'NONE', *, *, #1123, .T. ) ;
#1588 = SURFACE_STYLE_USAGE ( .BOTH. , #3389 ) ;
#1589 = ORIENTED_EDGE ( 'NONE', *, *, #1464, .T. ) ;
#1590 = CARTESIAN_POINT ( 'NONE',  ( 0.1399999999999995400, 0.05000000000000000300, 0.6999999999999999600 ) ) ;
#1591 = CARTESIAN_POINT ( 'NONE',  ( -0.3600000000000003800, -0.0000000000000000000, -0.5000000000000000000 ) ) ;
#1592 = LINE ( 'NONE', #1485, #2465 ) ;
#1593 = ORIENTED_EDGE ( 'NONE', *, *, #2681, .T. ) ;
#1594 = VECTOR ( 'NONE', #3725, 1000.000000000000000 ) ;
#1595 = DIRECTION ( 'NONE',  ( -0.0000000000000000000, 1.000000000000000000, -0.0000000000000000000 ) ) ;
#1596 = CARTESIAN_POINT ( 'NONE',  ( -0.5000000000000000000, 0.01000000000000000200, 0.2250000000000000600 ) ) ;
#1597 = EDGE_CURVE ( 'NONE', #1893, #3057, #2948, .T. ) ;
#1598 = FACE_OUTER_BOUND ( 'NONE', #3759, .T. ) ;
#1599 = DIRECTION ( 'NONE',  ( -0.0000000000000000000, -0.0000000000000000000, -1.000000000000000000 ) ) ;
#1600 = EDGE_CURVE ( 'NONE', #2585, #672, #2849, .T. ) ;
#1601 = AXIS2_PLACEMENT_3D ( 'NONE', #3422, #1078, #786 ) ;
#1602 = ORIENTED_EDGE ( 'NONE', *, *, #660, .F. ) ;
#1603 = DIRECTION ( 'NONE',  ( -1.000000000000000000, 0.0000000000000000000, 0.0000000000000000000 ) ) ;
#1604 = ADVANCED_FACE ( 'NONE', ( #568 ), #1327, .F. ) ;
#1605 = CARTESIAN_POINT ( 'NONE',  ( -0.5000000000000000000, 0.01000000000000021900, -0.2250000000000000600 ) ) ;
#1606 = AXIS2_PLACEMENT_3D ( 'NONE', #2867, #1673, #3777 ) ;
#1607 =( NAMED_UNIT ( * ) SI_UNIT ( $, .STERADIAN. ) SOLID_ANGLE_UNIT ( ) );
#1608 = CARTESIAN_POINT ( 'NONE',  ( -0.1399999999999995400, 0.05000000000000000300, -0.5000000000000000000 ) ) ;
#1609 = ORIENTED_EDGE ( 'NONE', *, *, #1929, .F. ) ;
#1610 = EDGE_CURVE ( 'NONE', #2826, #3792, #2065, .T. ) ;
#1611 = ORIENTED_EDGE ( 'NONE', *, *, #3244, .F. ) ;
#1612 = VERTEX_POINT ( 'NONE', #3153 ) ;
#1613 = LINE ( 'NONE', #1146, #917 ) ;
#1614 = EDGE_CURVE ( 'NONE', #1518, #2597, #473, .T. ) ;
#1615 = ORIENTED_EDGE ( 'NONE', *, *, #1274, .T. ) ;
#1616 = CARTESIAN_POINT ( 'NONE',  ( 0.0000000000000000000, 0.05000000000000000300, 0.0000000000000000000 ) ) ;
#1617 = CARTESIAN_POINT ( 'NONE',  ( 0.4000000000000000200, -0.05000000000000000300, 0.3000000000000001000 ) ) ;
#1618 = DIRECTION ( 'NONE',  ( 0.0000000000000000000, 1.242314989306307100E-016, -1.000000000000000000 ) ) ;
#1619 = VERTEX_POINT ( 'NONE', #2584 ) ;
#1620 = AXIS2_PLACEMENT_3D ( 'NONE', #1098, #1696, #213 ) ;
#1621 = PLANE ( 'NONE',  #872 ) ;
#1622 = CLOSED_SHELL ( 'NONE', ( #2197, #3180, #1632, #1664, #1187, #181, #1443, #1903, #2887, #2301, #739, #2699, #3819, #2844, #2624, #1494, #331, #3130, #3107, #1472, #431, #1000, #1685, #3733, #2878, #2682, #1796, #3461, #415, #2010, #502, #1811, #3281, #1127, #800, #3447, #3420, #274, #2734, #9, #1952, #2837, #1471, #3631, #2049, #2363, #3149, #2919, #1647, #1348, #556, #691, #3764, #2967, #1299, #157, #1800, #1319 ) ) ;
#1623 = ADVANCED_FACE ( 'NONE', ( #1785 ), #2843, .T. ) ;
#1624 = EDGE_CURVE ( 'NONE', #2540, #3419, #3568, .T. ) ;
#1625 = EDGE_LOOP ( 'NONE', ( #632, #2783, #2218, #667 ) ) ;
#1626 = CARTESIAN_POINT ( 'NONE',  ( -0.1399999999999995400, 0.05000000000000000300, -0.5000000000000000000 ) ) ;
#1627 = DIRECTION ( 'NONE',  ( -0.0000000000000000000, -1.000000000000000000, -0.0000000000000000000 ) ) ;
#1628 = ORIENTED_EDGE ( 'NONE', *, *, #1815, .F. ) ;
#1629 = CARTESIAN_POINT ( 'NONE',  ( 0.5000000000000000000, 0.01000000000000020100, -0.3750000000000000600 ) ) ;
#1630 = CARTESIAN_POINT ( 'NONE',  ( 0.5500000000000000400, 0.3500000000000000300, -0.7000000000000000700 ) ) ;
#1631 = VERTEX_POINT ( 'NONE', #1670 ) ;
#1632 = ADVANCED_FACE ( 'NONE', ( #3275, #908, #808 ), #1368, .F. ) ;
#1633 = LINE ( 'NONE', #3294, #3124 ) ;
#1634 = EDGE_LOOP ( 'NONE', ( #3335, #378, #602, #344 ) ) ;
#1635 = CARTESIAN_POINT ( 'NONE',  ( -0.5500000000000000400, 0.3500000000000000300, 0.7000000000000001800 ) ) ;
#1636 = VECTOR ( 'NONE', #2731, 1000.000000000000000 ) ;
#1637 = SURFACE_STYLE_FILL_AREA ( #3120 ) ;
#1638 = EDGE_CURVE ( 'NONE', #1904, #2261, #32, .T. ) ;
#1639 = VECTOR ( 'NONE', #1814, 1000.000000000000000 ) ;
#1640 = VERTEX_POINT ( 'NONE', #3505 ) ;
#1641 = CARTESIAN_POINT ( 'NONE',  ( 0.5500000000000000400, 0.0000000000000000000, -0.7000000000000000700 ) ) ;
#1642 = SURFACE_STYLE_USAGE ( .BOTH. , #3171 ) ;
#1643 = DIRECTION ( 'NONE',  ( 0.0000000000000000000, -1.000000000000000000, -0.0000000000000000000 ) ) ;
#1644 = DIRECTION ( 'NONE',  ( -0.0000000000000000000, -0.0000000000000000000, -1.000000000000000000 ) ) ;
#1645 = EDGE_CURVE ( 'NONE', #3305, #359, #1270, .T. ) ;
#1646 = ORIENTED_EDGE ( 'NONE', *, *, #2348, .T. ) ;
#1647 = ADVANCED_FACE ( 'NONE', ( #1700 ), #2542, .T. ) ;
#1648 = VECTOR ( 'NONE', #508, 1000.000000000000000 ) ;
#1649 = CARTESIAN_POINT ( 'NONE',  ( -0.3600000000000003800, 0.05000000000000000300, 0.6999999999999999600 ) ) ;
#1650 = CARTESIAN_POINT ( 'NONE',  ( 0.5500000000000000400, 0.0000000000000000000, 0.0000000000000000000 ) ) ;
#1651 = EDGE_LOOP ( 'NONE', ( #1609, #182, #1186, #2060 ) ) ;
#1652 = AXIS2_PLACEMENT_3D ( 'NONE', #1701, #1687, #3790 ) ;
#1653 = VECTOR ( 'NONE', #2822, 1000.000000000000000 ) ;
#1654 = DIRECTION ( 'NONE',  ( -0.0000000000000000000, -1.000000000000000000, -0.0000000000000000000 ) ) ;
#1655 = ORIENTED_EDGE ( 'NONE', *, *, #944, .F. ) ;
#1656 = CARTESIAN_POINT ( 'NONE',  ( -0.3600000000000003800, 0.05000000000000000300, 0.6999999999999999600 ) ) ;
#1657 = PRODUCT ( 'DRV5032DUDMRT', 'DRV5032DUDMRT', '', ( #1939 ) ) ;
#1658 = CARTESIAN_POINT ( 'NONE',  ( -0.1899999999999995600, 0.0000000000000000000, -0.5000000000000000000 ) ) ;
#1659 = VECTOR ( 'NONE', #2589, 1000.000000000000000 ) ;
#1660 = ORIENTED_EDGE ( 'NONE', *, *, #3652, .F. ) ;
#1661 = EDGE_CURVE ( 'NONE', #1496, #867, #1407, .T. ) ;
#1662 = DIRECTION ( 'NONE',  ( 1.000000000000000000, -0.0000000000000000000, 1.355252715606880800E-016 ) ) ;
#1663 = ORIENTED_EDGE ( 'NONE', *, *, #2618, .F. ) ;
#1664 = ADVANCED_FACE ( 'NONE', ( #3474 ), #3762, .F. ) ;
#1665 = VERTEX_POINT ( 'NONE', #2551 ) ;
#1666 = SURFACE_STYLE_FILL_AREA ( #2490 ) ;
#1667 = CARTESIAN_POINT ( 'NONE',  ( -0.5500000000000000400, 0.06000000000000000500, 0.2250000000000000600 ) ) ;
#1668 = APPLICATION_PROTOCOL_DEFINITION ( 'draft international standard', 'automotive_design', 1998, #2245 ) ;
#1669 = ORIENTED_EDGE ( 'NONE', *, *, #1294, .F. ) ;
#1670 = CARTESIAN_POINT ( 'NONE',  ( -0.3599999999999998200, -0.05000000000000000300, -0.5000000000000002200 ) ) ;
#1671 = ORIENTED_EDGE ( 'NONE', *, *, #806, .F. ) ;
#1672 = AXIS2_PLACEMENT_3D ( 'NONE', #594, #2145, #2713 ) ;
#1673 = DIRECTION ( 'NONE',  ( -1.000000000000000000, 0.0000000000000000000, -1.897353801849633200E-015 ) ) ;
#1674 = CARTESIAN_POINT ( 'NONE',  ( -0.5000000000000000000, 0.01000000000000020100, -0.3750000000000000600 ) ) ;
#1675 = ORIENTED_EDGE ( 'NONE', *, *, #268, .F. ) ;
#1676 = ORIENTED_EDGE ( 'NONE', *, *, #384, .F. ) ;
#1677 = DIRECTION ( 'NONE',  ( 1.000000000000000000, -0.0000000000000000000, -0.0000000000000000000 ) ) ;
#1678 = CARTESIAN_POINT ( 'NONE',  ( -0.1399999999999995400, 0.0000000000000000000, 0.6999999999999999600 ) ) ;
#1679 = EDGE_LOOP ( 'NONE', ( #1084, #3438, #1284, #2311 ) ) ;
#1680 = EDGE_CURVE ( 'NONE', #1770, #3684, #3186, .T. ) ;
#1681 = LINE ( 'NONE', #1047, #108 ) ;
#1682 = FACE_OUTER_BOUND ( 'NONE', #489, .T. ) ;
#1683 = ORIENTED_EDGE ( 'NONE', *, *, #3567, .F. ) ;
#1684 = AXIS2_PLACEMENT_3D ( 'NONE', #3173, #1387, #3478 ) ;
#1685 = ADVANCED_FACE ( 'NONE', ( #1282 ), #1111, .F. ) ;
#1686 = VECTOR ( 'NONE', #2518, 1000.000000000000000 ) ;
#1687 = DIRECTION ( 'NONE',  ( 1.000000000000000000, 0.0000000000000000000, -1.219727444046192700E-015 ) ) ;
#1688 = ORIENTED_EDGE ( 'NONE', *, *, #3818, .T. ) ;
#1689 = ORIENTED_EDGE ( 'NONE', *, *, #757, .F. ) ;
#1690 = LINE ( 'NONE', #240, #898 ) ;
#1691 = CARTESIAN_POINT ( 'NONE',  ( 0.1899999999999995600, 0.0000000000000000000, -0.5000000000000000000 ) ) ;
#1692 = EDGE_CURVE ( 'NONE', #3493, #2074, #481, .T. ) ;
#1693 = EDGE_LOOP ( 'NONE', ( #3261, #2457, #2345, #1408 ) ) ;
#1694 = LINE ( 'NONE', #2645, #3046 ) ;
#1695 = ORIENTED_EDGE ( 'NONE', *, *, #3334, .T. ) ;
#1696 = DIRECTION ( 'NONE',  ( 0.0000000000000000000, -1.000000000000000000, 0.0000000000000000000 ) ) ;
#1697 = VECTOR ( 'NONE', #658, 1000.000000000000000 ) ;
#1698 = CARTESIAN_POINT ( 'NONE',  ( 0.1899999999999995600, 0.05000000000000000300, 0.5000000000000000000 ) ) ;
#1699 = SURFACE_STYLE_FILL_AREA ( #3237 ) ;
#1700 = FACE_OUTER_BOUND ( 'NONE', #1679, .T. ) ;
#1701 = CARTESIAN_POINT ( 'NONE',  ( 0.1400000000000004900, -0.05000000000000000300, -0.7000000000000001800 ) ) ;
#1702 = VERTEX_POINT ( 'NONE', #214 ) ;
#1703 = EDGE_LOOP ( 'NONE', ( #1539, #3445, #1660, #1193 ) ) ;
#1704 = LINE ( 'NONE', #561, #3860 ) ;
#1705 = VECTOR ( 'NONE', #3564, 1000.000000000000000 ) ;
#1706 = VERTEX_POINT ( 'NONE', #1401 ) ;
#1707 = FACE_OUTER_BOUND ( 'NONE', #3859, .T. ) ;
#1708 = CARTESIAN_POINT ( 'NONE',  ( -0.5000000000000000000, 0.01000000000000020100, -0.3750000000000000600 ) ) ;
#1709 = ORIENTED_EDGE ( 'NONE', *, *, #2587, .T. ) ;
#1710 = CARTESIAN_POINT ( 'NONE',  ( 0.3600000000000004900, -0.05000000000000000300, -0.7000000000000000700 ) ) ;
#1711 =( NAMED_UNIT ( * ) SI_UNIT ( $, .STERADIAN. ) SOLID_ANGLE_UNIT ( ) );
#1712 = VECTOR ( 'NONE', #2165, 1000.000000000000000 ) ;
#1713 = FACE_OUTER_BOUND ( 'NONE', #2839, .T. ) ;
#1714 = ORIENTED_EDGE ( 'NONE', *, *, #807, .T. ) ;
#1715 = DIRECTION ( 'NONE',  ( -0.0000000000000000000, 1.000000000000000000, -0.0000000000000000000 ) ) ;
#1716 = ORIENTED_EDGE ( 'NONE', *, *, #2587, .F. ) ;
#1717 = EDGE_CURVE ( 'NONE', #3168, #706, #3376, .T. ) ;
#1718 = SURFACE_STYLE_USAGE ( .BOTH. , #519 ) ;
#1719 = CARTESIAN_POINT ( 'NONE',  ( 0.3600000000000003800, 0.05000000000000000300, -0.5000000000000000000 ) ) ;
#1720 = ORIENTED_EDGE ( 'NONE', *, *, #648, .T. ) ;
#1721 = AXIS2_PLACEMENT_3D ( 'NONE', #3123, #483, #1976 ) ;
#1722 = CARTESIAN_POINT ( 'NONE',  ( 0.5000000000000000000, 0.05999999999999999100, 0.3750000000000000600 ) ) ;
#1723 = DIRECTION ( 'NONE',  ( 1.000000000000000000, -0.0000000000000000000, 4.928191693115928800E-016 ) ) ;
#1724 = VERTEX_POINT ( 'NONE', #2863 ) ;
#1725 = CARTESIAN_POINT ( 'NONE',  ( -0.2500000000000000000, -0.0000000000000000000, -0.2999999999999999900 ) ) ;
#1726 = FACE_OUTER_BOUND ( 'NONE', #2859, .T. ) ;
#1727 = VECTOR ( 'NONE', #2371, 1000.000000000000000 ) ;
#1728 = ORIENTED_EDGE ( 'NONE', *, *, #2335, .T. ) ;
#1729 =( GEOMETRIC_REPRESENTATION_CONTEXT ( 3 ) GLOBAL_UNCERTAINTY_ASSIGNED_CONTEXT ( ( #3830 ) ) GLOBAL_UNIT_ASSIGNED_CONTEXT ( ( #132, #3690, #1295 ) ) REPRESENTATION_CONTEXT ( 'NONE', 'WORKASPACE' ) );
#1730 = ORIENTED_EDGE ( 'NONE', *, *, #384, .T. ) ;
#1731 = VECTOR ( 'NONE', #1963, 1000.000000000000000 ) ;
#1732 = PLANE ( 'NONE',  #1261 ) ;
#1733 = DIRECTION ( 'NONE',  ( 1.897353801849633200E-015, 0.0000000000000000000, 1.000000000000000000 ) ) ;
#1734 = EDGE_CURVE ( 'NONE', #1378, #3147, #2356, .T. ) ;
#1735 = LINE ( 'NONE', #1658, #946 ) ;
#1736 = PLANE ( 'NONE',  #1114 ) ;
#1737 = FILL_AREA_STYLE ('',( #567 ) ) ;
#1738 = ORIENTED_EDGE ( 'NONE', *, *, #3072, .T. ) ;
#1739 = FACE_OUTER_BOUND ( 'NONE', #2534, .T. ) ;
#1740 = EDGE_CURVE ( 'NONE', #225, #3075, #3287, .T. ) ;
#1741 = CLOSED_SHELL ( 'NONE', ( #3685, #361, #1163, #1623, #1331, #3440 ) ) ;
#1742 = CARTESIAN_POINT ( 'NONE',  ( 0.3600000000000003800, 0.0000000000000000000, -0.6999999999999999600 ) ) ;
#1743 = DIRECTION ( 'NONE',  ( -0.0000000000000000000, 1.000000000000000000, -0.0000000000000000000 ) ) ;
#1744 = ORIENTED_EDGE ( 'NONE', *, *, #2062, .F. ) ;
#1745 = DIRECTION ( 'NONE',  ( 0.0000000000000000000, -1.000000000000000000, 0.0000000000000000000 ) ) ;
#1746 = CARTESIAN_POINT ( 'NONE',  ( -0.3100000000000003900, 0.05000000000000000300, -0.5000000000000000000 ) ) ;
#1747 = CARTESIAN_POINT ( 'NONE',  ( 0.3100000000000003900, 0.05000000000000000300, 0.6999999999999999600 ) ) ;
#1748 = PLANE ( 'NONE',  #52 ) ;
#1749 = VERTEX_POINT ( 'NONE', #2916 ) ;
#1750 = VECTOR ( 'NONE', #2985, 1000.000000000000000 ) ;
#1751 = EDGE_CURVE ( 'NONE', #535, #2464, #2482, .T. ) ;
#1752 = PRESENTATION_STYLE_ASSIGNMENT (( #284 ) ) ;
#1753 = LINE ( 'NONE', #2291, #3239 ) ;
#1754 = CARTESIAN_POINT ( 'NONE',  ( 0.5500000000000000400, 0.06000000000000020600, -0.3750000000000000600 ) ) ;
#1755 = EDGE_LOOP ( 'NONE', ( #2603, #1149, #880, #1933 ) ) ;
#1756 = SHAPE_DEFINITION_REPRESENTATION ( #528, #3301 ) ;
#1757 = ORIENTED_EDGE ( 'NONE', *, *, #1531, .T. ) ;
#1758 = DIRECTION ( 'NONE',  ( 0.0000000000000000000, 9.035018104045869500E-017, 1.000000000000000000 ) ) ;
#1759 = CARTESIAN_POINT ( 'NONE',  ( 0.5500000000000000400, 0.3500000000000000300, 0.6999999999999998400 ) ) ;
#1760 = ORIENTED_EDGE ( 'NONE', *, *, #2569, .F. ) ;
#1761 = CARTESIAN_POINT ( 'NONE',  ( 0.3600000000000003800, 0.05000000000000000300, 0.6999999999999999600 ) ) ;
#1762 = ADVANCED_FACE ( 'NONE', ( #3574 ), #3573, .F. ) ;
#1763 = DIRECTION ( 'NONE',  ( 1.000000000000000000, 0.0000000000000000000, 0.0000000000000000000 ) ) ;
#1764 = EDGE_CURVE ( 'NONE', #2437, #935, #1704, .T. ) ;
#1765 = ORIENTED_EDGE ( 'NONE', *, *, #3811, .T. ) ;
#1766 = CARTESIAN_POINT ( 'NONE',  ( 0.1399999999999995400, 0.05000000000000000300, 0.6999999999999999600 ) ) ;
#1767 = ORIENTED_EDGE ( 'NONE', *, *, #2312, .F. ) ;
#1768 = CARTESIAN_POINT ( 'NONE',  ( -0.5000000000000000000, 0.01000000000000021900, -0.2250000000000000600 ) ) ;
#1769 = DIRECTION ( 'NONE',  ( 0.0000000000000000000, 0.0000000000000000000, 1.000000000000000000 ) ) ;
#1770 = VERTEX_POINT ( 'NONE', #3531 ) ;
#1771 = DIRECTION ( 'NONE',  ( 1.000000000000000000, 0.0000000000000000000, 0.0000000000000000000 ) ) ;
#1772 = PLANE ( 'NONE',  #931 ) ;
#1773 = VERTEX_POINT ( 'NONE', #1175 ) ;
#1774 = VECTOR ( 'NONE', #1966, 1000.000000000000000 ) ;
#1775 = FACE_OUTER_BOUND ( 'NONE', #3313, .T. ) ;
#1776 = FACE_OUTER_BOUND ( 'NONE', #1651, .T. ) ;
#1777 = CARTESIAN_POINT ( 'NONE',  ( 0.5500000000000000400, 0.06000000000000022000, -0.2250000000000000600 ) ) ;
#1778 = DIRECTION ( 'NONE',  ( -1.000000000000000000, -0.0000000000000000000, -0.0000000000000000000 ) ) ;
#1779 = CARTESIAN_POINT ( 'NONE',  ( 0.3600000000000001500, -0.05000000000000000300, 0.5000000000000001100 ) ) ;
#1780 = CARTESIAN_POINT ( 'NONE',  ( 0.0000000000000000000, 0.3500000000000000300, 0.0000000000000000000 ) ) ;
#1781 = LINE ( 'NONE', #13, #1465 ) ;
#1782 = VERTEX_POINT ( 'NONE', #2326 ) ;
#1783 = LINE ( 'NONE', #1126, #35 ) ;
#1784 = PLANE ( 'NONE',  #590 ) ;
#1785 = FACE_OUTER_BOUND ( 'NONE', #1002, .T. ) ;
#1786 = CARTESIAN_POINT ( 'NONE',  ( 0.5500000000000000400, 0.06000000000000000500, 0.2250000000000000600 ) ) ;
#1787 = ORIENTED_EDGE ( 'NONE', *, *, #2845, .F. ) ;
#1788 = EDGE_CURVE ( 'NONE', #2, #3852, #1793, .T. ) ;
#1789 = DIRECTION ( 'NONE',  ( 1.000000000000000000, 0.0000000000000000000, -0.0000000000000000000 ) ) ;
#1790 = ORIENTED_EDGE ( 'NONE', *, *, #2529, .F. ) ;
#1791 = CARTESIAN_POINT ( 'NONE',  ( 0.5000000000000000000, 0.01000000000000020100, -0.3750000000000000600 ) ) ;
#1792 = CARTESIAN_POINT ( 'NONE',  ( -0.3600000000000001000, -0.05000000000000000300, -0.7000000000000001800 ) ) ;
#1793 = LINE ( 'NONE', #2963, #127 ) ;
#1794 = CARTESIAN_POINT ( 'NONE',  ( 0.3100000000000003900, 0.05000000000000000300, -0.5000000000000000000 ) ) ;
#1795 = LINE ( 'NONE', #3577, #3007 ) ;
#1796 = ADVANCED_FACE ( 'NONE', ( #1981 ), #1122, .F. ) ;
#1797 = VERTEX_POINT ( 'NONE', #3558 ) ;
#1798 = LINE ( 'NONE', #3016, #819 ) ;
#1799 = CARTESIAN_POINT ( 'NONE',  ( -0.5000000000000000000, 0.05999999999999999100, 0.3750000000000000600 ) ) ;
#1800 = ADVANCED_FACE ( 'NONE', ( #864 ), #2950, .T. ) ;
#1801 = DIRECTION ( 'NONE',  ( -1.000000000000000000, 0.0000000000000000000, -0.0000000000000000000 ) ) ;
#1802 = VECTOR ( 'NONE', #212, 1000.000000000000000 ) ;
#1803 = DIRECTION ( 'NONE',  ( 0.0000000000000000000, 0.0000000000000000000, 1.000000000000000000 ) ) ;
#1804 = ORIENTED_EDGE ( 'NONE', *, *, #1108, .T. ) ;
#1805 = DIRECTION ( 'NONE',  ( 1.000000000000000000, 0.0000000000000000000, 0.0000000000000000000 ) ) ;
#1806 = LINE ( 'NONE', #3383, #1018 ) ;
#1807 = ORIENTED_EDGE ( 'NONE', *, *, #262, .T. ) ;
#1808 = CARTESIAN_POINT ( 'NONE',  ( 0.5500000000000000400, 0.3500000000000000300, 0.6999999999999998400 ) ) ;
#1809 = CARTESIAN_POINT ( 'NONE',  ( -0.3600000000000003800, 0.0000000000000000000, 0.5000000000000000000 ) ) ;
#1810 = ORIENTED_EDGE ( 'NONE', *, *, #2764, .T. ) ;
#1811 = ADVANCED_FACE ( 'NONE', ( #914 ), #2052, .F. ) ;
#1812 =( LENGTH_UNIT ( ) NAMED_UNIT ( * ) SI_UNIT ( .MILLI., .METRE. ) );
#1813 = ORIENTED_EDGE ( 'NONE', *, *, #3231, .F. ) ;
#1814 = DIRECTION ( 'NONE',  ( -0.0000000000000000000, 1.000000000000000000, -0.0000000000000000000 ) ) ;
#1815 = EDGE_CURVE ( 'NONE', #1724, #2548, #575, .T. ) ;
#1816 = CARTESIAN_POINT ( 'NONE',  ( -0.5000000000000000000, 0.01000000000000020100, -0.3750000000000000600 ) ) ;
#1817 = EDGE_LOOP ( 'NONE', ( #1019, #1836, #1676, #2313 ) ) ;
#1818 = ADVANCED_FACE ( 'NONE', ( #1935 ), #3518, .F. ) ;
#1819 = VECTOR ( 'NONE', #1245, 1000.000000000000000 ) ;
#1820 = ADVANCED_FACE ( 'NONE', ( #3525 ), #870, .T. ) ;
#1821 = FACE_OUTER_BOUND ( 'NONE', #3580, .T. ) ;
#1822 = EDGE_LOOP ( 'NONE', ( #2105, #523, #1813, #961 ) ) ;
#1823 = VECTOR ( 'NONE', #2262, 1000.000000000000000 ) ;
#1824 = CARTESIAN_POINT ( 'NONE',  ( -0.5500000000000000400, 0.01000000000000021900, -0.2250000000000000600 ) ) ;
#1825 = ORIENTED_EDGE ( 'NONE', *, *, #3484, .T. ) ;
#1826 = VECTOR ( 'NONE', #1769, 1000.000000000000000 ) ;
#1827 = CARTESIAN_POINT ( 'NONE',  ( -0.3600000000000001000, -0.05000000000000000300, -0.7000000000000001800 ) ) ;
#1828 = EDGE_CURVE ( 'NONE', #2954, #1881, #960, .T. ) ;
#1829 = CARTESIAN_POINT ( 'NONE',  ( 0.3100000000000003900, 0.0000000000000000000, 0.6999999999999999600 ) ) ;
#1830 = DIRECTION ( 'NONE',  ( -0.0000000000000000000, 1.000000000000000000, -0.0000000000000000000 ) ) ;
#1831 = CARTESIAN_POINT ( 'NONE',  ( -0.3599999999999998200, -0.05000000000000000300, -0.5000000000000002200 ) ) ;
#1832 = ORIENTED_EDGE ( 'NONE', *, *, #552, .F. ) ;
#1833 = VECTOR ( 'NONE', #3342, 1000.000000000000000 ) ;
#1834 = DIRECTION ( 'NONE',  ( -1.000000000000000000, 0.0000000000000000000, -0.0000000000000000000 ) ) ;
#1835 = DIRECTION ( 'NONE',  ( 0.0000000000000000000, -1.000000000000000000, 0.0000000000000000000 ) ) ;
#1836 = ORIENTED_EDGE ( 'NONE', *, *, #1455, .F. ) ;
#1837 = AXIS2_PLACEMENT_3D ( 'NONE', #2089, #2659, #1803 ) ;
#1838 = COLOUR_RGB ( '',1.000000000000000000, 1.000000000000000000, 1.000000000000000000 ) ;
#1839 = VERTEX_POINT ( 'NONE', #2342 ) ;
#1840 = DIRECTION ( 'NONE',  ( 0.0000000000000000000, 1.000000000000000000, 0.0000000000000000000 ) ) ;
#1841 = EDGE_CURVE ( 'NONE', #3813, #3584, #354, .T. ) ;
#1842 = DIRECTION ( 'NONE',  ( 1.000000000000000000, 0.0000000000000000000, -0.0000000000000000000 ) ) ;
#1843 = ORIENTED_EDGE ( 'NONE', *, *, #2190, .F. ) ;
#1844 = DIRECTION ( 'NONE',  ( 0.0000000000000000000, 0.0000000000000000000, -1.000000000000000000 ) ) ;
#1845 = EDGE_CURVE ( 'NONE', #929, #2384, #2620, .T. ) ;
#1846 = EDGE_LOOP ( 'NONE', ( #2423, #1474, #3240, #2138 ) ) ;
#1847 = MANIFOLD_SOLID_BREP ( 'Boss-Extrude3[4]', #3437 ) ;
#1848 = VECTOR ( 'NONE', #3225, 1000.000000000000000 ) ;
#1849 = ORIENTED_EDGE ( 'NONE', *, *, #210, .T. ) ;
#1850 = DIRECTION ( 'NONE',  ( 1.000000000000000000, -0.0000000000000000000, 0.0000000000000000000 ) ) ;
#1851 = STYLED_ITEM ( 'NONE', ( #2265 ), #3718 ) ;
#1852 = ORIENTED_EDGE ( 'NONE', *, *, #268, .T. ) ;
#1853 = CARTESIAN_POINT ( 'NONE',  ( -0.3100000000000003900, 0.05000000000000000300, 0.5000000000000000000 ) ) ;
#1854 = CARTESIAN_POINT ( 'NONE',  ( -0.1899999999999995900, 0.05000000000000000300, 0.6999999999999999600 ) ) ;
#1855 = DIRECTION ( 'NONE',  ( 0.0000000000000000000, 0.0000000000000000000, 1.000000000000000000 ) ) ;
#1856 = ORIENTED_EDGE ( 'NONE', *, *, #1788, .F. ) ;
#1857 = ORIENTED_EDGE ( 'NONE', *, *, #2586, .T. ) ;
#1858 = EDGE_CURVE ( 'NONE', #2039, #512, #2809, .T. ) ;
#1859 = DIRECTION ( 'NONE',  ( 1.000000000000000000, -0.0000000000000000000, 0.0000000000000000000 ) ) ;
#1860 = VERTEX_POINT ( 'NONE', #587 ) ;
#1861 = LINE ( 'NONE', #112, #1156 ) ;
#1862 = DIRECTION ( 'NONE',  ( 0.0000000000000000000, 0.0000000000000000000, -1.000000000000000000 ) ) ;
#1863 = CARTESIAN_POINT ( 'NONE',  ( -0.5500000000000000400, 0.06000000000000022000, -0.2250000000000000600 ) ) ;
#1864 = DIRECTION ( 'NONE',  ( -0.0000000000000000000, -1.000000000000000000, -0.0000000000000000000 ) ) ;
#1865 = ORIENTED_EDGE ( 'NONE', *, *, #3646, .F. ) ;
#1866 = VECTOR ( 'NONE', #2874, 1000.000000000000000 ) ;
#1867 = LINE ( 'NONE', #834, #1077 ) ;
#1868 = DIRECTION ( 'NONE',  ( -1.000000000000000000, -0.0000000000000000000, -0.0000000000000000000 ) ) ;
#1869 = ORIENTED_EDGE ( 'NONE', *, *, #2749, .T. ) ;
#1870 = CARTESIAN_POINT ( 'NONE',  ( 0.3100000000000003900, 0.05000000000000000300, 0.6999999999999999600 ) ) ;
#1871 = EDGE_CURVE ( 'NONE', #2548, #676, #628, .T. ) ;
#1872 = CARTESIAN_POINT ( 'NONE',  ( 0.3100000000000003900, 0.05000000000000000300, 0.5000000000000000000 ) ) ;
#1873 = LINE ( 'NONE', #3097, #3141 ) ;
#1874 = ORIENTED_EDGE ( 'NONE', *, *, #1936, .F. ) ;
#1875 = EDGE_CURVE ( 'NONE', #3243, #2821, #3722, .T. ) ;
#1876 = PLANE ( 'NONE',  #3056 ) ;
#1877 = LINE ( 'NONE', #710, #343 ) ;
#1878 = EDGE_LOOP ( 'NONE', ( #1436, #2400, #363, #546 ) ) ;
#1879 = DIRECTION ( 'NONE',  ( 0.0000000000000000000, -1.242314989306307100E-016, 1.000000000000000000 ) ) ;
#1880 = VECTOR ( 'NONE', #2442, 1000.000000000000000 ) ;
#1881 = VERTEX_POINT ( 'NONE', #3649 ) ;
#1882 = EDGE_CURVE ( 'NONE', #3255, #2439, #1377, .T. ) ;
#1883 = ADVANCED_FACE ( 'NONE', ( #2487 ), #3319, .F. ) ;
#1884 = CARTESIAN_POINT ( 'NONE',  ( -0.1399999999999995400, 0.05000000000000000300, -0.6999999999999999600 ) ) ;
#1885 = CARTESIAN_POINT ( 'NONE',  ( -0.5500000000000000400, 0.06000000000000000500, 0.2250000000000000600 ) ) ;
#1886 = VECTOR ( 'NONE', #2072, 1000.000000000000000 ) ;
#1887 = ORIENTED_EDGE ( 'NONE', *, *, #3832, .T. ) ;
#1888 = LINE ( 'NONE', #464, #311 ) ;
#1889 = LINE ( 'NONE', #3223, #2309 ) ;
#1890 = ADVANCED_FACE ( 'NONE', ( #1579 ), #2666, .T. ) ;
#1891 = ORIENTED_EDGE ( 'NONE', *, *, #1841, .F. ) ;
#1892 = LINE ( 'NONE', #418, #135 ) ;
#1893 = VERTEX_POINT ( 'NONE', #1824 ) ;
#1894 = CARTESIAN_POINT ( 'NONE',  ( 0.3600000000000004900, -0.05000000000000000300, -0.7000000000000000700 ) ) ;
#1895 = CARTESIAN_POINT ( 'NONE',  ( -0.1899999999999995600, 0.05000000000000000300, 0.5000000000000000000 ) ) ;
#1896 = DIRECTION ( 'NONE',  ( 0.0000000000000000000, 0.0000000000000000000, 1.000000000000000000 ) ) ;
#1897 = ORIENTED_EDGE ( 'NONE', *, *, #1422, .T. ) ;
#1898 = DIRECTION ( 'NONE',  ( 0.0000000000000000000, 1.242314989306307100E-016, -1.000000000000000000 ) ) ;
#1899 = ORIENTED_EDGE ( 'NONE', *, *, #333, .F. ) ;
#1900 = ORIENTED_EDGE ( 'NONE', *, *, #2955, .F. ) ;
#1901 = LINE ( 'NONE', #2325, #599 ) ;
#1902 = ORIENTED_EDGE ( 'NONE', *, *, #611, .T. ) ;
#1903 = ADVANCED_FACE ( 'NONE', ( #2131 ), #1223, .F. ) ;
#1904 = VERTEX_POINT ( 'NONE', #2974 ) ;
#1905 = DIRECTION ( 'NONE',  ( -0.0000000000000000000, 1.000000000000000000, 9.035018104045869500E-017 ) ) ;
#1906 = PRESENTATION_LAYER_ASSIGNMENT (  '', '', ( #582 ) ) ;
#1907 = DIRECTION ( 'NONE',  ( 1.000000000000000000, 0.0000000000000000000, 0.0000000000000000000 ) ) ;
#1908 = CARTESIAN_POINT ( 'NONE',  ( 0.5000000000000000000, 0.05999999999999999100, 0.3750000000000000600 ) ) ;
#1909 = CARTESIAN_POINT ( 'NONE',  ( -0.5500000000000000400, 0.009999999999999984600, 0.3750000000000000600 ) ) ;
#1910 = EDGE_CURVE ( 'NONE', #1393, #1134, #2814, .T. ) ;
#1911 = EDGE_LOOP ( 'NONE', ( #1244, #57, #950, #2000 ) ) ;
#1912 = LINE ( 'NONE', #2410, #1035 ) ;
#1913 = VECTOR ( 'NONE', #1028, 1000.000000000000000 ) ;
#1914 = FACE_OUTER_BOUND ( 'NONE', #1693, .T. ) ;
#1915 = PLANE ( 'NONE',  #3863 ) ;
#1916 = CARTESIAN_POINT ( 'NONE',  ( -0.5500000000000000400, 0.01000000000000021900, -0.2250000000000000600 ) ) ;
#1917 = PRODUCT_DEFINITION ( 'UNKNOWN', '', #2127, #922 ) ;
#1918 = FACE_OUTER_BOUND ( 'NONE', #1634, .T. ) ;
#1919 = ORIENTED_EDGE ( 'NONE', *, *, #1274, .F. ) ;
#1920 = LINE ( 'NONE', #991, #1697 ) ;
#1921 = EDGE_CURVE ( 'NONE', #1343, #124, #3106, .T. ) ;
#1922 = LINE ( 'NONE', #1909, #617 ) ;
#1923 = VERTEX_POINT ( 'NONE', #2113 ) ;
#1924 = PLANE ( 'NONE',  #1520 ) ;
#1925 = AXIS2_PLACEMENT_3D ( 'NONE', #203, #1953, #793 ) ;
#1926 = CARTESIAN_POINT ( 'NONE',  ( 0.0000000000000000000, 0.05000000000000000300, 0.0000000000000000000 ) ) ;
#1927 = COLOUR_RGB ( '',1.000000000000000000, 1.000000000000000000, 1.000000000000000000 ) ;
#1928 = CARTESIAN_POINT ( 'NONE',  ( 0.3100000000000003900, 0.0000000000000000000, -0.6999999999999999600 ) ) ;
#1929 = EDGE_CURVE ( 'NONE', #2415, #1881, #1241, .T. ) ;
#1930 = CARTESIAN_POINT ( 'NONE',  ( -0.5500000000000000400, 0.06000000000000020600, -0.3750000000000000600 ) ) ;
#1931 = CARTESIAN_POINT ( 'NONE',  ( 0.1399999999999995400, 0.05000000000000000300, 0.6999999999999999600 ) ) ;
#1932 = ORIENTED_EDGE ( 'NONE', *, *, #306, .T. ) ;
#1933 = ORIENTED_EDGE ( 'NONE', *, *, #1086, .T. ) ;
#1934 = VECTOR ( 'NONE', #1864, 1000.000000000000000 ) ;
#1935 = FACE_OUTER_BOUND ( 'NONE', #3721, .T. ) ;
#1936 = EDGE_CURVE ( 'NONE', #818, #1341, #91, .T. ) ;
#1937 = EDGE_LOOP ( 'NONE', ( #3651, #3460, #1730, #2571 ) ) ;
#1938 = CARTESIAN_POINT ( 'NONE',  ( 0.5500000000000000400, 0.01000000000000000200, 0.2250000000000000600 ) ) ;
#1939 = PRODUCT_CONTEXT ( 'NONE', #2245, 'mechanical' ) ;
#1940 = DIRECTION ( 'NONE',  ( 0.0000000000000000000, -1.000000000000000000, 0.0000000000000000000 ) ) ;
#1941 = DIRECTION ( 'NONE',  ( 1.000000000000000000, -0.0000000000000000000, -0.0000000000000000000 ) ) ;
#1942 = ORIENTED_EDGE ( 'NONE', *, *, #2009, .T. ) ;
#1943 = AXIS2_PLACEMENT_3D ( 'NONE', #3677, #2776, #3373 ) ;
#1944 = DIRECTION ( 'NONE',  ( -0.0000000000000000000, 1.000000000000000000, -0.0000000000000000000 ) ) ;
#1945 = CARTESIAN_POINT ( 'NONE',  ( -0.1400000000000000100, -0.05000000000000000300, 0.5000000000000000000 ) ) ;
#1946 = VERTEX_POINT ( 'NONE', #2140 ) ;
#1947 = ORIENTED_EDGE ( 'NONE', *, *, #1288, .T. ) ;
#1948 = DIRECTION ( 'NONE',  ( -1.000000000000000000, -0.0000000000000000000, -0.0000000000000000000 ) ) ;
#1949 = CARTESIAN_POINT ( 'NONE',  ( -0.5500000000000000400, 0.3500000000000000300, 0.7000000000000001800 ) ) ;
#1950 = VERTEX_POINT ( 'NONE', #348 ) ;
#1951 = EDGE_CURVE ( 'NONE', #1631, #815, #1482, .T. ) ;
#1952 = ADVANCED_FACE ( 'NONE', ( #3768 ), #2125, .F. ) ;
#1953 = DIRECTION ( 'NONE',  ( -1.000000000000000000, 0.0000000000000000000, 0.0000000000000000000 ) ) ;
#1954 = CARTESIAN_POINT ( 'NONE',  ( 0.1899999999999995600, 0.0000000000000000000, -0.5000000000000000000 ) ) ;
#1955 = ORIENTED_EDGE ( 'NONE', *, *, #1385, .T. ) ;
#1956 =( NAMED_UNIT ( * ) PLANE_ANGLE_UNIT ( ) SI_UNIT ( $, .RADIAN. ) );
#1957 = LINE ( 'NONE', #3432, #369 ) ;
#1958 = LINE ( 'NONE', #3752, #1731 ) ;
#1959 = FACE_OUTER_BOUND ( 'NONE', #3157, .T. ) ;
#1960 = EDGE_CURVE ( 'NONE', #2361, #3181, #3061, .T. ) ;
#1961 = VECTOR ( 'NONE', #3736, 1000.000000000000000 ) ;
#1962 = VERTEX_POINT ( 'NONE', #2409 ) ;
#1963 = DIRECTION ( 'NONE',  ( -0.0000000000000000000, 1.000000000000000000, -0.0000000000000000000 ) ) ;
#1964 = LINE ( 'NONE', #3203, #700 ) ;
#1965 = VERTEX_POINT ( 'NONE', #939 ) ;
#1966 = DIRECTION ( 'NONE',  ( 0.0000000000000000000, 0.0000000000000000000, 1.000000000000000000 ) ) ;
#1967 = FILL_AREA_STYLE ('',( #2756 ) ) ;
#1968 = FACE_OUTER_BOUND ( 'NONE', #2217, .T. ) ;
#1969 = ORIENTED_EDGE ( 'NONE', *, *, #816, .F. ) ;
#1970 = LINE ( 'NONE', #3728, #3050 ) ;
#1971 = VECTOR ( 'NONE', #2820, 1000.000000000000000 ) ;
#1972 = ORIENTED_EDGE ( 'NONE', *, *, #3652, .T. ) ;
#1973 = EDGE_CURVE ( 'NONE', #2433, #1289, #313, .T. ) ;
#1974 = AXIS2_PLACEMENT_3D ( 'NONE', #2611, #2625, #530 ) ;
#1975 = CARTESIAN_POINT ( 'NONE',  ( -0.5000000000000000000, 0.05999999999999999100, 0.3750000000000000600 ) ) ;
#1976 = DIRECTION ( 'NONE',  ( 1.000000000000000000, 0.0000000000000000000, 0.0000000000000000000 ) ) ;
#1977 = CARTESIAN_POINT ( 'NONE',  ( -0.5000000000000000000, 0.009999999999999984600, 0.3750000000000000600 ) ) ;
#1978 = DIRECTION ( 'NONE',  ( -0.0000000000000000000, 1.000000000000000000, -0.0000000000000000000 ) ) ;
#1979 = LINE ( 'NONE', #3642, #1880 ) ;
#1980 = ORIENTED_EDGE ( 'NONE', *, *, #3409, .T. ) ;
#1981 = FACE_OUTER_BOUND ( 'NONE', #1431, .T. ) ;
#1982 = CARTESIAN_POINT ( 'NONE',  ( -0.1399999999999995400, 0.05000000000000000300, -0.5000000000000000000 ) ) ;
#1983 = ORIENTED_EDGE ( 'NONE', *, *, #2462, .T. ) ;
#1984 = ORIENTED_EDGE ( 'NONE', *, *, #76, .F. ) ;
#1985 = EDGE_CURVE ( 'NONE', #540, #2540, #2672, .T. ) ;
#1986 = FACE_OUTER_BOUND ( 'NONE', #892, .T. ) ;
#1987 = DIRECTION ( 'NONE',  ( -1.000000000000000000, 0.0000000000000000000, 0.0000000000000000000 ) ) ;
#1988 = ORIENTED_EDGE ( 'NONE', *, *, #2466, .F. ) ;
#1989 = DIRECTION ( 'NONE',  ( 0.0000000000000000000, -0.0000000000000000000, 1.000000000000000000 ) ) ;
#1990 = VERTEX_POINT ( 'NONE', #1362 ) ;
#1991 = PLANE ( 'NONE',  #1458 ) ;
#1992 = CARTESIAN_POINT ( 'NONE',  ( 0.0000000000000000000, 0.05000000000000000300, 0.0000000000000000000 ) ) ;
#1993 =( LENGTH_UNIT ( ) NAMED_UNIT ( * ) SI_UNIT ( .MILLI., .METRE. ) );
#1994 = VERTEX_POINT ( 'NONE', #3218 ) ;
#1995 = EDGE_CURVE ( 'NONE', #3329, #3788, #1287, .T. ) ;
#1996 = LINE ( 'NONE', #707, #3738 ) ;
#1997 = ORIENTED_EDGE ( 'NONE', *, *, #3154, .F. ) ;
#1998 = CARTESIAN_POINT ( 'NONE',  ( -0.3100000000000003900, 0.05000000000000000300, 0.5000000000000000000 ) ) ;
#1999 = DIRECTION ( 'NONE',  ( -0.0000000000000000000, -1.000000000000000000, -0.0000000000000000000 ) ) ;
#2000 = ORIENTED_EDGE ( 'NONE', *, *, #3425, .F. ) ;
#2001 = LINE ( 'NONE', #1342, #1961 ) ;
#2002 = DIRECTION ( 'NONE',  ( 0.0000000000000000000, -0.0000000000000000000, -1.000000000000000000 ) ) ;
#2003 = FACE_OUTER_BOUND ( 'NONE', #1388, .T. ) ;
#2004 = CARTESIAN_POINT ( 'NONE',  ( 0.1399999999999995400, 0.0000000000000000000, 0.5000000000000000000 ) ) ;
#2005 = DIRECTION ( 'NONE',  ( 1.000000000000000000, -0.0000000000000000000, -2.956915015869557300E-016 ) ) ;
#2006 = LINE ( 'NONE', #458, #2742 ) ;
#2007 = FACE_OUTER_BOUND ( 'NONE', #916, .T. ) ;
#2008 = VECTOR ( 'NONE', #340, 1000.000000000000000 ) ;
#2009 = EDGE_CURVE ( 'NONE', #231, #2455, #2079, .T. ) ;
#2010 = ADVANCED_FACE ( 'NONE', ( #2768 ), #1020, .T. ) ;
#2011 = FACE_OUTER_BOUND ( 'NONE', #110, .T. ) ;
#2012 = LINE ( 'NONE', #2084, #1225 ) ;
#2013 = ORIENTED_EDGE ( 'NONE', *, *, #1717, .F. ) ;
#2014 =( LENGTH_UNIT ( ) NAMED_UNIT ( * ) SI_UNIT ( .MILLI., .METRE. ) );
#2015 = LINE ( 'NONE', #3576, #159 ) ;
#2016 = DIRECTION ( 'NONE',  ( 1.000000000000000000, 0.0000000000000000000, -9.856383386231857600E-017 ) ) ;
#2017 = PRESENTATION_LAYER_ASSIGNMENT (  '', '', ( #3683 ) ) ;
#2018 = VECTOR ( 'NONE', #1941, 1000.000000000000000 ) ;
#2019 = VERTEX_POINT ( 'NONE', #3486 ) ;
#2020 = DIRECTION ( 'NONE',  ( -1.355252715606880800E-016, 0.0000000000000000000, -1.000000000000000000 ) ) ;
#2021 = DIRECTION ( 'NONE',  ( -1.000000000000000000, 0.0000000000000000000, -1.355252715606880800E-016 ) ) ;
#2022 = LINE ( 'NONE', #1626, #253 ) ;
#2023 = ORIENTED_EDGE ( 'NONE', *, *, #2900, .F. ) ;
#2024 = VECTOR ( 'NONE', #2088, 1000.000000000000000 ) ;
#2025 = ORIENTED_EDGE ( 'NONE', *, *, #712, .F. ) ;
#2026 = FACE_OUTER_BOUND ( 'NONE', #2417, .T. ) ;
#2027 = DIRECTION ( 'NONE',  ( 0.0000000000000000000, 0.0000000000000000000, 1.000000000000000000 ) ) ;
#2028 = CARTESIAN_POINT ( 'NONE',  ( 0.3100000000000003900, 0.0000000000000000000, -0.6999999999999999600 ) ) ;
#2029 = VECTOR ( 'NONE', #21, 1000.000000000000000 ) ;
#2030 = LINE ( 'NONE', #1710, #1336 ) ;
#2031 = VERTEX_POINT ( 'NONE', #2038 ) ;
#2032 =( NAMED_UNIT ( * ) SI_UNIT ( $, .STERADIAN. ) SOLID_ANGLE_UNIT ( ) );
#2033 = PLANE ( 'NONE',  #368 ) ;
#2034 = EDGE_CURVE ( 'NONE', #2171, #3686, #1889, .T. ) ;
#2035 = ORIENTED_EDGE ( 'NONE', *, *, #2764, .F. ) ;
#2036 = CARTESIAN_POINT ( 'NONE',  ( -0.4000000000000000200, -0.05000000000000000300, -0.1499999999999999900 ) ) ;
#2037 = ORIENTED_EDGE ( 'NONE', *, *, #3827, .F. ) ;
#2038 = CARTESIAN_POINT ( 'NONE',  ( -0.3100000000000003900, 0.0000000000000000000, 0.5000000000000000000 ) ) ;
#2039 = VERTEX_POINT ( 'NONE', #3836 ) ;
#2040 = DIRECTION ( 'NONE',  ( 0.0000000000000000000, 1.242314989306307100E-016, -1.000000000000000000 ) ) ;
#2041 = EDGE_CURVE ( 'NONE', #1773, #3098, #773, .T. ) ;
#2042 =( GEOMETRIC_REPRESENTATION_CONTEXT ( 3 ) GLOBAL_UNCERTAINTY_ASSIGNED_CONTEXT ( ( #2316 ) ) GLOBAL_UNIT_ASSIGNED_CONTEXT ( ( #1812, #3667, #362 ) ) REPRESENTATION_CONTEXT ( 'NONE', 'WORKASPACE' ) );
#2043 = DIRECTION ( 'NONE',  ( -0.0000000000000000000, -1.000000000000000000, -0.0000000000000000000 ) ) ;
#2044 = ORIENTED_EDGE ( 'NONE', *, *, #2900, .T. ) ;
#2045 = VECTOR ( 'NONE', #2139, 1000.000000000000000 ) ;
#2046 = VERTEX_POINT ( 'NONE', #503 ) ;
#2047 = EDGE_CURVE ( 'NONE', #1923, #818, #2405, .T. ) ;
#2048 = EDGE_CURVE ( 'NONE', #2361, #3057, #1188, .T. ) ;
#2049 = ADVANCED_FACE ( 'NONE', ( #1013 ), #2339, .F. ) ;
#2050 = LINE ( 'NONE', #762, #1450 ) ;
#2051 = LINE ( 'NONE', #850, #2598 ) ;
#2052 = PLANE ( 'NONE',  #3355 ) ;
#2053 = DIRECTION ( 'NONE',  ( 1.000000000000000000, 0.0000000000000000000, 0.0000000000000000000 ) ) ;
#2054 = EDGE_CURVE ( 'NONE', #3686, #3510, #2905, .T. ) ;
#2055 = ORIENTED_EDGE ( 'NONE', *, *, #1566, .T. ) ;
#2056 = CARTESIAN_POINT ( 'NONE',  ( 0.1399999999999995400, 0.0000000000000000000, 0.6999999999999999600 ) ) ;
#2057 = DIRECTION ( 'NONE',  ( -1.355252715606880800E-016, 0.0000000000000000000, 1.000000000000000000 ) ) ;
#2058 = DIRECTION ( 'NONE',  ( 1.000000000000000000, 0.0000000000000000000, -1.355252715606880900E-015 ) ) ;
#2059 = DIRECTION ( 'NONE',  ( 1.000000000000000000, 0.0000000000000000000, 0.0000000000000000000 ) ) ;
#2060 = ORIENTED_EDGE ( 'NONE', *, *, #3182, .F. ) ;
#2061 = AXIS2_PLACEMENT_3D ( 'NONE', #3679, #2236, #2438 ) ;
#2062 = EDGE_CURVE ( 'NONE', #1323, #1343, #3804, .T. ) ;
#2063 = CARTESIAN_POINT ( 'NONE',  ( 0.4000000000000000200, 0.0000000000000000000, -0.2999999999999998800 ) ) ;
#2064 = VERTEX_POINT ( 'NONE', #3516 ) ;
#2065 = LINE ( 'NONE', #3116, #1971 ) ;
#2066 = CARTESIAN_POINT ( 'NONE',  ( -0.3100000000000003900, 0.0000000000000000000, -0.6999999999999999600 ) ) ;
#2067 = DIRECTION ( 'NONE',  ( 0.0000000000000000000, -9.035018104045869500E-017, 1.000000000000000000 ) ) ;
#2068 = CARTESIAN_POINT ( 'NONE',  ( 0.5500000000000000400, 0.009999999999999984600, 0.3750000000000000600 ) ) ;
#2069 = ORIENTED_EDGE ( 'NONE', *, *, #3206, .T. ) ;
#2070 = DIRECTION ( 'NONE',  ( 1.000000000000000000, 0.0000000000000000000, -0.0000000000000000000 ) ) ;
#2071 = ADVANCED_FACE ( 'NONE', ( #1138 ), #2889, .F. ) ;
#2072 = DIRECTION ( 'NONE',  ( -0.0000000000000000000, 1.000000000000000000, -0.0000000000000000000 ) ) ;
#2073 = CARTESIAN_POINT ( 'NONE',  ( 0.1399999999999995400, 0.0000000000000000000, -0.6999999999999999600 ) ) ;
#2074 = VERTEX_POINT ( 'NONE', #1427 ) ;
#2075 = EDGE_CURVE ( 'NONE', #399, #2500, #496, .T. ) ;
#2076 = FACE_OUTER_BOUND ( 'NONE', #1509, .T. ) ;
#2077 = DIRECTION ( 'NONE',  ( -1.355252715606880800E-016, -0.0000000000000000000, -1.000000000000000000 ) ) ;
#2078 = ORIENTED_EDGE ( 'NONE', *, *, #3117, .T. ) ;
#2079 = LINE ( 'NONE', #2159, #3578 ) ;
#2080 = EDGE_CURVE ( 'NONE', #618, #2494, #3598, .T. ) ;
#2081 = AXIS2_PLACEMENT_3D ( 'NONE', #176, #1350, #3737 ) ;
#2082 = ORIENTED_EDGE ( 'NONE', *, *, #2389, .F. ) ;
#2083 = MANIFOLD_SOLID_BREP ( 'Boss-Extrude3[1]', #1561 ) ;
#2084 = CARTESIAN_POINT ( 'NONE',  ( 0.5500000000000000400, 0.01000000000000021900, -0.2250000000000000600 ) ) ;
#2085 = EDGE_LOOP ( 'NONE', ( #1254, #1825, #2650, #1804 ) ) ;
#2086 = DIRECTION ( 'NONE',  ( 0.0000000000000000000, -1.000000000000000000, 9.035018104045869500E-017 ) ) ;
#2087 = AXIS2_PLACEMENT_3D ( 'NONE', #2510, #732, #1041 ) ;
#2088 = DIRECTION ( 'NONE',  ( 2.574980159653073400E-015, 0.0000000000000000000, -1.000000000000000000 ) ) ;
#2089 = CARTESIAN_POINT ( 'NONE',  ( -0.3600000000000003800, 0.05000000000000000300, 0.6999999999999999600 ) ) ;
#2090 = EDGE_CURVE ( 'NONE', #1381, #1378, #1347, .T. ) ;
#2091 = ORIENTED_EDGE ( 'NONE', *, *, #1422, .F. ) ;
#2092 = CARTESIAN_POINT ( 'NONE',  ( 0.3100000000000003900, 0.0000000000000000000, -0.6999999999999999600 ) ) ;
#2093 = ADVANCED_FACE ( 'NONE', ( #2230 ), #1732, .F. ) ;
#2094 = ORIENTED_EDGE ( 'NONE', *, *, #2432, .F. ) ;
#2095 = DIRECTION ( 'NONE',  ( -1.000000000000000000, -0.0000000000000000000, -0.0000000000000000000 ) ) ;
#2096 = CARTESIAN_POINT ( 'NONE',  ( 0.0000000000000000000, 0.05000000000000000300, 0.0000000000000000000 ) ) ;
#2097 = DIRECTION ( 'NONE',  ( 1.000000000000000000, 0.0000000000000000000, -1.355252715606880800E-016 ) ) ;
#2098 = CARTESIAN_POINT ( 'NONE',  ( -0.1899999999999995600, 0.05000000000000000300, -0.5000000000000000000 ) ) ;
#2099 = ORIENTED_EDGE ( 'NONE', *, *, #3286, .F. ) ;
#2100 = CARTESIAN_POINT ( 'NONE',  ( 0.1399999999999995400, 0.05000000000000000300, -0.5000000000000000000 ) ) ;
#2101 = PLANE ( 'NONE',  #1249 ) ;
#2102 = ORIENTED_EDGE ( 'NONE', *, *, #2715, .F. ) ;
#2103 = CARTESIAN_POINT ( 'NONE',  ( 0.4000000000000000200, 0.0000000000000000000, 0.3000000000000001000 ) ) ;
#2104 = PLANE ( 'NONE',  #2223 ) ;
#2105 = ORIENTED_EDGE ( 'NONE', *, *, #2198, .F. ) ;
#2106 = VECTOR ( 'NONE', #2562, 1000.000000000000000 ) ;
#2107 = DIRECTION ( 'NONE',  ( 1.355252715606880800E-016, 0.0000000000000000000, -1.000000000000000000 ) ) ;
#2108 = VECTOR ( 'NONE', #1868, 1000.000000000000000 ) ;
#2109 = VECTOR ( 'NONE', #625, 1000.000000000000000 ) ;
#2110 = AXIS2_PLACEMENT_3D ( 'NONE', #641, #657, #1879 ) ;
#2111 = ORIENTED_EDGE ( 'NONE', *, *, #342, .T. ) ;
#2112 = DIRECTION ( 'NONE',  ( -1.219727444046192700E-015, -0.0000000000000000000, -1.000000000000000000 ) ) ;
#2113 = CARTESIAN_POINT ( 'NONE',  ( -0.3600000000000003800, -0.05000000000000000300, 0.6999999999999999600 ) ) ;
#2114 = PLANE ( 'NONE',  #490 ) ;
#2115 = ORIENTED_EDGE ( 'NONE', *, *, #2158, .F. ) ;
#2117 = CARTESIAN_POINT ( 'NONE',  ( -0.5000000000000000000, 0.06000000000000022000, -0.2250000000000000600 ) ) ;
#2116 = VECTOR ( 'NONE', #3071, 1000.000000000000000 ) ;
#2118 = CARTESIAN_POINT ( 'NONE',  ( -0.4000000000000000200, 0.0000000000000000000, 0.2999999999999999900 ) ) ;
#2119 = ORIENTED_EDGE ( 'NONE', *, *, #3058, .T. ) ;
#2120 = MECHANICAL_DESIGN_GEOMETRIC_PRESENTATION_REPRESENTATION (  '', ( #582 ), #2256 ) ;
#2121 = LINE ( 'NONE', #2522, #1653 ) ;
#2122 = FACE_OUTER_BOUND ( 'NONE', #229, .T. ) ;
#2123 = DIRECTION ( 'NONE',  ( 0.0000000000000000000, -0.0000000000000000000, 1.000000000000000000 ) ) ;
#2124 = ORIENTED_EDGE ( 'NONE', *, *, #1871, .T. ) ;
#2125 = PLANE ( 'NONE',  #981 ) ;
#2126 = CARTESIAN_POINT ( 'NONE',  ( 0.0000000000000000000, -0.05000000000000000300, 0.0000000000000000000 ) ) ;
#2127 = PRODUCT_DEFINITION_FORMATION_WITH_SPECIFIED_SOURCE ( 'ANY', '', #1657, .NOT_KNOWN. ) ;
#2128 = EDGE_LOOP ( 'NONE', ( #3311, #2481, #1807, #2180 ) ) ;
#2129 = FACE_OUTER_BOUND ( 'NONE', #3549, .T. ) ;
#2130 = CARTESIAN_POINT ( 'NONE',  ( 0.0000000000000000000, -0.05000000000000000300, 0.0000000000000000000 ) ) ;
#2131 = FACE_OUTER_BOUND ( 'NONE', #1293, .T. ) ;
#2132 = CARTESIAN_POINT ( 'NONE',  ( 0.5000000000000000000, 0.06000000000000020600, -0.3750000000000000600 ) ) ;
#2133 = DIRECTION ( 'NONE',  ( 0.0000000000000000000, 0.0000000000000000000, -1.000000000000000000 ) ) ;
#2134 = EDGE_CURVE ( 'NONE', #11, #2019, #836, .T. ) ;
#2135 = VECTOR ( 'NONE', #169, 1000.000000000000000 ) ;
#2136 = EDGE_LOOP ( 'NONE', ( #3293, #3674, #1216, #1545 ) ) ;
#2137 = AXIS2_PLACEMENT_3D ( 'NONE', #494, #3242, #2614 ) ;
#2138 = ORIENTED_EDGE ( 'NONE', *, *, #1487, .T. ) ;
#2139 = DIRECTION ( 'NONE',  ( 1.000000000000000000, -0.0000000000000000000, -0.0000000000000000000 ) ) ;
#2140 = CARTESIAN_POINT ( 'NONE',  ( -0.3600000000000003800, 0.05000000000000000300, -0.6999999999999999600 ) ) ;
#2141 = ORIENTED_EDGE ( 'NONE', *, *, #816, .T. ) ;
#2142 = PLANE ( 'NONE',  #312 ) ;
#2143 = DIRECTION ( 'NONE',  ( 0.0000000000000000000, -1.000000000000000000, 0.0000000000000000000 ) ) ;
#2144 = ORIENTED_EDGE ( 'NONE', *, *, #3726, .F. ) ;
#2145 = DIRECTION ( 'NONE',  ( -1.000000000000000000, 0.0000000000000000000, 1.355252715606880800E-016 ) ) ;
#2146 = EDGE_CURVE ( 'NONE', #3070, #3444, #2977, .T. ) ;
#2147 = DIRECTION ( 'NONE',  ( 1.000000000000000000, 0.0000000000000000000, 0.0000000000000000000 ) ) ;
#2148 = ORIENTED_EDGE ( 'NONE', *, *, #1239, .T. ) ;
#2149 = VERTEX_POINT ( 'NONE', #2651 ) ;
#2150 = CARTESIAN_POINT ( 'NONE',  ( 0.3600000000000001500, 0.0000000000000000000, -0.5000000000000001100 ) ) ;
#2151 = VECTOR ( 'NONE', #2818, 1000.000000000000000 ) ;
#2152 = LINE ( 'NONE', #409, #501 ) ;
#2153 = DIRECTION ( 'NONE',  ( 1.000000000000000000, 0.0000000000000000000, 0.0000000000000000000 ) ) ;
#2154 = ORIENTED_EDGE ( 'NONE', *, *, #2728, .F. ) ;
#2155 = LINE ( 'NONE', #2773, #1636 ) ;
#2156 = VECTOR ( 'NONE', #1830, 1000.000000000000000 ) ;
#2157 = CARTESIAN_POINT ( 'NONE',  ( 0.5000000000000000000, 0.0000000000000000000, 0.0000000000000000000 ) ) ;
#2158 = EDGE_CURVE ( 'NONE', #2509, #3055, #1901, .T. ) ;
#2159 = CARTESIAN_POINT ( 'NONE',  ( 0.3600000000000003800, 0.0000000000000000000, 0.5000000000000000000 ) ) ;
#2160 = ORIENTED_EDGE ( 'NONE', *, *, #857, .F. ) ;
#2161 = FACE_OUTER_BOUND ( 'NONE', #19, .T. ) ;
#2162 = EDGE_CURVE ( 'NONE', #2488, #11, #643, .T. ) ;
#2163 = VECTOR ( 'NONE', #1314, 1000.000000000000000 ) ;
#2164 = CARTESIAN_POINT ( 'NONE',  ( -0.3600000000000003800, 0.05000000000000000300, 0.6999999999999999600 ) ) ;
#2165 = DIRECTION ( 'NONE',  ( -0.0000000000000000000, 1.000000000000000000, -0.0000000000000000000 ) ) ;
#2166 = VERTEX_POINT ( 'NONE', #3585 ) ;
#2167 = ORIENTED_EDGE ( 'NONE', *, *, #450, .F. ) ;
#2168 = SURFACE_STYLE_FILL_AREA ( #1967 ) ;
#2169 = LINE ( 'NONE', #2523, #821 ) ;
#2170 = ORIENTED_EDGE ( 'NONE', *, *, #1717, .T. ) ;
#2171 = VERTEX_POINT ( 'NONE', #899 ) ;
#2172 = DIRECTION ( 'NONE',  ( 0.0000000000000000000, -1.000000000000000000, -0.0000000000000000000 ) ) ;
#2173 = ORIENTED_EDGE ( 'NONE', *, *, #1751, .F. ) ;
#2174 = PLANE ( 'NONE',  #3528 ) ;
#2175 = VERTEX_POINT ( 'NONE', #1172 ) ;
#2176 = CARTESIAN_POINT ( 'NONE',  ( -0.5000000000000000000, 0.06000000000000000500, 0.2250000000000000600 ) ) ;
#2177 = ORIENTED_EDGE ( 'NONE', *, *, #2322, .T. ) ;
#2178 = CARTESIAN_POINT ( 'NONE',  ( 0.3100000000000003900, 0.0000000000000000000, 0.5000000000000000000 ) ) ;
#2179 = CARTESIAN_POINT ( 'NONE',  ( -0.3100000000000003900, 0.05000000000000000300, -0.6999999999999999600 ) ) ;
#2180 = ORIENTED_EDGE ( 'NONE', *, *, #937, .T. ) ;
#2181 = EDGE_CURVE ( 'NONE', #2540, #147, #3542, .T. ) ;
#2182 = LINE ( 'NONE', #1766, #600 ) ;
#2183 = CARTESIAN_POINT ( 'NONE',  ( 0.1399999999999995400, 0.0000000000000000000, -0.6999999999999999600 ) ) ;
#2184 = ORIENTED_EDGE ( 'NONE', *, *, #2640, .F. ) ;
#2185 = EDGE_CURVE ( 'NONE', #2175, #1860, #2733, .T. ) ;
#2186 = VECTOR ( 'NONE', #830, 1000.000000000000000 ) ;
#2187 = AXIS2_PLACEMENT_3D ( 'NONE', #2207, #3073, #1896 ) ;
#2188 = ORIENTED_EDGE ( 'NONE', *, *, #881, .F. ) ;
#2189 = VECTOR ( 'NONE', #3565, 1000.000000000000000 ) ;
#2190 = EDGE_CURVE ( 'NONE', #2261, #194, #3400, .T. ) ;
#2191 = UNCERTAINTY_MEASURE_WITH_UNIT (LENGTH_MEASURE( 1.000000000000000100E-005 ), #2605, 'distance_accuracy_value', 'NONE');
#2192 = CARTESIAN_POINT ( 'NONE',  ( -0.5000000000000000000, 0.06000000000000000500, 0.2250000000000000600 ) ) ;
#2193 = CARTESIAN_POINT ( 'NONE',  ( 0.1399999999999995400, 0.05000000000000000300, 0.5000000000000000000 ) ) ;
#2194 = ORIENTED_EDGE ( 'NONE', *, *, #552, .T. ) ;
#2195 = VECTOR ( 'NONE', #3265, 1000.000000000000000 ) ;
#2196 = DIRECTION ( 'NONE',  ( 0.0000000000000000000, 1.000000000000000000, 0.0000000000000000000 ) ) ;
#2197 = ADVANCED_FACE ( 'NONE', ( #3308, #2689, #1030 ), #358, .F. ) ;
#2198 = EDGE_CURVE ( 'NONE', #738, #1341, #146, .T. ) ;
#2199 = LINE ( 'NONE', #1302, #2998 ) ;
#2200 = ORIENTED_EDGE ( 'NONE', *, *, #3349, .F. ) ;
#2201 = VECTOR ( 'NONE', #337, 1000.000000000000000 ) ;
#2202 = AXIS2_PLACEMENT_3D ( 'NONE', #3044, #3744, #2835 ) ;
#2203 = VECTOR ( 'NONE', #2476, 1000.000000000000000 ) ;
#2204 = ORIENTED_EDGE ( 'NONE', *, *, #865, .F. ) ;
#2205 = EDGE_CURVE ( 'NONE', #3302, #1103, #541, .T. ) ;
#2206 = DIRECTION ( 'NONE',  ( 0.0000000000000000000, 1.000000000000000000, 0.0000000000000000000 ) ) ;
#2207 = CARTESIAN_POINT ( 'NONE',  ( -0.5000000000000000000, 0.0000000000000000000, 0.0000000000000000000 ) ) ;
#2208 = VECTOR ( 'NONE', #3809, 1000.000000000000000 ) ;
#2209 = DIRECTION ( 'NONE',  ( -0.0000000000000000000, -1.000000000000000000, -0.0000000000000000000 ) ) ;
#2210 = SURFACE_STYLE_FILL_AREA ( #3326 ) ;
#2211 = LINE ( 'NONE', #149, #2718 ) ;
#2212 = ORIENTED_EDGE ( 'NONE', *, *, #654, .T. ) ;
#2213 = VECTOR ( 'NONE', #48, 1000.000000000000000 ) ;
#2214 =( GEOMETRIC_REPRESENTATION_CONTEXT ( 3 ) GLOBAL_UNCERTAINTY_ASSIGNED_CONTEXT ( ( #3539 ) ) GLOBAL_UNIT_ASSIGNED_CONTEXT ( ( #3557, #869, #2962 ) ) REPRESENTATION_CONTEXT ( 'NONE', 'WORKASPACE' ) );
#2215 = FILL_AREA_STYLE_COLOUR ( '', #3702 ) ;
#2216 = DIRECTION ( 'NONE',  ( 1.000000000000000000, 0.0000000000000000000, 0.0000000000000000000 ) ) ;
#2217 = EDGE_LOOP ( 'NONE', ( #449, #945, #2720, #585, #2349, #3169, #2307, #593 ) ) ;
#2218 = ORIENTED_EDGE ( 'NONE', *, *, #3750, .F. ) ;
#2219 = CARTESIAN_POINT ( 'NONE',  ( 0.3600000000000001500, -0.05000000000000000300, -0.5000000000000001100 ) ) ;
#2220 = EDGE_LOOP ( 'NONE', ( #1810, #1050, #99, #2801 ) ) ;
#2221 = DIRECTION ( 'NONE',  ( 0.0000000000000000000, -1.242314989306307100E-016, -1.000000000000000000 ) ) ;
#2222 = CARTESIAN_POINT ( 'NONE',  ( -0.3600000000000003800, 0.05000000000000000300, 0.5000000000000000000 ) ) ;
#2223 = AXIS2_PLACEMENT_3D ( 'NONE', #30, #3668, #405 ) ;
#2224 = ADVANCED_FACE ( 'NONE', ( #1726 ), #2498, .F. ) ;
#2225 = ORIENTED_EDGE ( 'NONE', *, *, #3750, .T. ) ;
#2226 = DIRECTION ( 'NONE',  ( 0.0000000000000000000, 0.0000000000000000000, -1.000000000000000000 ) ) ;
#2227 = CARTESIAN_POINT ( 'NONE',  ( 0.3600000000000004900, -0.05000000000000000300, -0.7000000000000000700 ) ) ;
#2228 = EDGE_LOOP ( 'NONE', ( #539, #677, #889, #1897 ) ) ;
#2229 = EDGE_CURVE ( 'NONE', #2513, #3626, #1861, .T. ) ;
#2230 = FACE_OUTER_BOUND ( 'NONE', #3595, .T. ) ;
#2231 = ORIENTED_EDGE ( 'NONE', *, *, #2771, .T. ) ;
#2232 = DIRECTION ( 'NONE',  ( 0.0000000000000000000, 1.000000000000000000, 0.0000000000000000000 ) ) ;
#2233 = DIRECTION ( 'NONE',  ( -1.000000000000000000, 0.0000000000000000000, -1.355252715606880500E-016 ) ) ;
#2234 = CARTESIAN_POINT ( 'NONE',  ( -0.1399999999999995400, 0.05000000000000000300, -0.6999999999999999600 ) ) ;
#2235 = VERTEX_POINT ( 'NONE', #1691 ) ;
#2236 = DIRECTION ( 'NONE',  ( 4.928191693115909100E-016, 0.0000000000000000000, -1.000000000000000000 ) ) ;
#2237 = EDGE_CURVE ( 'NONE', #3813, #1393, #87, .T. ) ;
#2238 = PRESENTATION_LAYER_ASSIGNMENT (  '', '', ( #1851 ) ) ;
#2239 = ORIENTED_EDGE ( 'NONE', *, *, #1402, .T. ) ;
#2240 = UNCERTAINTY_MEASURE_WITH_UNIT (LENGTH_MEASURE( 1.000000000000000100E-005 ), #1446, 'distance_accuracy_value', 'NONE');
#2241 = EDGE_CURVE ( 'NONE', #1157, #938, #3633, .T. ) ;
#2242 = VECTOR ( 'NONE', #812, 1000.000000000000000 ) ;
#2243 = ORIENTED_EDGE ( 'NONE', *, *, #1213, .F. ) ;
#2244 = CARTESIAN_POINT ( 'NONE',  ( -0.3100000000000003900, 0.0000000000000000000, -0.6999999999999999600 ) ) ;
#2245 = APPLICATION_CONTEXT ( 'automotive_design' ) ;
#2246 = FACE_OUTER_BOUND ( 'NONE', #347, .T. ) ;
#2247 = DIRECTION ( 'NONE',  ( 1.000000000000000000, 0.0000000000000000000, 1.668003342285391600E-016 ) ) ;
#2248 = VECTOR ( 'NONE', #140, 1000.000000000000000 ) ;
#2249 = EDGE_CURVE ( 'NONE', #3792, #3109, #959, .T. ) ;
#2250 = DIRECTION ( 'NONE',  ( -1.000000000000000000, 0.0000000000000000000, -0.0000000000000000000 ) ) ;
#2251 = DIRECTION ( 'NONE',  ( -1.000000000000000000, 0.0000000000000000000, 0.0000000000000000000 ) ) ;
#2252 = EDGE_LOOP ( 'NONE', ( #3346, #3427, #3392, #55 ) ) ;
#2253 = VECTOR ( 'NONE', #2143, 1000.000000000000000 ) ;
#2254 = ORIENTED_EDGE ( 'NONE', *, *, #1256, .T. ) ;
#2255 = VECTOR ( 'NONE', #375, 1000.000000000000000 ) ;
#2256 =( GEOMETRIC_REPRESENTATION_CONTEXT ( 3 ) GLOBAL_UNCERTAINTY_ASSIGNED_CONTEXT ( ( #3347 ) ) GLOBAL_UNIT_ASSIGNED_CONTEXT ( ( #1993, #1956, #1711 ) ) REPRESENTATION_CONTEXT ( 'NONE', 'WORKASPACE' ) );
#2257 = VECTOR ( 'NONE', #1462, 1000.000000000000000 ) ;
#2258 = EDGE_CURVE ( 'NONE', #2675, #615, #1888, .T. ) ;
#2259 = LINE ( 'NONE', #3483, #671 ) ;
#2260 = LINE ( 'NONE', #2178, #3191 ) ;
#2261 = VERTEX_POINT ( 'NONE', #1130 ) ;
#2262 = DIRECTION ( 'NONE',  ( -0.0000000000000000000, 1.000000000000000000, -0.0000000000000000000 ) ) ;
#2263 = ORIENTED_EDGE ( 'NONE', *, *, #2229, .F. ) ;
#2264 = AXIS2_PLACEMENT_3D ( 'NONE', #1926, #1940, #1025 ) ;
#2265 = PRESENTATION_STYLE_ASSIGNMENT (( #2751 ) ) ;
#2266 = ORIENTED_EDGE ( 'NONE', *, *, #3077, .T. ) ;
#2267 = ORIENTED_EDGE ( 'NONE', *, *, #1155, .F. ) ;
#2268 = DIRECTION ( 'NONE',  ( 0.0000000000000000000, -1.000000000000000000, 0.0000000000000000000 ) ) ;
#2269 = DIRECTION ( 'NONE',  ( 0.0000000000000000000, 1.000000000000000000, 0.0000000000000000000 ) ) ;
#2270 = DIRECTION ( 'NONE',  ( -1.355252715606880800E-016, 0.0000000000000000000, 1.000000000000000000 ) ) ;
#2271 = ORIENTED_EDGE ( 'NONE', *, *, #15, .F. ) ;
#2272 = EDGE_CURVE ( 'NONE', #2987, #194, #1613, .T. ) ;
#2273 = CARTESIAN_POINT ( 'NONE',  ( 0.1399999999999995400, 0.05000000000000000300, -0.5000000000000000000 ) ) ;
#2274 = CARTESIAN_POINT ( 'NONE',  ( 0.3100000000000003900, 0.05000000000000000300, -0.6999999999999999600 ) ) ;
#2275 = ORIENTED_EDGE ( 'NONE', *, *, #2272, .F. ) ;
#2276 = EDGE_CURVE ( 'NONE', #3584, #3302, #2535, .T. ) ;
#2277 = ORIENTED_EDGE ( 'NONE', *, *, #3567, .T. ) ;
#2278 = LINE ( 'NONE', #2496, #3659 ) ;
#2279 = ORIENTED_EDGE ( 'NONE', *, *, #3083, .T. ) ;
#2280 = EDGE_CURVE ( 'NONE', #247, #1343, #3379, .T. ) ;
#2281 = ADVANCED_FACE ( 'NONE', ( #767 ), #230, .F. ) ;
#2282 = EDGE_LOOP ( 'NONE', ( #1364, #3095, #223, #2725 ) ) ;
#2283 = LINE ( 'NONE', #3357, #557 ) ;
#2284 = EDGE_LOOP ( 'NONE', ( #3678, #3318, #3841, #3042 ) ) ;
#2285 = PRESENTATION_STYLE_ASSIGNMENT (( #3756 ) ) ;
#2286 = FILL_AREA_STYLE_COLOUR ( '', #1501 ) ;
#2287 = CARTESIAN_POINT ( 'NONE',  ( 0.3600000000000003800, 0.05000000000000000300, -0.5000000000000000000 ) ) ;
#2288 = DIRECTION ( 'NONE',  ( 0.0000000000000000000, 0.0000000000000000000, -1.000000000000000000 ) ) ;
#2289 = LINE ( 'NONE', #1009, #3043 ) ;
#2290 = VECTOR ( 'NONE', #3276, 1000.000000000000000 ) ;
#2291 = CARTESIAN_POINT ( 'NONE',  ( -0.1899999999999995600, 0.05000000000000000300, -0.5000000000000000000 ) ) ;
#2292 = VERTEX_POINT ( 'NONE', #2594 ) ;
#2293 = VECTOR ( 'NONE', #2909, 1000.000000000000000 ) ;
#2294 = VECTOR ( 'NONE', #2875, 1000.000000000000000 ) ;
#2295 = EDGE_LOOP ( 'NONE', ( #3019, #3546, #1549, #913 ) ) ;
#2296 = ORIENTED_EDGE ( 'NONE', *, *, #2134, .T. ) ;
#2297 = LINE ( 'NONE', #2100, #1526 ) ;
#2298 = CARTESIAN_POINT ( 'NONE',  ( 0.1400000000000004900, -0.05000000000000000300, -0.7000000000000001800 ) ) ;
#2299 = DIRECTION ( 'NONE',  ( -1.000000000000000000, 0.0000000000000000000, 9.856383386231857600E-017 ) ) ;
#2300 = ORIENTED_EDGE ( 'NONE', *, *, #1438, .F. ) ;
#2301 = ADVANCED_FACE ( 'NONE', ( #1707 ), #827, .T. ) ;
#2302 = VECTOR ( 'NONE', #2067, 1000.000000000000000 ) ;
#2303 = CARTESIAN_POINT ( 'NONE',  ( 0.1899999999999995900, 0.05000000000000000300, 0.6999999999999999600 ) ) ;
#2304 = DIRECTION ( 'NONE',  ( 0.0000000000000000000, 1.242314989306307100E-016, -1.000000000000000000 ) ) ;
#2305 = LINE ( 'NONE', #3844, #2570 ) ;
#2306 = VECTOR ( 'NONE', #137, 1000.000000000000000 ) ;
#2307 = ORIENTED_EDGE ( 'NONE', *, *, #538, .F. ) ;
#2308 = VECTOR ( 'NONE', #208, 1000.000000000000000 ) ;
#2309 = VECTOR ( 'NONE', #1120, 1000.000000000000000 ) ;
#2310 = CARTESIAN_POINT ( 'NONE',  ( -0.1899999999999995900, 0.0000000000000000000, 0.6999999999999999600 ) ) ;
#2311 = ORIENTED_EDGE ( 'NONE', *, *, #3140, .T. ) ;
#2312 = EDGE_CURVE ( 'NONE', #1839, #2513, #3148, .T. ) ;
#2313 = ORIENTED_EDGE ( 'NONE', *, *, #1845, .T. ) ;
#2314 = CARTESIAN_POINT ( 'NONE',  ( 0.5000000000000000000, 0.0000000000000000000, 0.0000000000000000000 ) ) ;
#2315 = DIRECTION ( 'NONE',  ( -0.0000000000000000000, -1.000000000000000000, -0.0000000000000000000 ) ) ;
#2316 = UNCERTAINTY_MEASURE_WITH_UNIT (LENGTH_MEASURE( 1.000000000000000100E-005 ), #1812, 'distance_accuracy_value', 'NONE');
#2317 = VERTEX_POINT ( 'NONE', #3569 ) ;
#2318 = PRODUCT_RELATED_PRODUCT_CATEGORY ( 'part', '', ( #1657 ) ) ;
#2319 = CARTESIAN_POINT ( 'NONE',  ( 0.1399999999999995400, 0.05000000000000000300, 0.5000000000000000000 ) ) ;
#2320 = DIRECTION ( 'NONE',  ( 1.000000000000000000, 0.0000000000000000000, -0.0000000000000000000 ) ) ;
#2321 = ORIENTED_EDGE ( 'NONE', *, *, #2521, .T. ) ;
#2322 = EDGE_CURVE ( 'NONE', #376, #130, #1798, .T. ) ;
#2323 = AXIS2_PLACEMENT_3D ( 'NONE', #3161, #1662, #3754 ) ;
#2324 = EDGE_LOOP ( 'NONE', ( #1984, #1271, #1369, #14 ) ) ;
#2325 = CARTESIAN_POINT ( 'NONE',  ( 0.3600000000000003800, 0.05000000000000000300, -0.6999999999999999600 ) ) ;
#2326 = CARTESIAN_POINT ( 'NONE',  ( -0.3600000000000003800, -0.0000000000000000000, -0.6999999999999999600 ) ) ;
#2327 = EDGE_CURVE ( 'NONE', #2987, #1052, #3428, .T. ) ;
#2328 = ORIENTED_EDGE ( 'NONE', *, *, #2845, .T. ) ;
#2329 = FACE_OUTER_BOUND ( 'NONE', #1268, .T. ) ;
#2330 = PLANE ( 'NONE',  #2716 ) ;
#2331 = CARTESIAN_POINT ( 'NONE',  ( -0.3100000000000003900, 0.0000000000000000000, 0.5000000000000000000 ) ) ;
#2332 = LINE ( 'NONE', #1794, #744 ) ;
#2333 = FACE_OUTER_BOUND ( 'NONE', #2669, .T. ) ;
#2334 = DIRECTION ( 'NONE',  ( 1.000000000000000000, 0.0000000000000000000, 1.355252715606880800E-016 ) ) ;
#2335 = EDGE_CURVE ( 'NONE', #1134, #1965, #173, .T. ) ;
#2336 = ORIENTED_EDGE ( 'NONE', *, *, #2743, .T. ) ;
#2337 = DIRECTION ( 'NONE',  ( 0.0000000000000000000, 0.0000000000000000000, -1.000000000000000000 ) ) ;
#2338 = ORIENTED_EDGE ( 'NONE', *, *, #3462, .F. ) ;
#2339 = PLANE ( 'NONE',  #1585 ) ;
#2340 = CARTESIAN_POINT ( 'NONE',  ( -0.1399999999999995400, 0.05000000000000000300, 0.5000000000000000000 ) ) ;
#2341 = LINE ( 'NONE', #2920, #998 ) ;
#2342 = CARTESIAN_POINT ( 'NONE',  ( 0.1899999999999995600, 0.0000000000000000000, 0.5000000000000000000 ) ) ;
#2343 = CARTESIAN_POINT ( 'NONE',  ( -0.1899999999999995900, 0.05000000000000000300, -0.6999999999999999600 ) ) ;
#2344 = AXIS2_PLACEMENT_3D ( 'NONE', #907, #1512, #934 ) ;
#2345 = ORIENTED_EDGE ( 'NONE', *, *, #2687, .F. ) ;
#2346 = PLANE ( 'NONE',  #517 ) ;
#2347 = ADVANCED_FACE ( 'NONE', ( #1574 ), #1199, .F. ) ;
#2348 = EDGE_CURVE ( 'NONE', #194, #1131, #1534, .T. ) ;
#2349 = ORIENTED_EDGE ( 'NONE', *, *, #2249, .T. ) ;
#2350 = CARTESIAN_POINT ( 'NONE',  ( 0.3100000000000003900, 0.05000000000000000300, -0.5000000000000000000 ) ) ;
#2351 = EDGE_CURVE ( 'NONE', #3121, #3796, #436, .T. ) ;
#2352 = ORIENTED_EDGE ( 'NONE', *, *, #1542, .T. ) ;
#2353 = AXIS2_PLACEMENT_3D ( 'NONE', #251, #3850, #2904 ) ;
#2354 = PLANE ( 'NONE',  #2807 ) ;
#2355 = DIRECTION ( 'NONE',  ( 0.0000000000000000000, 0.0000000000000000000, -1.000000000000000000 ) ) ;
#2356 = LINE ( 'NONE', #226, #2763 ) ;
#2357 = DIRECTION ( 'NONE',  ( -1.000000000000000000, 0.0000000000000000000, 0.0000000000000000000 ) ) ;
#2358 = ORIENTED_EDGE ( 'NONE', *, *, #1394, .T. ) ;
#2359 = DIRECTION ( 'NONE',  ( 0.0000000000000000000, -9.035018104045869500E-017, 1.000000000000000000 ) ) ;
#2360 = EDGE_CURVE ( 'NONE', #3444, #75, #719, .T. ) ;
#2361 = VERTEX_POINT ( 'NONE', #1816 ) ;
#2362 = VERTEX_POINT ( 'NONE', #106 ) ;
#2363 = ADVANCED_FACE ( 'NONE', ( #526 ), #663, .F. ) ;
#2364 = DIRECTION ( 'NONE',  ( -1.000000000000000000, -0.0000000000000000000, -0.0000000000000000000 ) ) ;
#2365 = DIRECTION ( 'NONE',  ( 1.000000000000000000, -0.0000000000000000000, 0.0000000000000000000 ) ) ;
#2366 = ORIENTED_EDGE ( 'NONE', *, *, #2946, .F. ) ;
#2367 = CARTESIAN_POINT ( 'NONE',  ( -0.5000000000000000000, 0.06000000000000000500, 0.2250000000000000600 ) ) ;
#2368 = CARTESIAN_POINT ( 'NONE',  ( 0.0000000000000000000, 0.05000000000000000300, 0.0000000000000000000 ) ) ;
#2369 = ORIENTED_EDGE ( 'NONE', *, *, #1638, .F. ) ;
#2370 = EDGE_LOOP ( 'NONE', ( #761, #3533, #1307, #1499 ) ) ;
#2371 = DIRECTION ( 'NONE',  ( -0.0000000000000000000, -1.000000000000000000, -0.0000000000000000000 ) ) ;
#2372 = MECHANICAL_DESIGN_GEOMETRIC_PRESENTATION_REPRESENTATION (  '', ( #119 ), #2561 ) ;
#2373 = AXIS2_PLACEMENT_3D ( 'NONE', #2918, #2539, #2840 ) ;
#2374 = ORIENTED_EDGE ( 'NONE', *, *, #759, .T. ) ;
#2375 = ORIENTED_EDGE ( 'NONE', *, *, #279, .F. ) ;
#2376 = CARTESIAN_POINT ( 'NONE',  ( -0.5000000000000000000, 0.06000000000000022000, -0.2250000000000000600 ) ) ;
#2377 = LINE ( 'NONE', #3184, #3080 ) ;
#2378 = DIRECTION ( 'NONE',  ( 0.0000000000000000000, 1.000000000000000000, -0.0000000000000000000 ) ) ;
#2379 = CARTESIAN_POINT ( 'NONE',  ( 0.3600000000000004900, -0.05000000000000000300, 0.7000000000000000700 ) ) ;
#2380 = CARTESIAN_POINT ( 'NONE',  ( -0.5000000000000000000, 0.05999999999999999100, 0.3750000000000000600 ) ) ;
#2381 = VERTEX_POINT ( 'NONE', #3332 ) ;
#2382 = ADVANCED_FACE ( 'NONE', ( #2903 ), #1565, .F. ) ;
#2383 = LINE ( 'NONE', #3650, #1398 ) ;
#2384 = VERTEX_POINT ( 'NONE', #3658 ) ;
#2385 = FACE_OUTER_BOUND ( 'NONE', #1226, .T. ) ;
#2386 = DIRECTION ( 'NONE',  ( 0.0000000000000000000, -9.035018104045869500E-017, -1.000000000000000000 ) ) ;
#2387 = ADVANCED_FACE ( 'NONE', ( #2026 ), #83, .F. ) ;
#2388 = DIRECTION ( 'NONE',  ( 0.0000000000000000000, 1.000000000000000000, 0.0000000000000000000 ) ) ;
#2389 = EDGE_CURVE ( 'NONE', #2039, #2923, #3338, .T. ) ;
#2390 = ORIENTED_EDGE ( 'NONE', *, *, #2546, .T. ) ;
#2391 = FACE_OUTER_BOUND ( 'NONE', #2252, .T. ) ;
#2392 = VECTOR ( 'NONE', #2270, 1000.000000000000000 ) ;
#2393 = DIRECTION ( 'NONE',  ( 1.000000000000000000, 0.0000000000000000000, 0.0000000000000000000 ) ) ;
#2394 = CARTESIAN_POINT ( 'NONE',  ( 0.4000000000000000200, 0.0000000000000000000, -0.2999999999999998800 ) ) ;
#2395 = PRESENTATION_LAYER_ASSIGNMENT (  '', '', ( #1192 ) ) ;
#2396 = VERTEX_POINT ( 'NONE', #1277 ) ;
#2397 = DIRECTION ( 'NONE',  ( 0.0000000000000000000, 1.000000000000000000, 0.0000000000000000000 ) ) ;
#2398 = CARTESIAN_POINT ( 'NONE',  ( 0.5000000000000000000, 0.01000000000000021900, -0.2250000000000000600 ) ) ;
#2399 = DIRECTION ( 'NONE',  ( -0.0000000000000000000, 1.000000000000000000, -0.0000000000000000000 ) ) ;
#2400 = ORIENTED_EDGE ( 'NONE', *, *, #1910, .T. ) ;
#2401 = SURFACE_STYLE_FILL_AREA ( #3238 ) ;
#2402 = ADVANCED_FACE ( 'NONE', ( #2129 ), #364, .F. ) ;
#2403 = ORIENTED_EDGE ( 'NONE', *, *, #142, .T. ) ;
#2404 = VECTOR ( 'NONE', #455, 1000.000000000000000 ) ;
#2405 = LINE ( 'NONE', #2873, #720 ) ;
#2406 = EDGE_CURVE ( 'NONE', #3510, #2575, #2721, .T. ) ;
#2407 = VERTEX_POINT ( 'NONE', #1945 ) ;
#2408 = DIRECTION ( 'NONE',  ( -2.956915015869557300E-016, 0.0000000000000000000, -1.000000000000000000 ) ) ;
#2409 = CARTESIAN_POINT ( 'NONE',  ( -0.1399999999999995400, 0.05000000000000000300, -0.5000000000000000000 ) ) ;
#2410 = CARTESIAN_POINT ( 'NONE',  ( 0.5000000000000000000, 0.05999999999999999100, 0.3750000000000000600 ) ) ;
#2411 = ORIENTED_EDGE ( 'NONE', *, *, #2062, .T. ) ;
#2412 = CARTESIAN_POINT ( 'NONE',  ( -0.5000000000000000000, 0.06000000000000000500, 0.2250000000000000600 ) ) ;
#2413 = DIRECTION ( 'NONE',  ( -1.000000000000000000, 0.0000000000000000000, 0.0000000000000000000 ) ) ;
#2414 = EDGE_CURVE ( 'NONE', #3181, #2808, #2812, .T. ) ;
#2415 = VERTEX_POINT ( 'NONE', #683 ) ;
#2416 = EDGE_LOOP ( 'NONE', ( #3611, #299, #2078, #2907 ) ) ;
#2417 = EDGE_LOOP ( 'NONE', ( #2472, #3530, #2858, #1189 ) ) ;
#2418 = CARTESIAN_POINT ( 'NONE',  ( -0.1899999999999995600, 0.05000000000000000300, 0.5000000000000000000 ) ) ;
#2419 = PLANE ( 'NONE',  #2454 ) ;
#2420 = DIRECTION ( 'NONE',  ( -1.000000000000000000, 0.0000000000000000000, -0.0000000000000000000 ) ) ;
#2421 = EDGE_LOOP ( 'NONE', ( #1972, #1048, #1082, #3138 ) ) ;
#2422 = DIRECTION ( 'NONE',  ( -0.0000000000000000000, -1.242314989306307100E-016, -1.000000000000000000 ) ) ;
#2423 = ORIENTED_EDGE ( 'NONE', *, *, #172, .T. ) ;
#2424 = FACE_OUTER_BOUND ( 'NONE', #324, .T. ) ;
#2425 = CARTESIAN_POINT ( 'NONE',  ( -0.3100000000000003900, 0.0000000000000000000, 0.5000000000000000000 ) ) ;
#2426 = FACE_OUTER_BOUND ( 'NONE', #3457, .T. ) ;
#2427 = LINE ( 'NONE', #292, #1451 ) ;
#2428 = LINE ( 'NONE', #2857, #2559 ) ;
#2429 = VERTEX_POINT ( 'NONE', #982 ) ;
#2430 =( NAMED_UNIT ( * ) PLANE_ANGLE_UNIT ( ) SI_UNIT ( $, .RADIAN. ) );
#2431 = LINE ( 'NONE', #1596, #3793 ) ;
#2432 = EDGE_CURVE ( 'NONE', #476, #2039, #43, .T. ) ;
#2433 = VERTEX_POINT ( 'NONE', #3645 ) ;
#2434 = VECTOR ( 'NONE', #1404, 1000.000000000000000 ) ;
#2435 = DIRECTION ( 'NONE',  ( 1.355252715606880800E-016, 0.0000000000000000000, -1.000000000000000000 ) ) ;
#2436 = MANIFOLD_SOLID_BREP ( 'Mirror2[2]', #1502 ) ;
#2437 = VERTEX_POINT ( 'NONE', #2557 ) ;
#2438 = DIRECTION ( 'NONE',  ( -1.000000000000000000, 0.0000000000000000000, -4.928191693115909100E-016 ) ) ;
#2439 = VERTEX_POINT ( 'NONE', #1554 ) ;
#2440 = VERTEX_POINT ( 'NONE', #783 ) ;
#2441 = CARTESIAN_POINT ( 'NONE',  ( 0.5500000000000000400, 0.009999999999999984600, 0.3750000000000000600 ) ) ;
#2442 = DIRECTION ( 'NONE',  ( 0.0000000000000000000, 0.0000000000000000000, 1.000000000000000000 ) ) ;
#2443 = FACE_OUTER_BOUND ( 'NONE', #1822, .T. ) ;
#2444 = VERTEX_POINT ( 'NONE', #477 ) ;
#2445 = CARTESIAN_POINT ( 'NONE',  ( -0.5000000000000000000, 0.06000000000000020600, -0.3750000000000000600 ) ) ;
#2446 = EDGE_LOOP ( 'NONE', ( #1589, #72, #2212, #811 ) ) ;
#2447 = VECTOR ( 'NONE', #3025, 1000.000000000000000 ) ;
#2448 = ORIENTED_EDGE ( 'NONE', *, *, #3480, .F. ) ;
#2449 = DIRECTION ( 'NONE',  ( 0.0000000000000000000, 0.0000000000000000000, -1.000000000000000000 ) ) ;
#2450 = AXIS2_PLACEMENT_3D ( 'NONE', #3857, #2058, #1419 ) ;
#2451 = ORIENTED_EDGE ( 'NONE', *, *, #893, .T. ) ;
#2452 = EDGE_CURVE ( 'NONE', #597, #3109, #2428, .T. ) ;
#2453 = ORIENTED_EDGE ( 'NONE', *, *, #61, .F. ) ;
#2454 = AXIS2_PLACEMENT_3D ( 'NONE', #3643, #3284, #646 ) ;
#2455 = VERTEX_POINT ( 'NONE', #3164 ) ;
#2456 = PLANE ( 'NONE',  #2110 ) ;
#2457 = ORIENTED_EDGE ( 'NONE', *, *, #2736, .F. ) ;
#2458 = LINE ( 'NONE', #1150, #3747 ) ;
#2459 = ORIENTED_EDGE ( 'NONE', *, *, #734, .T. ) ;
#2460 = LINE ( 'NONE', #736, #1594 ) ;
#2461 = PLANE ( 'NONE',  #3835 ) ;
#2462 = EDGE_CURVE ( 'NONE', #3121, #367, #3408, .T. ) ;
#2463 = CARTESIAN_POINT ( 'NONE',  ( -0.3600000000000001000, -0.05000000000000000300, -0.7000000000000001800 ) ) ;
#2464 = VERTEX_POINT ( 'NONE', #2004 ) ;
#2465 = VECTOR ( 'NONE', #2972, 1000.000000000000000 ) ;
#2466 = EDGE_CURVE ( 'NONE', #2396, #2317, #1964, .T. ) ;
#2467 = CARTESIAN_POINT ( 'NONE',  ( -0.5000000000000000000, 0.009999999999999984600, 0.3750000000000000600 ) ) ;
#2468 = ORIENTED_EDGE ( 'NONE', *, *, #3286, .T. ) ;
#2469 = FACE_OUTER_BOUND ( 'NONE', #2085, .T. ) ;
#2470 = CARTESIAN_POINT ( 'NONE',  ( -0.3600000000000003800, 0.05000000000000000300, 0.6999999999999999600 ) ) ;
#2471 = LINE ( 'NONE', #2685, #3090 ) ;
#2472 = ORIENTED_EDGE ( 'NONE', *, *, #3282, .F. ) ;
#2473 = CARTESIAN_POINT ( 'NONE',  ( -0.5000000000000000000, 0.01000000000000000200, 0.2250000000000000600 ) ) ;
#2474 = EDGE_CURVE ( 'NONE', #158, #1281, #1267, .T. ) ;
#2475 = EDGE_CURVE ( 'NONE', #42, #1839, #374, .T. ) ;
#2476 = DIRECTION ( 'NONE',  ( -1.000000000000000000, 0.0000000000000000000, 9.856383386231857600E-017 ) ) ;
#2477 = PLANE ( 'NONE',  #2187 ) ;
#2478 = CARTESIAN_POINT ( 'NONE',  ( 0.5500000000000000400, 0.0000000000000000000, -0.7000000000000000700 ) ) ;
#2479 = CARTESIAN_POINT ( 'NONE',  ( -0.1399999999999995400, 0.05000000000000000300, 0.5000000000000000000 ) ) ;
#2480 = ORIENTED_EDGE ( 'NONE', *, *, #3083, .F. ) ;
#2481 = ORIENTED_EDGE ( 'NONE', *, *, #3328, .T. ) ;
#2482 = LINE ( 'NONE', #1099, #1575 ) ;
#2483 = LINE ( 'NONE', #1164, #1705 ) ;
#2484 = ORIENTED_EDGE ( 'NONE', *, *, #256, .F. ) ;
#2485 = DIRECTION ( 'NONE',  ( 0.0000000000000000000, 0.0000000000000000000, -1.000000000000000000 ) ) ;
#2486 = EDGE_CURVE ( 'NONE', #818, #2407, #1867, .T. ) ;
#2487 = FACE_OUTER_BOUND ( 'NONE', #1210, .T. ) ;
#2488 = VERTEX_POINT ( 'NONE', #2953 ) ;
#2489 = CARTESIAN_POINT ( 'NONE',  ( -0.5500000000000000400, 0.06000000000000022000, -0.2250000000000000600 ) ) ;
#2490 = FILL_AREA_STYLE ('',( #659 ) ) ;
#2491 = DIRECTION ( 'NONE',  ( 0.0000000000000000000, -1.000000000000000000, -0.0000000000000000000 ) ) ;
#2492 = CARTESIAN_POINT ( 'NONE',  ( -0.1400000000000001000, -0.05000000000000000300, -0.7000000000000001800 ) ) ;
#2493 = LINE ( 'NONE', #2463, #1712 ) ;
#2494 = VERTEX_POINT ( 'NONE', #1747 ) ;
#2495 = DIRECTION ( 'NONE',  ( -0.0000000000000000000, 1.000000000000000000, -0.0000000000000000000 ) ) ;
#2496 = CARTESIAN_POINT ( 'NONE',  ( 0.3100000000000003900, 0.0000000000000000000, 0.6999999999999999600 ) ) ;
#2497 = ORIENTED_EDGE ( 'NONE', *, *, #3201, .T. ) ;
#2498 = PLANE ( 'NONE',  #2087 ) ;
#2499 = VECTOR ( 'NONE', #114, 1000.000000000000000 ) ;
#2500 = VERTEX_POINT ( 'NONE', #890 ) ;
#2501 = DIRECTION ( 'NONE',  ( -0.0000000000000000000, -1.000000000000000000, -0.0000000000000000000 ) ) ;
#2502 = PLANE ( 'NONE',  #3292 ) ;
#2503 = EDGE_LOOP ( 'NONE', ( #3779, #1091, #1064, #1728 ) ) ;
#2504 = EDGE_CURVE ( 'NONE', #2590, #731, #990, .T. ) ;
#2505 = LINE ( 'NONE', #2622, #699 ) ;
#2506 = DIRECTION ( 'NONE',  ( 0.0000000000000000000, -1.000000000000000000, 0.0000000000000000000 ) ) ;
#2507 = CARTESIAN_POINT ( 'NONE',  ( -0.1399999999999995400, 0.05000000000000000300, -0.6999999999999999600 ) ) ;
#2508 = VERTEX_POINT ( 'NONE', #580 ) ;
#2509 = VERTEX_POINT ( 'NONE', #862 ) ;
#2510 = CARTESIAN_POINT ( 'NONE',  ( -0.2500000000000000000, -0.05000000000000000300, -0.2999999999999999900 ) ) ;
#2511 = VECTOR ( 'NONE', #2107, 1000.000000000000000 ) ;
#2512 = ADVANCED_FACE ( 'NONE', ( #1116 ), #2644, .F. ) ;
#2513 = VERTEX_POINT ( 'NONE', #1165 ) ;
#2514 = EDGE_CURVE ( 'NONE', #564, #1370, #200, .T. ) ;
#2515 = DIRECTION ( 'NONE',  ( 1.000000000000000000, 0.0000000000000000000, 0.0000000000000000000 ) ) ;
#2516 = LINE ( 'NONE', #2193, #417 ) ;
#2517 =( NAMED_UNIT ( * ) PLANE_ANGLE_UNIT ( ) SI_UNIT ( $, .RADIAN. ) );
#2518 = DIRECTION ( 'NONE',  ( -1.000000000000000000, 0.0000000000000000000, -4.928191693115909100E-016 ) ) ;
#2519 = DIRECTION ( 'NONE',  ( -0.0000000000000000000, 1.000000000000000000, -0.0000000000000000000 ) ) ;
#2520 = EDGE_LOOP ( 'NONE', ( #1257, #2940, #390, #2279 ) ) ;
#2521 = EDGE_CURVE ( 'NONE', #3098, #634, #1690, .T. ) ;
#2522 = CARTESIAN_POINT ( 'NONE',  ( -0.3600000000000003800, 0.05000000000000000300, -0.6999999999999999600 ) ) ;
#2523 = CARTESIAN_POINT ( 'NONE',  ( -0.3100000000000003900, 0.05000000000000000300, -0.5000000000000000000 ) ) ;
#2524 = ADVANCED_FACE ( 'NONE', ( #1598 ), #2981, .F. ) ;
#2525 = SURFACE_STYLE_FILL_AREA ( #1737 ) ;
#2526 = ORIENTED_EDGE ( 'NONE', *, *, #881, .T. ) ;
#2527 = LINE ( 'NONE', #735, #3331 ) ;
#2528 = ORIENTED_EDGE ( 'NONE', *, *, #1014, .T. ) ;
#2529 = EDGE_CURVE ( 'NONE', #1310, #3684, #2885, .T. ) ;
#2530 = DIRECTION ( 'NONE',  ( 1.000000000000000000, 0.0000000000000000000, 0.0000000000000000000 ) ) ;
#2531 = CARTESIAN_POINT ( 'NONE',  ( 0.5000000000000000000, 0.01000000000000021900, -0.2250000000000000600 ) ) ;
#2532 = CARTESIAN_POINT ( 'NONE',  ( -0.3100000000000003900, 0.05000000000000000300, 0.6999999999999999600 ) ) ;
#2533 = PRESENTATION_STYLE_ASSIGNMENT (( #1252 ) ) ;
#2534 = EDGE_LOOP ( 'NONE', ( #1466, #1169, #1593, #3743 ) ) ;
#2535 = LINE ( 'NONE', #1070, #2308 ) ;
#2536 = LINE ( 'NONE', #3176, #3433 ) ;
#2537 = EDGE_LOOP ( 'NONE', ( #697, #665, #2872, #1349 ) ) ;
#2538 = ORIENTED_EDGE ( 'NONE', *, *, #2946, .T. ) ;
#2539 = DIRECTION ( 'NONE',  ( 0.0000000000000000000, -1.000000000000000000, 1.242314989306307100E-016 ) ) ;
#2540 = VERTEX_POINT ( 'NONE', #2132 ) ;
#2541 = CARTESIAN_POINT ( 'NONE',  ( -0.1899999999999995600, 0.0000000000000000000, -0.5000000000000000000 ) ) ;
#2542 = PLANE ( 'NONE',  #3556 ) ;
#2543 = EDGE_CURVE ( 'NONE', #89, #571, #3605, .T. ) ;
#2544 = ORIENTED_EDGE ( 'NONE', *, *, #522, .T. ) ;
#2545 = ORIENTED_EDGE ( 'NONE', *, *, #3616, .F. ) ;
#2546 = EDGE_CURVE ( 'NONE', #1491, #1437, #2649, .T. ) ;
#2547 = ADVANCED_FACE ( 'NONE', ( #3501 ), #2419, .F. ) ;
#2548 = VERTEX_POINT ( 'NONE', #1180 ) ;
#2549 = APPLICATION_PROTOCOL_DEFINITION ( 'draft international standard', 'automotive_design', 1998, #1365 ) ;
#2550 = DIRECTION ( 'NONE',  ( -1.000000000000000000, 0.0000000000000000000, 9.856383386231857600E-017 ) ) ;
#2551 = CARTESIAN_POINT ( 'NONE',  ( 0.1400000000000007100, -0.05000000000000000300, -0.5000000000000002200 ) ) ;
#2552 = ORIENTED_EDGE ( 'NONE', *, *, #963, .F. ) ;
#2553 = LINE ( 'NONE', #1656, #2790 ) ;
#2554 = FACE_OUTER_BOUND ( 'NONE', #2732, .T. ) ;
#2555 = CARTESIAN_POINT ( 'NONE',  ( 0.5000000000000000000, 0.05999999999999999100, 0.3750000000000000600 ) ) ;
#2556 = CARTESIAN_POINT ( 'NONE',  ( 0.5500000000000000400, 0.3500000000000000300, -0.7000000000000000700 ) ) ;
#2557 = CARTESIAN_POINT ( 'NONE',  ( 0.5000000000000000000, 0.06000000000000020600, -0.3750000000000000600 ) ) ;
#2558 = LINE ( 'NONE', #2150, #1266 ) ;
#2559 = VECTOR ( 'NONE', #205, 1000.000000000000000 ) ;
#2560 = ORIENTED_EDGE ( 'NONE', *, *, #3072, .F. ) ;
#2561 =( GEOMETRIC_REPRESENTATION_CONTEXT ( 3 ) GLOBAL_UNCERTAINTY_ASSIGNED_CONTEXT ( ( #2836 ) ) GLOBAL_UNIT_ASSIGNED_CONTEXT ( ( #2014, #1440, #2931 ) ) REPRESENTATION_CONTEXT ( 'NONE', 'WORKASPACE' ) );
#2562 = DIRECTION ( 'NONE',  ( 0.0000000000000000000, 0.0000000000000000000, -1.000000000000000000 ) ) ;
#2563 = VECTOR ( 'NONE', #3363, 1000.000000000000000 ) ;
#2564 = CARTESIAN_POINT ( 'NONE',  ( -0.4000000000000000200, -0.05000000000000000300, 0.2999999999999999900 ) ) ;
#2565 = LINE ( 'NONE', #2804, #515 ) ;
#2566 = DIRECTION ( 'NONE',  ( 0.0000000000000000000, -1.000000000000000000, 0.0000000000000000000 ) ) ;
#2567 = VERTEX_POINT ( 'NONE', #3027 ) ;
#2568 = ORIENTED_EDGE ( 'NONE', *, *, #2272, .T. ) ;
#2569 = EDGE_CURVE ( 'NONE', #124, #1310, #3554, .T. ) ;
#2570 = VECTOR ( 'NONE', #265, 1000.000000000000000 ) ;
#2571 = ORIENTED_EDGE ( 'NONE', *, *, #103, .T. ) ;
#2572 = CARTESIAN_POINT ( 'NONE',  ( -0.1899999999999995900, -0.0000000000000000000, -0.6999999999999999600 ) ) ;
#2573 = CARTESIAN_POINT ( 'NONE',  ( 0.3100000000000003900, 0.05000000000000000300, -0.6999999999999999600 ) ) ;
#2574 = VECTOR ( 'NONE', #1840, 1000.000000000000000 ) ;
#2575 = VERTEX_POINT ( 'NONE', #1230 ) ;
#2576 = MECHANICAL_DESIGN_GEOMETRIC_PRESENTATION_REPRESENTATION (  '', ( #1851 ), #3049 ) ;
#2577 = ORIENTED_EDGE ( 'NONE', *, *, #2241, .F. ) ;
#2578 = EDGE_CURVE ( 'NONE', #3796, #1990, #1452, .T. ) ;
#2579 = ADVANCED_FACE ( 'NONE', ( #2385 ), #1528, .T. ) ;
#2580 = AXIS2_PLACEMENT_3D ( 'NONE', #925, #1217, #2123 ) ;
#2581 = ORIENTED_EDGE ( 'NONE', *, *, #3328, .F. ) ;
#2582 = CARTESIAN_POINT ( 'NONE',  ( -0.5500000000000000400, 0.01000000000000000200, 0.2250000000000000600 ) ) ;
#2583 = CARTESIAN_POINT ( 'NONE',  ( 0.1899999999999995900, 0.0000000000000000000, -0.6999999999999999600 ) ) ;
#2584 = CARTESIAN_POINT ( 'NONE',  ( -0.1400000000000003500, -0.05000000000000000300, -0.5000000000000002200 ) ) ;
#2585 = VERTEX_POINT ( 'NONE', #3267 ) ;
#2586 = EDGE_CURVE ( 'NONE', #86, #2508, #68, .T. ) ;
#2587 = EDGE_CURVE ( 'NONE', #1724, #3788, #3037, .T. ) ;
#2588 = UNCERTAINTY_MEASURE_WITH_UNIT (LENGTH_MEASURE( 1.000000000000000100E-005 ), #432, 'distance_accuracy_value', 'NONE');
#2589 = DIRECTION ( 'NONE',  ( 1.000000000000000000, 0.0000000000000000000, 0.0000000000000000000 ) ) ;
#2590 = VERTEX_POINT ( 'NONE', #3312 ) ;
#2591 = DIRECTION ( 'NONE',  ( -0.0000000000000000000, 1.000000000000000000, -0.0000000000000000000 ) ) ;
#2592 = AXIS2_PLACEMENT_3D ( 'NONE', #453, #2767, #2147 ) ;
#2593 = ORIENTED_EDGE ( 'NONE', *, *, #678, .F. ) ;
#2594 = CARTESIAN_POINT ( 'NONE',  ( 0.1899999999999995900, 0.0000000000000000000, 0.6999999999999999600 ) ) ;
#2595 = ORIENTED_EDGE ( 'NONE', *, *, #995, .T. ) ;
#2596 = EDGE_CURVE ( 'NONE', #1521, #3305, #841, .T. ) ;
#2597 = VERTEX_POINT ( 'NONE', #302 ) ;
#2598 = VECTOR ( 'NONE', #2958, 1000.000000000000000 ) ;
#2599 = DIRECTION ( 'NONE',  ( 0.0000000000000000000, 0.0000000000000000000, -1.000000000000000000 ) ) ;
#2600 = DIRECTION ( 'NONE',  ( -1.000000000000000000, 0.0000000000000000000, -0.0000000000000000000 ) ) ;
#2601 = CARTESIAN_POINT ( 'NONE',  ( -0.3600000000000001000, -0.05000000000000000300, -0.7000000000000001800 ) ) ;
#2602 = AXIS2_PLACEMENT_3D ( 'NONE', #2287, #1989, #3209 ) ;
#2603 = ORIENTED_EDGE ( 'NONE', *, *, #2529, .T. ) ;
#2604 = DIRECTION ( 'NONE',  ( 0.0000000000000000000, 0.0000000000000000000, 1.000000000000000000 ) ) ;
#2605 =( LENGTH_UNIT ( ) NAMED_UNIT ( * ) SI_UNIT ( .MILLI., .METRE. ) );
#2606 = CARTESIAN_POINT ( 'NONE',  ( 0.3100000000000003900, 0.0000000000000000000, 0.6999999999999999600 ) ) ;
#2607 = ORIENTED_EDGE ( 'NONE', *, *, #1385, .F. ) ;
#2608 = LINE ( 'NONE', #644, #2116 ) ;
#2609 = LINE ( 'NONE', #3013, #3271 ) ;
#2610 = ORIENTED_EDGE ( 'NONE', *, *, #1815, .T. ) ;
#2611 = CARTESIAN_POINT ( 'NONE',  ( 0.4000000000000000200, -0.05000000000000000300, -0.2999999999999998800 ) ) ;
#2612 = CARTESIAN_POINT ( 'NONE',  ( -0.3600000000000003800, -0.0000000000000000000, -0.5000000000000000000 ) ) ;
#2613 = ORIENTED_EDGE ( 'NONE', *, *, #1936, .T. ) ;
#2614 = DIRECTION ( 'NONE',  ( 0.0000000000000000000, -0.0000000000000000000, -1.000000000000000000 ) ) ;
#2615 = DIRECTION ( 'NONE',  ( 0.0000000000000000000, 1.000000000000000000, 0.0000000000000000000 ) ) ;
#2616 = FACE_OUTER_BOUND ( 'NONE', #2416, .T. ) ;
#2617 = ORIENTED_EDGE ( 'NONE', *, *, #2075, .F. ) ;
#2618 = EDGE_CURVE ( 'NONE', #743, #2494, #1311, .T. ) ;
#2619 = VECTOR ( 'NONE', #1104, 1000.000000000000000 ) ;
#2620 = LINE ( 'NONE', #2628, #1848 ) ;
#2621 = COLOUR_RGB ( '',1.000000000000000000, 1.000000000000000000, 1.000000000000000000 ) ;
#2622 = CARTESIAN_POINT ( 'NONE',  ( -0.5000000000000000000, 0.01000000000000000200, 0.2250000000000000600 ) ) ;
#2623 = ORIENTED_EDGE ( 'NONE', *, *, #3402, .F. ) ;
#2624 = ADVANCED_FACE ( 'NONE', ( #656 ), #46, .F. ) ;
#2625 = DIRECTION ( 'NONE',  ( -1.668003342285391600E-016, 0.0000000000000000000, 1.000000000000000000 ) ) ;
#2626 = VERTEX_POINT ( 'NONE', #319 ) ;
#2627 = CARTESIAN_POINT ( 'NONE',  ( -0.5500000000000000400, 0.05999999999999999100, 0.3750000000000000600 ) ) ;
#2628 = CARTESIAN_POINT ( 'NONE',  ( -0.1399999999999995400, 0.05000000000000000300, -0.5000000000000000000 ) ) ;
#2629 = DIRECTION ( 'NONE',  ( 0.0000000000000000000, -0.0000000000000000000, 1.000000000000000000 ) ) ;
#2630 = ORIENTED_EDGE ( 'NONE', *, *, #2871, .F. ) ;
#2631 = DIRECTION ( 'NONE',  ( 1.000000000000000000, 0.0000000000000000000, 0.0000000000000000000 ) ) ;
#2632 = ORIENTED_EDGE ( 'NONE', *, *, #2569, .T. ) ;
#2633 = CARTESIAN_POINT ( 'NONE',  ( -0.2500000000000000000, -0.05000000000000000300, -0.2999999999999999900 ) ) ;
#2634 = CARTESIAN_POINT ( 'NONE',  ( 0.3600000000000003800, 0.0000000000000000000, 0.6999999999999999600 ) ) ;
#2635 = EDGE_CURVE ( 'NONE', #2585, #540, #3663, .T. ) ;
#2636 = ORIENTED_EDGE ( 'NONE', *, *, #2048, .F. ) ;
#2637 = LINE ( 'NONE', #1916, #3354 ) ;
#2638 = SURFACE_STYLE_USAGE ( .BOTH. , #270 ) ;
#2639 = DIRECTION ( 'NONE',  ( -0.0000000000000000000, -1.000000000000000000, -0.0000000000000000000 ) ) ;
#2640 = EDGE_CURVE ( 'NONE', #2444, #1946, #22, .T. ) ;
#2641 = VERTEX_POINT ( 'NONE', #1211 ) ;
#2642 = DIRECTION ( 'NONE',  ( 1.000000000000000000, -0.0000000000000000000, -0.0000000000000000000 ) ) ;
#2643 = ADVANCED_FACE ( 'NONE', ( #749 ), #3327, .F. ) ;
#2644 = PLANE ( 'NONE',  #2450 ) ;
#2645 = CARTESIAN_POINT ( 'NONE',  ( 0.1899999999999995600, 0.0000000000000000000, 0.5000000000000000000 ) ) ;
#2646 = FACE_OUTER_BOUND ( 'NONE', #790, .T. ) ;
#2647 = FACE_OUTER_BOUND ( 'NONE', #983, .T. ) ;
#2648 = DIRECTION ( 'NONE',  ( 0.0000000000000000000, 1.000000000000000000, 0.0000000000000000000 ) ) ;
#2649 = LINE ( 'NONE', #1195, #2008 ) ;
#2650 = ORIENTED_EDGE ( 'NONE', *, *, #2146, .T. ) ;
#2651 = CARTESIAN_POINT ( 'NONE',  ( 0.5500000000000000400, 0.05999999999999999100, 0.3750000000000000600 ) ) ;
#2652 = PLANE ( 'NONE',  #346 ) ;
#2653 =( LENGTH_UNIT ( ) NAMED_UNIT ( * ) SI_UNIT ( .MILLI., .METRE. ) );
#2654 = PRESENTATION_STYLE_ASSIGNMENT (( #3494 ) ) ;
#2655 = ORIENTED_EDGE ( 'NONE', *, *, #3803, .T. ) ;
#2657 = PRESENTATION_STYLE_ASSIGNMENT (( #2880 ) ) ;
#2656 = CARTESIAN_POINT ( 'NONE',  ( -0.3600000000000001000, -0.0000000000000000000, -0.7000000000000001800 ) ) ;
#2658 = DIRECTION ( 'NONE',  ( 0.0000000000000000000, -0.0000000000000000000, -1.000000000000000000 ) ) ;
#2659 = DIRECTION ( 'NONE',  ( -1.000000000000000000, 0.0000000000000000000, 0.0000000000000000000 ) ) ;
#2660 = EDGE_CURVE ( 'NONE', #1134, #3243, #73, .T. ) ;
#2661 = ORIENTED_EDGE ( 'NONE', *, *, #1410, .F. ) ;
#2662 = DIRECTION ( 'NONE',  ( 0.0000000000000000000, -1.000000000000000000, 0.0000000000000000000 ) ) ;
#2663 = EDGE_CURVE ( 'NONE', #3234, #2675, #3175, .T. ) ;
#2664 = ORIENTED_EDGE ( 'NONE', *, *, #1610, .F. ) ;
#2665 = AXIS2_PLACEMENT_3D ( 'NONE', #3260, #2365, #3210 ) ;
#2666 = PLANE ( 'NONE',  #649 ) ;
#2667 = VECTOR ( 'NONE', #1376, 1000.000000000000000 ) ;
#2668 = VECTOR ( 'NONE', #2615, 1000.000000000000000 ) ;
#2669 = EDGE_LOOP ( 'NONE', ( #2321, #3807, #334, #569 ) ) ;
#2670 = CARTESIAN_POINT ( 'NONE',  ( -0.3100000000000003900, 0.05000000000000000300, -0.6999999999999999600 ) ) ;
#2671 = DIRECTION ( 'NONE',  ( -0.0000000000000000000, 1.000000000000000000, -0.0000000000000000000 ) ) ;
#2672 = LINE ( 'NONE', #633, #2574 ) ;
#2673 = DIRECTION ( 'NONE',  ( -0.0000000000000000000, -1.000000000000000000, -0.0000000000000000000 ) ) ;
#2674 = EDGE_CURVE ( 'NONE', #467, #564, #2431, .T. ) ;
#2675 = VERTEX_POINT ( 'NONE', #3074 ) ;
#2676 = DIRECTION ( 'NONE',  ( 0.0000000000000000000, 0.0000000000000000000, -1.000000000000000000 ) ) ;
#2677 = FACE_OUTER_BOUND ( 'NONE', #581, .T. ) ;
#2678 = DIRECTION ( 'NONE',  ( -1.355252715606880900E-015, -0.0000000000000000000, -1.000000000000000000 ) ) ;
#2679 = ORIENTED_EDGE ( 'NONE', *, *, #1624, .T. ) ;
#2680 = CARTESIAN_POINT ( 'NONE',  ( 0.3100000000000003900, 0.0000000000000000000, -0.5000000000000000000 ) ) ;
#2681 = EDGE_CURVE ( 'NONE', #130, #923, #3612, .T. ) ;
#2682 = ADVANCED_FACE ( 'NONE', ( #2469 ), #1576, .T. ) ;
#2683 = CARTESIAN_POINT ( 'NONE',  ( -0.3100000000000003900, 0.05000000000000000300, -0.6999999999999999600 ) ) ;
#2684 = EDGE_LOOP ( 'NONE', ( #186, #314, #2035, #2055 ) ) ;
#2685 = CARTESIAN_POINT ( 'NONE',  ( 0.1899999999999995900, 0.05000000000000000300, 0.6999999999999999600 ) ) ;
#2686 = ORIENTED_EDGE ( 'NONE', *, *, #3002, .T. ) ;
#2687 = EDGE_CURVE ( 'NONE', #2046, #1749, #1457, .T. ) ;
#2688 = PLANE ( 'NONE',  #2580 ) ;
#2689 = FACE_OUTER_BOUND ( 'NONE', #2370, .T. ) ;
#2690 = AXIS2_PLACEMENT_3D ( 'NONE', #351, #668, #2153 ) ;
#2691 = VECTOR ( 'NONE', #2662, 1000.000000000000000 ) ;
#2692 = ORIENTED_EDGE ( 'NONE', *, *, #712, .T. ) ;
#2693 = FACE_OUTER_BOUND ( 'NONE', #3062, .T. ) ;
#2694 = DIRECTION ( 'NONE',  ( 0.0000000000000000000, 0.0000000000000000000, -1.000000000000000000 ) ) ;
#2695 = DIRECTION ( 'NONE',  ( -1.000000000000000000, 0.0000000000000000000, 1.355252715606880800E-016 ) ) ;
#2696 = FACE_OUTER_BOUND ( 'NONE', #151, .T. ) ;
#2697 = VECTOR ( 'NONE', #1599, 1000.000000000000000 ) ;
#2698 = VECTOR ( 'NONE', #1448, 1000.000000000000000 ) ;
#2699 = ADVANCED_FACE ( 'NONE', ( #2011 ), #1275, .F. ) ;
#2700 = DIRECTION ( 'NONE',  ( -1.000000000000000000, -0.0000000000000000000, -0.0000000000000000000 ) ) ;
#2701 = DIRECTION ( 'NONE',  ( -0.0000000000000000000, -1.000000000000000000, -0.0000000000000000000 ) ) ;
#2702 = CARTESIAN_POINT ( 'NONE',  ( -0.1399999999999995400, -0.05000000000000000300, 0.6999999999999999600 ) ) ;
#2703 = FACE_OUTER_BOUND ( 'NONE', #2796, .T. ) ;
#2704 = EDGE_LOOP ( 'NONE', ( #3800, #385, #1865, #1695 ) ) ;
#2705 = FACE_OUTER_BOUND ( 'NONE', #3846, .T. ) ;
#2706 = COLOUR_RGB ( '',1.000000000000000000, 1.000000000000000000, 1.000000000000000000 ) ;
#2707 = FACE_OUTER_BOUND ( 'NONE', #1817, .T. ) ;
#2708 = ORIENTED_EDGE ( 'NONE', *, *, #3132, .T. ) ;
#2709 = DIRECTION ( 'NONE',  ( -1.355252715606880800E-016, 0.0000000000000000000, 1.000000000000000000 ) ) ;
#2710 = FACE_OUTER_BOUND ( 'NONE', #559, .T. ) ;
#2711 = CARTESIAN_POINT ( 'NONE',  ( -0.3600000000000003800, 0.05000000000000000300, -0.6999999999999999600 ) ) ;
#2712 = DIRECTION ( 'NONE',  ( 1.000000000000000000, -0.0000000000000000000, -2.956915015869557300E-016 ) ) ;
#2713 = DIRECTION ( 'NONE',  ( 1.355252715606880800E-016, 0.0000000000000000000, 1.000000000000000000 ) ) ;
#2714 = ORIENTED_EDGE ( 'NONE', *, *, #2414, .F. ) ;
#2715 = EDGE_CURVE ( 'NONE', #3684, #1323, #2289, .T. ) ;
#2716 = AXIS2_PLACEMENT_3D ( 'NONE', #3824, #1745, #2002 ) ;
#2717 = VECTOR ( 'NONE', #2413, 1000.000000000000000 ) ;
#2719 = CARTESIAN_POINT ( 'NONE',  ( 0.5500000000000000400, 0.06000000000000000500, 0.2250000000000000600 ) ) ;
#2718 = VECTOR ( 'NONE', #3085, 1000.000000000000000 ) ;
#2720 = ORIENTED_EDGE ( 'NONE', *, *, #2778, .F. ) ;
#2721 = LINE ( 'NONE', #754, #1934 ) ;
#2722 = EDGE_CURVE ( 'NONE', #1797, #1702, #3086, .T. ) ;
#2723 = ORIENTED_EDGE ( 'NONE', *, *, #527, .F. ) ;
#2724 = DIRECTION ( 'NONE',  ( -1.000000000000000000, 0.0000000000000000000, 0.0000000000000000000 ) ) ;
#2725 = ORIENTED_EDGE ( 'NONE', *, *, #3394, .T. ) ;
#2726 = CARTESIAN_POINT ( 'NONE',  ( -0.3100000000000003900, 0.0000000000000000000, -0.6999999999999999600 ) ) ;
#2727 = DIRECTION ( 'NONE',  ( 0.0000000000000000000, 0.0000000000000000000, 1.000000000000000000 ) ) ;
#2728 = EDGE_CURVE ( 'NONE', #2488, #3221, #1403, .T. ) ;
#2729 = EDGE_LOOP ( 'NONE', ( #1296, #2204, #3791, #1424 ) ) ;
#2730 = ORIENTED_EDGE ( 'NONE', *, *, #1484, .T. ) ;
#2731 = DIRECTION ( 'NONE',  ( -1.000000000000000000, 0.0000000000000000000, 0.0000000000000000000 ) ) ;
#2732 = EDGE_LOOP ( 'NONE', ( #997, #828, #3059, #2352 ) ) ;
#2733 = LINE ( 'NONE', #2376, #7 ) ;
#2734 = ADVANCED_FACE ( 'NONE', ( #1514 ), #3065, .F. ) ;
#2735 = CARTESIAN_POINT ( 'NONE',  ( -0.3100000000000003900, 0.05000000000000000300, 0.5000000000000000000 ) ) ;
#2736 = EDGE_CURVE ( 'NONE', #1749, #618, #612, .T. ) ;
#2737 = DIRECTION ( 'NONE',  ( 0.0000000000000000000, -1.000000000000000000, 0.0000000000000000000 ) ) ;
#2738 = ORIENTED_EDGE ( 'NONE', *, *, #1845, .F. ) ;
#2739 = DIRECTION ( 'NONE',  ( 1.000000000000000000, 0.0000000000000000000, 0.0000000000000000000 ) ) ;
#2740 = EDGE_CURVE ( 'NONE', #2175, #376, #506, .T. ) ;
#2741 = CARTESIAN_POINT ( 'NONE',  ( 0.5000000000000000000, 0.01000000000000000200, 0.2250000000000000600 ) ) ;
#2742 = VECTOR ( 'NONE', #1677, 1000.000000000000000 ) ;
#2743 = EDGE_CURVE ( 'NONE', #681, #1950, #246, .T. ) ;
#2744 = AXIS2_PLACEMENT_3D ( 'NONE', #185, #2892, #2016 ) ;
#2745 = FACE_OUTER_BOUND ( 'NONE', #2824, .T. ) ;
#2746 = CLOSED_SHELL ( 'NONE', ( #3358, #2224, #2071, #2547, #1604, #2579, #238 ) ) ;
#2747 = DIRECTION ( 'NONE',  ( 1.000000000000000000, -0.0000000000000000000, -0.0000000000000000000 ) ) ;
#2748 = VECTOR ( 'NONE', #3348, 1000.000000000000000 ) ;
#2749 = EDGE_CURVE ( 'NONE', #1459, #3635, #2990, .T. ) ;
#2750 = ORIENTED_EDGE ( 'NONE', *, *, #1340, .F. ) ;
#2751 = SURFACE_STYLE_USAGE ( .BOTH. , #669 ) ;
#2752 = DIRECTION ( 'NONE',  ( 0.0000000000000000000, 0.0000000000000000000, 1.000000000000000000 ) ) ;
#2753 = VECTOR ( 'NONE', #3775, 1000.000000000000000 ) ;
#2754 = VERTEX_POINT ( 'NONE', #3054 ) ;
#2755 = LINE ( 'NONE', #391, #1170 ) ;
#2756 = FILL_AREA_STYLE_COLOUR ( '', #2956 ) ;
#2757 = DIRECTION ( 'NONE',  ( 0.0000000000000000000, -0.0000000000000000000, -1.000000000000000000 ) ) ;
#2758 = EDGE_LOOP ( 'NONE', ( #771, #3351, #1983, #2811 ) ) ;
#2759 = DIRECTION ( 'NONE',  ( 1.000000000000000000, -0.0000000000000000000, -2.956915015869557300E-016 ) ) ;
#2760 = PLANE ( 'NONE',  #1426 ) ;
#2761 = ORIENTED_EDGE ( 'NONE', *, *, #2034, .T. ) ;
#2762 = CARTESIAN_POINT ( 'NONE',  ( 0.3600000000000004900, -0.05000000000000000300, -0.7000000000000000700 ) ) ;
#2763 = VECTOR ( 'NONE', #2299, 1000.000000000000000 ) ;
#2764 = EDGE_CURVE ( 'NONE', #2808, #1011, #1117, .T. ) ;
#2765 = ORIENTED_EDGE ( 'NONE', *, *, #1203, .T. ) ;
#2766 = AXIS2_PLACEMENT_3D ( 'NONE', #2380, #576, #1507 ) ;
#2767 = DIRECTION ( 'NONE',  ( -0.0000000000000000000, 0.0000000000000000000, 1.000000000000000000 ) ) ;
#2768 = FACE_OUTER_BOUND ( 'NONE', #3771, .T. ) ;
#2769 = CARTESIAN_POINT ( 'NONE',  ( -0.5000000000000000000, 0.01000000000000020100, -0.3750000000000000600 ) ) ;
#2770 = ORIENTED_EDGE ( 'NONE', *, *, #1751, .T. ) ;
#2771 = EDGE_CURVE ( 'NONE', #535, #42, #2516, .T. ) ;
#2772 = ORIENTED_EDGE ( 'NONE', *, *, #2348, .F. ) ;
#2773 = CARTESIAN_POINT ( 'NONE',  ( -0.1399999999999995400, 0.05000000000000000300, 0.6999999999999999600 ) ) ;
#2774 = DIRECTION ( 'NONE',  ( -0.0000000000000000000, -1.000000000000000000, -0.0000000000000000000 ) ) ;
#2775 = ORIENTED_EDGE ( 'NONE', *, *, #2543, .F. ) ;
#2776 = DIRECTION ( 'NONE',  ( 0.0000000000000000000, -0.0000000000000000000, 1.000000000000000000 ) ) ;
#2777 = PLANE ( 'NONE',  #2081 ) ;
#2778 = EDGE_CURVE ( 'NONE', #2826, #647, #1735, .T. ) ;
#2779 = VERTEX_POINT ( 'NONE', #2803 ) ;
#2780 = DIRECTION ( 'NONE',  ( 0.0000000000000000000, -0.0000000000000000000, 1.000000000000000000 ) ) ;
#2781 = ADVANCED_FACE ( 'NONE', ( #1914 ), #1313, .F. ) ;
#2782 = PRESENTATION_LAYER_ASSIGNMENT (  '', '', ( #507 ) ) ;
#2783 = ORIENTED_EDGE ( 'NONE', *, *, #2640, .T. ) ;
#2784 = SURFACE_STYLE_FILL_AREA ( #1413 ) ;
#2785 = ORIENTED_EDGE ( 'NONE', *, *, #3002, .F. ) ;
#2786 = ORIENTED_EDGE ( 'NONE', *, *, #2663, .F. ) ;
#2787 = EDGE_CURVE ( 'NONE', #3852, #1770, #1224, .T. ) ;
#2788 = STYLED_ITEM ( 'NONE', ( #3500 ), #245 ) ;
#2789 = PLANE ( 'NONE',  #2264 ) ;
#2790 = VECTOR ( 'NONE', #1948, 1000.000000000000000 ) ;
#2791 = VECTOR ( 'NONE', #397, 1000.000000000000000 ) ;
#2792 = VECTOR ( 'NONE', #3012, 1000.000000000000000 ) ;
#2793 = ORIENTED_EDGE ( 'NONE', *, *, #148, .T. ) ;
#2794 = VECTOR ( 'NONE', #2491, 1000.000000000000000 ) ;
#2795 = LINE ( 'NONE', #1196, #421 ) ;
#2796 = EDGE_LOOP ( 'NONE', ( #2538, #1580, #837, #2679 ) ) ;
#2797 = VECTOR ( 'NONE', #1771, 1000.000000000000000 ) ;
#2798 = PRESENTATION_STYLE_ASSIGNMENT (( #2638 ) ) ;
#2799 = EDGE_CURVE ( 'NONE', #2292, #2074, #553, .T. ) ;
#2800 = VECTOR ( 'NONE', #420, 1000.000000000000000 ) ;
#2801 = ORIENTED_EDGE ( 'NONE', *, *, #2414, .T. ) ;
#2802 = PLANE ( 'NONE',  #3443 ) ;
#2803 = CARTESIAN_POINT ( 'NONE',  ( 0.5500000000000000400, 0.01000000000000020100, -0.3750000000000000600 ) ) ;
#2804 = CARTESIAN_POINT ( 'NONE',  ( -0.1899999999999995900, 0.0000000000000000000, 0.6999999999999999600 ) ) ;
#2805 = FACE_OUTER_BOUND ( 'NONE', #139, .T. ) ;
#2806 = ADVANCED_FACE ( 'NONE', ( #3498 ), #3115, .T. ) ;
#2807 = AXIS2_PLACEMENT_3D ( 'NONE', #1490, #283, #259 ) ;
#2808 = VERTEX_POINT ( 'NONE', #419 ) ;
#2809 = LINE ( 'NONE', #1441, #2302 ) ;
#2810 = LINE ( 'NONE', #3535, #3103 ) ;
#2811 = ORIENTED_EDGE ( 'NONE', *, *, #3036, .T. ) ;
#2812 = LINE ( 'NONE', #673, #2255 ) ;
#2813 = EDGE_CURVE ( 'NONE', #743, #2292, #3406, .T. ) ;
#2814 = LINE ( 'NONE', #1506, #2029 ) ;
#2815 = LINE ( 'NONE', #509, #1371 ) ;
#2816 = ORIENTED_EDGE ( 'NONE', *, *, #3462, .T. ) ;
#2817 = ADVANCED_FACE ( 'NONE', ( #2693 ), #3397, .T. ) ;
#2818 = DIRECTION ( 'NONE',  ( 0.0000000000000000000, -9.035018104045869500E-017, 1.000000000000000000 ) ) ;
#2819 = PLANE ( 'NONE',  #3823 ) ;
#2820 = DIRECTION ( 'NONE',  ( -1.000000000000000000, -0.0000000000000000000, -0.0000000000000000000 ) ) ;
#2821 = VERTEX_POINT ( 'NONE', #1366 ) ;
#2822 = DIRECTION ( 'NONE',  ( -0.0000000000000000000, -1.000000000000000000, -0.0000000000000000000 ) ) ;
#2823 = CARTESIAN_POINT ( 'NONE',  ( 0.1899999999999995900, 0.05000000000000000300, 0.6999999999999999600 ) ) ;
#2824 = EDGE_LOOP ( 'NONE', ( #2761, #555, #2468, #3122 ) ) ;
#2825 = EDGE_CURVE ( 'NONE', #3057, #2362, #2460, .T. ) ;
#2826 = VERTEX_POINT ( 'NONE', #2541 ) ;
#2827 = DIRECTION ( 'NONE',  ( 0.0000000000000000000, 9.035018104045869500E-017, 1.000000000000000000 ) ) ;
#2828 =( LENGTH_UNIT ( ) NAMED_UNIT ( * ) SI_UNIT ( .MILLI., .METRE. ) );
#2829 = DIRECTION ( 'NONE',  ( 1.000000000000000000, 0.0000000000000000000, 0.0000000000000000000 ) ) ;
#2830 = CARTESIAN_POINT ( 'NONE',  ( 0.3600000000000003800, 0.05000000000000000300, -0.5000000000000000000 ) ) ;
#2831 = ORIENTED_EDGE ( 'NONE', *, *, #2090, .T. ) ;
#2832 = PLANE ( 'NONE',  #596 ) ;
#2833 = DIRECTION ( 'NONE',  ( 0.0000000000000000000, 0.0000000000000000000, 1.000000000000000000 ) ) ;
#2834 = ORIENTED_EDGE ( 'NONE', *, *, #2034, .F. ) ;
#2835 = DIRECTION ( 'NONE',  ( -1.000000000000000000, 0.0000000000000000000, -0.0000000000000000000 ) ) ;
#2836 = UNCERTAINTY_MEASURE_WITH_UNIT (LENGTH_MEASURE( 1.000000000000000100E-005 ), #2014, 'distance_accuracy_value', 'NONE');
#2837 = ADVANCED_FACE ( 'NONE', ( #2879 ), #2819, .F. ) ;
#2838 = VECTOR ( 'NONE', #1280, 1000.000000000000000 ) ;
#2839 = EDGE_LOOP ( 'NONE', ( #93, #3817, #1141, #2692 ) ) ;
#2840 = DIRECTION ( 'NONE',  ( -0.0000000000000000000, -1.242314989306307100E-016, -1.000000000000000000 ) ) ;
#2841 = VECTOR ( 'NONE', #3624, 1000.000000000000000 ) ;
#2842 = AXIS2_PLACEMENT_3D ( 'NONE', #2445, #664, #3403 ) ;
#2843 = PLANE ( 'NONE',  #883 ) ;
#2844 = ADVANCED_FACE ( 'NONE', ( #2745 ), #2789, .T. ) ;
#2845 = EDGE_CURVE ( 'NONE', #75, #2317, #987, .T. ) ;
#2846 = DIRECTION ( 'NONE',  ( 0.0000000000000000000, 0.0000000000000000000, 1.000000000000000000 ) ) ;
#2847 = LINE ( 'NONE', #3610, #466 ) ;
#2848 = ORIENTED_EDGE ( 'NONE', *, *, #215, .F. ) ;
#2849 = LINE ( 'NONE', #737, #2018 ) ;
#2850 = ORIENTED_EDGE ( 'NONE', *, *, #396, .F. ) ;
#2851 = ADVANCED_FACE ( 'NONE', ( #2647 ), #2502, .F. ) ;
#2852 = CARTESIAN_POINT ( 'NONE',  ( -0.3600000000000003800, 0.0000000000000000000, 0.6999999999999999600 ) ) ;
#2853 = DIRECTION ( 'NONE',  ( -0.0000000000000000000, 1.000000000000000000, -0.0000000000000000000 ) ) ;
#2854 = CARTESIAN_POINT ( 'NONE',  ( -0.1400000000000001000, -0.05000000000000000300, -0.7000000000000001800 ) ) ;
#2855 = ORIENTED_EDGE ( 'NONE', *, *, #2452, .F. ) ;
#2856 = DIRECTION ( 'NONE',  ( -1.000000000000000000, 0.0000000000000000000, 0.0000000000000000000 ) ) ;
#2857 = CARTESIAN_POINT ( 'NONE',  ( -0.3100000000000003900, 0.05000000000000000300, -0.6999999999999999600 ) ) ;
#2858 = ORIENTED_EDGE ( 'NONE', *, *, #3514, .F. ) ;
#2859 = EDGE_LOOP ( 'NONE', ( #2411, #3619, #171, #2899 ) ) ;
#2860 = EDGE_CURVE ( 'NONE', #1946, #597, #499, .T. ) ;
#2861 = DIRECTION ( 'NONE',  ( 0.0000000000000000000, 1.242314989306307100E-016, -1.000000000000000000 ) ) ;
#2862 = ORIENTED_EDGE ( 'NONE', *, *, #342, .F. ) ;
#2863 = CARTESIAN_POINT ( 'NONE',  ( 0.1400000000000001200, -0.05000000000000000300, 0.5000000000000000000 ) ) ;
#2864 = EDGE_CURVE ( 'NONE', #1346, #3688, #2001, .T. ) ;
#2865 = AXIS2_PLACEMENT_3D ( 'NONE', #3415, #166, #2233 ) ;
#2866 = ORIENTED_EDGE ( 'NONE', *, *, #3206, .F. ) ;
#2867 = CARTESIAN_POINT ( 'NONE',  ( 0.3600000000000004900, -0.05000000000000000300, -0.7000000000000000700 ) ) ;
#2868 = FILL_AREA_STYLE ('',( #794 ) ) ;
#2869 = ORIENTED_EDGE ( 'NONE', *, *, #757, .T. ) ;
#2870 = EDGE_CURVE ( 'NONE', #1393, #3302, #69, .T. ) ;
#2871 = EDGE_CURVE ( 'NONE', #1011, #2361, #1453, .T. ) ;
#2872 = ORIENTED_EDGE ( 'NONE', *, *, #2674, .F. ) ;
#2873 = CARTESIAN_POINT ( 'NONE',  ( -0.3600000000000003800, -0.05000000000000000300, 0.6999999999999999600 ) ) ;
#2874 = DIRECTION ( 'NONE',  ( -0.0000000000000000000, -1.000000000000000000, -0.0000000000000000000 ) ) ;
#2875 = DIRECTION ( 'NONE',  ( 1.000000000000000000, -0.0000000000000000000, -0.0000000000000000000 ) ) ;
#2876 = MECHANICAL_DESIGN_GEOMETRIC_PRESENTATION_REPRESENTATION (  '', ( #3683 ), #2214 ) ;
#2877 = ORIENTED_EDGE ( 'NONE', *, *, #3299, .F. ) ;
#2878 = ADVANCED_FACE ( 'NONE', ( #894 ), #3143, .F. ) ;
#2879 = FACE_OUTER_BOUND ( 'NONE', #33, .T. ) ;
#2880 = SURFACE_STYLE_USAGE ( .BOTH. , #547 ) ;
#2881 = CARTESIAN_POINT ( 'NONE',  ( -0.5500000000000000400, 0.0000000000000000000, 0.0000000000000000000 ) ) ;
#2882 = EDGE_LOOP ( 'NONE', ( #3560, #2993, #1716, #325 ) ) ;
#2883 = SURFACE_SIDE_STYLE ('',( #2525 ) ) ;
#2884 = FACE_OUTER_BOUND ( 'NONE', #227, .T. ) ;
#2885 = LINE ( 'NONE', #2103, #2109 ) ;
#2886 = VERTEX_POINT ( 'NONE', #1998 ) ;
#2887 = ADVANCED_FACE ( 'NONE', ( #2554 ), #504, .F. ) ;
#2888 = EDGE_LOOP ( 'NONE', ( #2730, #1045, #2025, #2403 ) ) ;
#2889 = PLANE ( 'NONE',  #1974 ) ;
#2890 = CARTESIAN_POINT ( 'NONE',  ( -0.3600000000000000400, 0.0000000000000000000, 0.5000000000000000000 ) ) ;
#2891 = LINE ( 'NONE', #1511, #3179 ) ;
#2892 = DIRECTION ( 'NONE',  ( 9.856383386231857600E-017, -0.0000000000000000000, 1.000000000000000000 ) ) ;
#2893 = ORIENTED_EDGE ( 'NONE', *, *, #678, .T. ) ;
#2895 = VECTOR ( 'NONE', #768, 1000.000000000000000 ) ;
#2894 = CARTESIAN_POINT ( 'NONE',  ( -0.5000000000000000000, 0.06000000000000022000, -0.2250000000000000600 ) ) ;
#2896 = CARTESIAN_POINT ( 'NONE',  ( -0.3100000000000003900, 0.05000000000000000300, 0.6999999999999999600 ) ) ;
#2897 = LINE ( 'NONE', #3063, #518 ) ;
#2898 = CARTESIAN_POINT ( 'NONE',  ( 0.0000000000000000000, 0.05000000000000000300, 0.0000000000000000000 ) ) ;
#2899 = ORIENTED_EDGE ( 'NONE', *, *, #638, .T. ) ;
#2900 = EDGE_CURVE ( 'NONE', #615, #2464, #282, .T. ) ;
#2901 = LINE ( 'NONE', #10, #1237 ) ;
#2902 = VERTEX_POINT ( 'NONE', #1386 ) ;
#2903 = FACE_OUTER_BOUND ( 'NONE', #189, .T. ) ;
#2904 = DIRECTION ( 'NONE',  ( 0.0000000000000000000, 9.035018104045869500E-017, -1.000000000000000000 ) ) ;
#2905 = LINE ( 'NONE', #1135, #1332 ) ;
#2906 = VECTOR ( 'NONE', #3134, 1000.000000000000000 ) ;
#2907 = ORIENTED_EDGE ( 'NONE', *, *, #1951, .T. ) ;
#2908 = AXIS2_PLACEMENT_3D ( 'NONE', #1143, #254, #2979 ) ;
#2909 = DIRECTION ( 'NONE',  ( -0.0000000000000000000, 1.000000000000000000, -0.0000000000000000000 ) ) ;
#2910 =( NAMED_UNIT ( * ) PLANE_ANGLE_UNIT ( ) SI_UNIT ( $, .RADIAN. ) );
#2911 = CARTESIAN_POINT ( 'NONE',  ( 0.5000000000000000000, 0.01000000000000021900, -0.2250000000000000600 ) ) ;
#2912 = ORIENTED_EDGE ( 'NONE', *, *, #1645, .F. ) ;
#2913 = ORIENTED_EDGE ( 'NONE', *, *, #2771, .F. ) ;
#2914 = CARTESIAN_POINT ( 'NONE',  ( 0.5000000000000000000, 0.06000000000000000500, 0.2250000000000000600 ) ) ;
#2915 = DIRECTION ( 'NONE',  ( -1.000000000000000000, 0.0000000000000000000, 0.0000000000000000000 ) ) ;
#2916 = CARTESIAN_POINT ( 'NONE',  ( 0.3600000000000003800, 0.05000000000000000300, 0.5000000000000000000 ) ) ;
#2917 = ORIENTED_EDGE ( 'NONE', *, *, #2452, .T. ) ;
#2918 = CARTESIAN_POINT ( 'NONE',  ( -0.5000000000000000000, 0.01000000000000021900, -0.2250000000000000600 ) ) ;
#2919 = ADVANCED_FACE ( 'NONE', ( #3167 ), #3487, .T. ) ;
#2920 = CARTESIAN_POINT ( 'NONE',  ( -0.3599999999999998200, -0.05000000000000000300, -0.5000000000000002200 ) ) ;
#2921 = ADVANCED_FACE ( 'NONE', ( #195 ), #3810, .F. ) ;
#2922 = CARTESIAN_POINT ( 'NONE',  ( -0.5000000000000000000, 0.01000000000000000200, 0.2250000000000000600 ) ) ;
#2923 = VERTEX_POINT ( 'NONE', #1429 ) ;
#2924 = ORIENTED_EDGE ( 'NONE', *, *, #1086, .F. ) ;
#2925 = EDGE_CURVE ( 'NONE', #2031, #2508, #603, .T. ) ;
#2926 = CARTESIAN_POINT ( 'NONE',  ( -0.1899999999999995900, 0.05000000000000000300, 0.6999999999999999600 ) ) ;
#2927 = LINE ( 'NONE', #38, #742 ) ;
#2928 = VERTEX_POINT ( 'NONE', #2028 ) ;
#2929 = LINE ( 'NONE', #3442, #1351 ) ;
#2930 = VECTOR ( 'NONE', #2435, 1000.000000000000000 ) ;
#2931 =( NAMED_UNIT ( * ) SI_UNIT ( $, .STERADIAN. ) SOLID_ANGLE_UNIT ( ) );
#2932 = FACE_OUTER_BOUND ( 'NONE', #825, .T. ) ;
#2933 = PLANE ( 'NONE',  #1344 ) ;
#2934 = DIRECTION ( 'NONE',  ( 1.000000000000000000, 0.0000000000000000000, 0.0000000000000000000 ) ) ;
#2935 = AXIS2_PLACEMENT_3D ( 'NONE', #372, #2737, #1301 ) ;
#2936 = ORIENTED_EDGE ( 'NONE', *, *, #2054, .F. ) ;
#2937 = DIRECTION ( 'NONE',  ( -1.000000000000000000, 0.0000000000000000000, 0.0000000000000000000 ) ) ;
#2938 = DIRECTION ( 'NONE',  ( -1.000000000000000000, 0.0000000000000000000, 0.0000000000000000000 ) ) ;
#2939 = CARTESIAN_POINT ( 'NONE',  ( -0.1899999999999995600, -0.0000000000000000000, -0.5000000000000000000 ) ) ;
#2940 = ORIENTED_EDGE ( 'NONE', *, *, #20, .F. ) ;
#2941 = EDGE_CURVE ( 'NONE', #1518, #1113, #1214, .T. ) ;
#2942 = DIRECTION ( 'NONE',  ( 1.000000000000000000, -0.0000000000000000000, -0.0000000000000000000 ) ) ;
#2943 = CARTESIAN_POINT ( 'NONE',  ( 0.1899999999999995600, 0.05000000000000000300, 0.5000000000000000000 ) ) ;
#2944 = VERTEX_POINT ( 'NONE', #201 ) ;
#2945 = ADVANCED_FACE ( 'NONE', ( #1559 ), #491, .F. ) ;
#2946 = EDGE_CURVE ( 'NONE', #3419, #2585, #693, .T. ) ;
#2947 = AXIS2_PLACEMENT_3D ( 'NONE', #3452, #764, #3158 ) ;
#2948 = LINE ( 'NONE', #1054, #2800 ) ;
#2949 = DIRECTION ( 'NONE',  ( -0.0000000000000000000, 1.000000000000000000, -0.0000000000000000000 ) ) ;
#2950 = PLANE ( 'NONE',  #2353 ) ;
#2951 = DIRECTION ( 'NONE',  ( 1.355252715606880800E-016, -0.0000000000000000000, 1.000000000000000000 ) ) ;
#2952 = ORIENTED_EDGE ( 'NONE', *, *, #838, .T. ) ;
#2953 = CARTESIAN_POINT ( 'NONE',  ( 0.3600000000000003800, 0.05000000000000000300, 0.6999999999999999600 ) ) ;
#2954 = VERTEX_POINT ( 'NONE', #2298 ) ;
#2955 = EDGE_CURVE ( 'NONE', #113, #309, #2377, .T. ) ;
#2956 = COLOUR_RGB ( '',1.000000000000000000, 1.000000000000000000, 1.000000000000000000 ) ;
#2957 = FACE_OUTER_BOUND ( 'NONE', #64, .T. ) ;
#2958 = DIRECTION ( 'NONE',  ( -0.0000000000000000000, -1.000000000000000000, -0.0000000000000000000 ) ) ;
#2959 = ORIENTED_EDGE ( 'NONE', *, *, #2090, .F. ) ;
#2960 = VECTOR ( 'NONE', #1190, 1000.000000000000000 ) ;
#2961 = ORIENTED_EDGE ( 'NONE', *, *, #2258, .T. ) ;
#2962 =( NAMED_UNIT ( * ) SI_UNIT ( $, .STERADIAN. ) SOLID_ANGLE_UNIT ( ) );
#2963 = CARTESIAN_POINT ( 'NONE',  ( 0.4000000000000000200, -0.05000000000000000300, -0.2999999999999998800 ) ) ;
#2964 = DIRECTION ( 'NONE',  ( -1.000000000000000000, 0.0000000000000000000, -4.928191693115942600E-016 ) ) ;
#2965 = EDGE_LOOP ( 'NONE', ( #2595, #2369, #1027, #1714 ) ) ;
#2966 = CARTESIAN_POINT ( 'NONE',  ( -0.1399999999999995400, 0.05000000000000000300, 0.6999999999999999600 ) ) ;
#2967 = ADVANCED_FACE ( 'NONE', ( #2932 ), #3774, .T. ) ;
#2968 = CARTESIAN_POINT ( 'NONE',  ( -0.3600000000000003800, 0.0000000000000000000, 0.6999999999999999600 ) ) ;
#2969 = CARTESIAN_POINT ( 'NONE',  ( 0.5000000000000000000, 0.0000000000000000000, 0.0000000000000000000 ) ) ;
#2970 = ORIENTED_EDGE ( 'NONE', *, *, #172, .F. ) ;
#2971 = CARTESIAN_POINT ( 'NONE',  ( -0.3600000000000003800, -0.05000000000000000300, 0.6999999999999999600 ) ) ;
#2972 = DIRECTION ( 'NONE',  ( 1.355252715606880800E-016, 0.0000000000000000000, -1.000000000000000000 ) ) ;
#2973 = ORIENTED_EDGE ( 'NONE', *, *, #2181, .T. ) ;
#2974 = CARTESIAN_POINT ( 'NONE',  ( 0.5000000000000000000, 0.01000000000000000200, 0.2250000000000000600 ) ) ;
#2975 = PLANE ( 'NONE',  #3783 ) ;
#2976 = ORIENTED_EDGE ( 'NONE', *, *, #2870, .T. ) ;
#2977 = LINE ( 'NONE', #3236, #1439 ) ;
#2978 = DIRECTION ( 'NONE',  ( -1.000000000000000000, 0.0000000000000000000, 0.0000000000000000000 ) ) ;
#2979 = DIRECTION ( 'NONE',  ( -1.000000000000000000, 0.0000000000000000000, -0.0000000000000000000 ) ) ;
#2980 = VECTOR ( 'NONE', #3829, 1000.000000000000000 ) ;
#2981 = PLANE ( 'NONE',  #3314 ) ;
#2982 = ORIENTED_EDGE ( 'NONE', *, *, #1510, .F. ) ;
#2983 = LINE ( 'NONE', #1678, #2186 ) ;
#2984 = AXIS2_PLACEMENT_3D ( 'NONE', #2157, #3352, #1844 ) ;
#2985 = DIRECTION ( 'NONE',  ( 0.0000000000000000000, -9.035018104045869500E-017, 1.000000000000000000 ) ) ;
#2986 = ORIENTED_EDGE ( 'NONE', *, *, #944, .T. ) ;
#2987 = VERTEX_POINT ( 'NONE', #520 ) ;
#2988 = CARTESIAN_POINT ( 'NONE',  ( -0.5000000000000000000, 0.06000000000000020600, -0.3750000000000000600 ) ) ;
#2989 = CARTESIAN_POINT ( 'NONE',  ( 0.0000000000000000000, -0.05000000000000000300, 0.0000000000000000000 ) ) ;
#2990 = LINE ( 'NONE', #2478, #1040 ) ;
#2991 = DIRECTION ( 'NONE',  ( 0.0000000000000000000, 1.000000000000000000, 0.0000000000000000000 ) ) ;
#2992 = MECHANICAL_DESIGN_GEOMETRIC_PRESENTATION_REPRESENTATION (  '', ( #507 ), #3187 ) ;
#2993 = ORIENTED_EDGE ( 'NONE', *, *, #1995, .T. ) ;
#2995 = VECTOR ( 'NONE', #622, 1000.000000000000000 ) ;
#2994 = CARTESIAN_POINT ( 'NONE',  ( 0.3600000000000003800, 0.05000000000000000300, 0.6999999999999999600 ) ) ;
#2996 = DIRECTION ( 'NONE',  ( 0.0000000000000000000, 0.0000000000000000000, -1.000000000000000000 ) ) ;
#2997 = EDGE_CURVE ( 'NONE', #147, #1706, #746, .T. ) ;
#2998 = VECTOR ( 'NONE', #128, 1000.000000000000000 ) ;
#2999 = ORIENTED_EDGE ( 'NONE', *, *, #3446, .T. ) ;
#3000 = PRESENTATION_LAYER_ASSIGNMENT (  '', '', ( #1396 ) ) ;
#3001 = LINE ( 'NONE', #1550, #2201 ) ;
#3002 = EDGE_CURVE ( 'NONE', #309, #1321, #2983, .T. ) ;
#3003 = ORIENTED_EDGE ( 'NONE', *, *, #2799, .T. ) ;
#3004 = DIRECTION ( 'NONE',  ( 0.0000000000000000000, -1.000000000000000000, 0.0000000000000000000 ) ) ;
#3005 = CARTESIAN_POINT ( 'NONE',  ( -0.3600000000000000400, -0.05000000000000000300, 0.5000000000000000000 ) ) ;
#3006 = DIRECTION ( 'NONE',  ( 0.0000000000000000000, 0.0000000000000000000, -1.000000000000000000 ) ) ;
#3007 = VECTOR ( 'NONE', #2671, 1000.000000000000000 ) ;
#3008 = VECTOR ( 'NONE', #2827, 1000.000000000000000 ) ;
#3009 = ORIENTED_EDGE ( 'NONE', *, *, #2543, .T. ) ;
#3010 = CARTESIAN_POINT ( 'NONE',  ( -0.1899999999999995600, 0.05000000000000000300, -0.5000000000000000000 ) ) ;
#3011 = VECTOR ( 'NONE', #39, 1000.000000000000000 ) ;
#3012 = DIRECTION ( 'NONE',  ( 0.0000000000000000000, 9.035018104045869500E-017, 1.000000000000000000 ) ) ;
#3013 = CARTESIAN_POINT ( 'NONE',  ( -0.4000000000000000200, -0.05000000000000000300, -0.1499999999999999900 ) ) ;
#3014 = EDGE_CURVE ( 'NONE', #3739, #1061, #3362, .T. ) ;
#3015 = ORIENTED_EDGE ( 'NONE', *, *, #1740, .F. ) ;
#3016 = CARTESIAN_POINT ( 'NONE',  ( -0.5000000000000000000, 0.01000000000000021900, -0.2250000000000000600 ) ) ;
#3017 = CARTESIAN_POINT ( 'NONE',  ( -0.1399999999999995400, 0.05000000000000000300, -0.6999999999999999600 ) ) ;
#3018 = LINE ( 'NONE', #126, #921 ) ;
#3019 = ORIENTED_EDGE ( 'NONE', *, *, #1340, .T. ) ;
#3020 = DIRECTION ( 'NONE',  ( 1.897353801849633200E-015, -0.0000000000000000000, 1.000000000000000000 ) ) ;
#3021 = ORIENTED_EDGE ( 'NONE', *, *, #1360, .T. ) ;
#3022 = DIRECTION ( 'NONE',  ( 1.000000000000000000, 0.0000000000000000000, 0.0000000000000000000 ) ) ;
#3023 = PLANE ( 'NONE',  #1148 ) ;
#3024 = EDGE_CURVE ( 'NONE', #923, #2175, #1355, .T. ) ;
#3025 = DIRECTION ( 'NONE',  ( 1.000000000000000000, 0.0000000000000000000, 0.0000000000000000000 ) ) ;
#3026 = ORIENTED_EDGE ( 'NONE', *, *, #396, .T. ) ;
#3027 = CARTESIAN_POINT ( 'NONE',  ( 0.1899999999999995600, 0.0000000000000000000, 0.5000000000000000000 ) ) ;
#3028 = ORIENTED_EDGE ( 'NONE', *, *, #1394, .F. ) ;
#3029 = VECTOR ( 'NONE', #3784, 1000.000000000000000 ) ;
#3030 = ORIENTED_EDGE ( 'NONE', *, *, #1614, .T. ) ;
#3031 = DIRECTION ( 'NONE',  ( 1.000000000000000000, 0.0000000000000000000, 0.0000000000000000000 ) ) ;
#3032 = VECTOR ( 'NONE', #2364, 1000.000000000000000 ) ;
#3033 = PLANE ( 'NONE',  #1234 ) ;
#3034 = FACE_OUTER_BOUND ( 'NONE', #1089, .T. ) ;
#3035 = LINE ( 'NONE', #3715, #1354 ) ;
#3036 = EDGE_CURVE ( 'NONE', #367, #1990, #3131, .T. ) ;
#3037 = LINE ( 'NONE', #71, #1639 ) ;
#3038 = VECTOR ( 'NONE', #2393, 1000.000000000000000 ) ;
#3039 = PLANE ( 'NONE',  #3714 ) ;
#3040 = DIRECTION ( 'NONE',  ( 0.0000000000000000000, 0.0000000000000000000, 1.000000000000000000 ) ) ;
#3041 = CARTESIAN_POINT ( 'NONE',  ( 0.3100000000000003900, 0.05000000000000000300, 0.5000000000000000000 ) ) ;
#3042 = ORIENTED_EDGE ( 'NONE', *, *, #3201, .F. ) ;
#3043 = VECTOR ( 'NONE', #3088, 1000.000000000000000 ) ;
#3044 = CARTESIAN_POINT ( 'NONE',  ( 0.5000000000000000000, 0.01000000000000000200, 0.2250000000000000600 ) ) ;
#3045 = ORIENTED_EDGE ( 'NONE', *, *, #3454, .F. ) ;
#3046 = VECTOR ( 'NONE', #2399, 1000.000000000000000 ) ;
#3047 = ORIENTED_EDGE ( 'NONE', *, *, #1600, .T. ) ;
#3048 = CARTESIAN_POINT ( 'NONE',  ( -0.1399999999999995400, 0.0000000000000000000, 0.6999999999999999600 ) ) ;
#3049 =( GEOMETRIC_REPRESENTATION_CONTEXT ( 3 ) GLOBAL_UNCERTAINTY_ASSIGNED_CONTEXT ( ( #817 ) ) GLOBAL_UNIT_ASSIGNED_CONTEXT ( ( #708, #3413, #1607 ) ) REPRESENTATION_CONTEXT ( 'NONE', 'WORKASPACE' ) );
#3050 = VECTOR ( 'NONE', #3431, 1000.000000000000000 ) ;
#3051 = VECTOR ( 'NONE', #3701, 1000.000000000000000 ) ;
#3052 = DIRECTION ( 'NONE',  ( -4.928191693115928800E-016, 0.0000000000000000000, 1.000000000000000000 ) ) ;
#3053 = DIRECTION ( 'NONE',  ( 0.0000000000000000000, -0.0000000000000000000, 1.000000000000000000 ) ) ;
#3054 = CARTESIAN_POINT ( 'NONE',  ( -0.5500000000000000400, 0.01000000000000021900, -0.2250000000000000600 ) ) ;
#3055 = VERTEX_POINT ( 'NONE', #1742 ) ;
#3056 = AXIS2_PLACEMENT_3D ( 'NONE', #109, #2506, #2757 ) ;
#3057 = VERTEX_POINT ( 'NONE', #843 ) ;
#3058 = EDGE_CURVE ( 'NONE', #2407, #1491, #993, .T. ) ;
#3059 = ORIENTED_EDGE ( 'NONE', *, *, #2504, .F. ) ;
#3060 = DIRECTION ( 'NONE',  ( 0.0000000000000000000, 0.0000000000000000000, -1.000000000000000000 ) ) ;
#3061 = LINE ( 'NONE', #54, #3680 ) ;
#3062 = EDGE_LOOP ( 'NONE', ( #1655, #2862, #236, #17 ) ) ;
#3063 = CARTESIAN_POINT ( 'NONE',  ( 0.3600000000000003800, 0.0000000000000000000, -0.6999999999999999600 ) ) ;
#3064 = DIRECTION ( 'NONE',  ( 1.000000000000000000, 0.0000000000000000000, 0.0000000000000000000 ) ) ;
#3065 = PLANE ( 'NONE',  #1943 ) ;
#3066 = LINE ( 'NONE', #3364, #726 ) ;
#3067 = EDGE_LOOP ( 'NONE', ( #1145, #637, #1094, #2254, #1235, #2765, #3416, #3730 ) ) ;
#3068 = ORIENTED_EDGE ( 'NONE', *, *, #2787, .T. ) ;
#3069 = AXIS2_PLACEMENT_3D ( 'NONE', #1204, #3004, #1522 ) ;
#3070 = VERTEX_POINT ( 'NONE', #900 ) ;
#3071 = DIRECTION ( 'NONE',  ( -0.0000000000000000000, 1.000000000000000000, -0.0000000000000000000 ) ) ;
#3072 = EDGE_CURVE ( 'NONE', #1640, #2641, #1167, .T. ) ;
#3073 = DIRECTION ( 'NONE',  ( 1.000000000000000000, 0.0000000000000000000, -0.0000000000000000000 ) ) ;
#3074 = CARTESIAN_POINT ( 'NONE',  ( 0.1399999999999995400, 0.05000000000000000300, 0.6999999999999999600 ) ) ;
#3075 = VERTEX_POINT ( 'NONE', #2612 ) ;
#3076 = ORIENTED_EDGE ( 'NONE', *, *, #290, .F. ) ;
#3077 = EDGE_CURVE ( 'NONE', #672, #2779, #2012, .T. ) ;
#3078 = DIRECTION ( 'NONE',  ( 1.000000000000000000, 0.0000000000000000000, 0.0000000000000000000 ) ) ;
#3079 = ORIENTED_EDGE ( 'NONE', *, *, #1304, .T. ) ;
#3080 = VECTOR ( 'NONE', #3199, 1000.000000000000000 ) ;
#3081 = VECTOR ( 'NONE', #866, 1000.000000000000000 ) ;
#3082 = ADVANCED_FACE ( 'NONE', ( #3559 ), #2354, .F. ) ;
#3083 = EDGE_CURVE ( 'NONE', #1552, #158, #428, .T. ) ;
#3084 = ORIENTED_EDGE ( 'NONE', *, *, #1132, .F. ) ;
#3085 = DIRECTION ( 'NONE',  ( 0.0000000000000000000, -1.000000000000000000, 0.0000000000000000000 ) ) ;
#3086 = LINE ( 'NONE', #1885, #1833 ) ;
#3087 = DIRECTION ( 'NONE',  ( -1.000000000000000000, 0.0000000000000000000, 0.0000000000000000000 ) ) ;
#3088 = DIRECTION ( 'NONE',  ( -0.0000000000000000000, -0.0000000000000000000, -1.000000000000000000 ) ) ;
#3089 = PLANE ( 'NONE',  #1489 ) ;
#3090 = VECTOR ( 'NONE', #1513, 1000.000000000000000 ) ;
#3091 = ORIENTED_EDGE ( 'NONE', *, *, #1788, .T. ) ;
#3092 = LINE ( 'NONE', #2994, #2195 ) ;
#3093 = LINE ( 'NONE', #1475, #705 ) ;
#3094 = ORIENTED_EDGE ( 'NONE', *, *, #1256, .F. ) ;
#3095 = ORIENTED_EDGE ( 'NONE', *, *, #980, .T. ) ;
#3096 = FACE_OUTER_BOUND ( 'NONE', #3291, .T. ) ;
#3097 = CARTESIAN_POINT ( 'NONE',  ( 0.5500000000000000400, 0.0000000000000000000, 0.6999999999999998400 ) ) ;
#3098 = VERTEX_POINT ( 'NONE', #2340 ) ;
#3099 = CARTESIAN_POINT ( 'NONE',  ( 0.3600000000000003800, 0.05000000000000000300, -0.6999999999999999600 ) ) ;
#3100 = CARTESIAN_POINT ( 'NONE',  ( 0.1399999999999995400, 0.05000000000000000300, 0.5000000000000000000 ) ) ;
#3101 = DIRECTION ( 'NONE',  ( -1.000000000000000000, 0.0000000000000000000, -1.355252715606880500E-016 ) ) ;
#3102 = CARTESIAN_POINT ( 'NONE',  ( 0.1899999999999995900, 0.0000000000000000000, -0.6999999999999999600 ) ) ;
#3103 = VECTOR ( 'NONE', #2938, 1000.000000000000000 ) ;
#3104 = ORIENTED_EDGE ( 'NONE', *, *, #2047, .F. ) ;
#3105 = AXIS2_PLACEMENT_3D ( 'NONE', #3508, #228, #1129 ) ;
#3106 = LINE ( 'NONE', #2394, #3011 ) ;
#3107 = ADVANCED_FACE ( 'NONE', ( #566 ), #2933, .F. ) ;
#3108 = DIRECTION ( 'NONE',  ( 0.0000000000000000000, 0.0000000000000000000, -1.000000000000000000 ) ) ;
#3109 = VERTEX_POINT ( 'NONE', #560 ) ;
#3110 = VECTOR ( 'NONE', #3113, 1000.000000000000000 ) ;
#3111 = ORIENTED_EDGE ( 'NONE', *, *, #279, .T. ) ;
#3112 = CARTESIAN_POINT ( 'NONE',  ( -0.1399999999999995400, 0.05000000000000000300, -0.5000000000000000000 ) ) ;
#3113 = DIRECTION ( 'NONE',  ( -0.0000000000000000000, 1.000000000000000000, -0.0000000000000000000 ) ) ;
#3114 = ORIENTED_EDGE ( 'NONE', *, *, #3014, .F. ) ;
#3115 = PLANE ( 'NONE',  #3634 ) ;
#3116 = CARTESIAN_POINT ( 'NONE',  ( -0.3599999999999998200, -0.0000000000000000000, -0.5000000000000002200 ) ) ;
#3117 = EDGE_CURVE ( 'NONE', #1619, #1631, #3093, .T. ) ;
#3118 = VECTOR ( 'NONE', #2232, 1000.000000000000000 ) ;
#3119 = EDGE_LOOP ( 'NONE', ( #969, #3079, #3155, #988, #3198, #3519, #3537, #3657 ) ) ;
#3120 = FILL_AREA_STYLE ('',( #2215 ) ) ;
#3121 = VERTEX_POINT ( 'NONE', #3 ) ;
#3122 = ORIENTED_EDGE ( 'NONE', *, *, #3794, .T. ) ;
#3123 = CARTESIAN_POINT ( 'NONE',  ( 0.0000000000000000000, 0.0000000000000000000, 0.0000000000000000000 ) ) ;
#3124 = VECTOR ( 'NONE', #2112, 1000.000000000000000 ) ;
#3125 = DIRECTION ( 'NONE',  ( -1.219727444046192700E-015, 0.0000000000000000000, 1.000000000000000000 ) ) ;
#3126 = CARTESIAN_POINT ( 'NONE',  ( -0.1899999999999995600, 0.0000000000000000000, 0.5000000000000000000 ) ) ;
#3127 = VECTOR ( 'NONE', #1524, 1000.000000000000000 ) ;
#3128 = VECTOR ( 'NONE', #999, 1000.000000000000000 ) ;
#3129 = VECTOR ( 'NONE', #2727, 1000.000000000000000 ) ;
#3130 = ADVANCED_FACE ( 'NONE', ( #3617 ), #3838, .F. ) ;
#3131 = LINE ( 'NONE', #1791, #3038 ) ;
#3132 = EDGE_CURVE ( 'NONE', #2362, #196, #906, .T. ) ;
#3133 = CARTESIAN_POINT ( 'NONE',  ( 0.1399999999999995400, 0.05000000000000000300, -0.5000000000000000000 ) ) ;
#3134 = DIRECTION ( 'NONE',  ( -0.0000000000000000000, -1.000000000000000000, -0.0000000000000000000 ) ) ;
#3135 = ORIENTED_EDGE ( 'NONE', *, *, #2185, .T. ) ;
#3136 = MANIFOLD_SOLID_BREP ( 'Boss-Extrude3[2]', #3848 ) ;
#3137 = VECTOR ( 'NONE', #2996, 1000.000000000000000 ) ;
#3138 = ORIENTED_EDGE ( 'NONE', *, *, #2327, .T. ) ;
#3139 = LINE ( 'NONE', #381, #338 ) ;
#3140 = EDGE_CURVE ( 'NONE', #376, #2754, #150, .T. ) ;
#3141 = VECTOR ( 'NONE', #2005, 1000.000000000000000 ) ;
#3142 = ORIENTED_EDGE ( 'NONE', *, *, #15, .T. ) ;
#3143 = PLANE ( 'NONE',  #2602 ) ;
#3144 = CARTESIAN_POINT ( 'NONE',  ( 0.5500000000000000400, 0.0000000000000000000, 0.6999999999999998400 ) ) ;
#3145 = DIRECTION ( 'NONE',  ( -1.000000000000000000, 0.0000000000000000000, 0.0000000000000000000 ) ) ;
#3146 = ORIENTED_EDGE ( 'NONE', *, *, #3499, .T. ) ;
#3147 = VERTEX_POINT ( 'NONE', #2066 ) ;
#3148 = LINE ( 'NONE', #59, #2213 ) ;
#3149 = ADVANCED_FACE ( 'NONE', ( #940 ), #2652, .F. ) ;
#3150 = VECTOR ( 'NONE', #2304, 1000.000000000000000 ) ;
#3151 = ORIENTED_EDGE ( 'NONE', *, *, #924, .F. ) ;
#3152 = CARTESIAN_POINT ( 'NONE',  ( 0.5500000000000000400, 0.0000000000000000000, -0.7000000000000000700 ) ) ;
#3153 = CARTESIAN_POINT ( 'NONE',  ( 0.5500000000000000400, 0.01000000000000001200, 0.3750000000000000600 ) ) ;
#3154 = EDGE_CURVE ( 'NONE', #1665, #2954, #1633, .T. ) ;
#3155 = ORIENTED_EDGE ( 'NONE', *, *, #1487, .F. ) ;
#3156 = ORIENTED_EDGE ( 'NONE', *, *, #1021, .F. ) ;
#3157 = EDGE_LOOP ( 'NONE', ( #3670, #2785, #1900, #3591, #642, #244, #3705, #177, #443, #1198, #1428, #1060, #1231, #2167, #3632, #2959, #711, #2267, #365, #1675, #3696, #1097, #1787, #2982, #1004, #1969, #895, #3614, #3192, #3356, #3194, #2607, #2263, #1767, #684, #2023 ) ) ;
#3158 = DIRECTION ( 'NONE',  ( 0.0000000000000000000, 0.0000000000000000000, 1.000000000000000000 ) ) ;
#3159 = ORIENTED_EDGE ( 'NONE', *, *, #601, .T. ) ;
#3160 = ADVANCED_FACE ( 'NONE', ( #1444 ), #573, .F. ) ;
#3161 = CARTESIAN_POINT ( 'NONE',  ( 0.1899999999999995900, 0.05000000000000000300, -0.6999999999999999600 ) ) ;
#3162 = CARTESIAN_POINT ( 'NONE',  ( 0.5000000000000000000, 0.009999999999999984600, 0.3750000000000000600 ) ) ;
#3163 = ORIENTED_EDGE ( 'NONE', *, *, #1361, .F. ) ;
#3164 = CARTESIAN_POINT ( 'NONE',  ( 0.3600000000000003800, 0.0000000000000000000, 0.5000000000000000000 ) ) ;
#3165 = ORIENTED_EDGE ( 'NONE', *, *, #1515, .T. ) ;
#3166 = ORIENTED_EDGE ( 'NONE', *, *, #2925, .F. ) ;
#3167 = FACE_OUTER_BOUND ( 'NONE', #2421, .T. ) ;
#3168 = VERTEX_POINT ( 'NONE', #3866 ) ;
#3169 = ORIENTED_EDGE ( 'NONE', *, *, #3349, .T. ) ;
#3170 = AXIS2_PLACEMENT_3D ( 'NONE', #1780, #2991, #285 ) ;
#3171 = SURFACE_SIDE_STYLE ('',( #1093 ) ) ;
#3172 = DIRECTION ( 'NONE',  ( -1.000000000000000000, 0.0000000000000000000, -0.0000000000000000000 ) ) ;
#3173 = CARTESIAN_POINT ( 'NONE',  ( 0.3600000000000003800, 0.05000000000000000300, -0.6999999999999999600 ) ) ;
#3174 = ORIENTED_EDGE ( 'NONE', *, *, #2249, .F. ) ;
#3175 = LINE ( 'NONE', #609, #3842 ) ;
#3176 = CARTESIAN_POINT ( 'NONE',  ( 0.3600000000000001500, 0.0000000000000000000, 0.5000000000000001100 ) ) ;
#3177 = LINE ( 'NONE', #1894, #755 ) ;
#3178 = EDGE_LOOP ( 'NONE', ( #1852, #1683, #3375, #1017 ) ) ;
#3179 = VECTOR ( 'NONE', #3606, 1000.000000000000000 ) ;
#3180 = ADVANCED_FACE ( 'NONE', ( #2329 ), #927, .F. ) ;
#3181 = VERTEX_POINT ( 'NONE', #2988 ) ;
#3182 = EDGE_CURVE ( 'NONE', #1881, #1113, #3745, .T. ) ;
#3183 = DIRECTION ( 'NONE',  ( 1.897353801849633200E-015, 0.0000000000000000000, -1.000000000000000000 ) ) ;
#3184 = CARTESIAN_POINT ( 'NONE',  ( -0.1399999999999995400, 0.0000000000000000000, 0.5000000000000000000 ) ) ;
#3185 = ORIENTED_EDGE ( 'NONE', *, *, #1062, .T. ) ;
#3186 = LINE ( 'NONE', #2564, #2667 ) ;
#3187 =( GEOMETRIC_REPRESENTATION_CONTEXT ( 3 ) GLOBAL_UNCERTAINTY_ASSIGNED_CONTEXT ( ( #2588 ) ) GLOBAL_UNIT_ASSIGNED_CONTEXT ( ( #432, #2517, #3735 ) ) REPRESENTATION_CONTEXT ( 'NONE', 'WORKASPACE' ) );
#3188 = DIRECTION ( 'NONE',  ( -0.0000000000000000000, -1.000000000000000000, -0.0000000000000000000 ) ) ;
#3189 = CARTESIAN_POINT ( 'NONE',  ( 0.3100000000000003900, 0.05000000000000000300, 0.6999999999999999600 ) ) ;
#3190 = FACE_OUTER_BOUND ( 'NONE', #3297, .T. ) ;
#3191 = VECTOR ( 'NONE', #1022, 1000.000000000000000 ) ;
#3192 = ORIENTED_EDGE ( 'NONE', *, *, #3627, .F. ) ;
#3193 = VECTOR ( 'NONE', #1715, 1000.000000000000000 ) ;
#3194 = ORIENTED_EDGE ( 'NONE', *, *, #2009, .F. ) ;
#3195 = AXIS2_PLACEMENT_3D ( 'NONE', #474, #823, #264 ) ;
#3196 = LINE ( 'NONE', #403, #3816 ) ;
#3197 = CARTESIAN_POINT ( 'NONE',  ( -0.2500000000000000000, -0.0000000000000000000, -0.2999999999999999900 ) ) ;
#3198 = ORIENTED_EDGE ( 'NONE', *, *, #28, .T. ) ;
#3199 = DIRECTION ( 'NONE',  ( 1.000000000000000000, -0.0000000000000000000, -0.0000000000000000000 ) ) ;
#3200 = DIRECTION ( 'NONE',  ( -0.0000000000000000000, 9.035018104045869500E-017, 1.000000000000000000 ) ) ;
#3201 = EDGE_CURVE ( 'NONE', #867, #1962, #3831, .T. ) ;
#3202 = EDGE_LOOP ( 'NONE', ( #3675, #640, #2936, #2869 ) ) ;
#3203 = CARTESIAN_POINT ( 'NONE',  ( 0.1899999999999995900, 0.05000000000000000300, -0.6999999999999999600 ) ) ;
#3204 = LINE ( 'NONE', #1053, #3118 ) ;
#3205 = ORIENTED_EDGE ( 'NONE', *, *, #2740, .F. ) ;
#3206 = EDGE_CURVE ( 'NONE', #3419, #1706, #2927, .T. ) ;
#3207 = EDGE_LOOP ( 'NONE', ( #1479, #1669, #863, #77 ) ) ;
#3208 = VECTOR ( 'NONE', #134, 1000.000000000000000 ) ;
#3209 = DIRECTION ( 'NONE',  ( 1.000000000000000000, 0.0000000000000000000, -0.0000000000000000000 ) ) ;
#3210 = DIRECTION ( 'NONE',  ( 0.0000000000000000000, 0.0000000000000000000, -1.000000000000000000 ) ) ;
#3211 = ORIENTED_EDGE ( 'NONE', *, *, #3499, .F. ) ;
#3212 = VECTOR ( 'NONE', #2216, 1000.000000000000000 ) ;
#3213 = CARTESIAN_POINT ( 'NONE',  ( 0.1399999999999996000, -0.05000000000000000300, 0.6999999999999999600 ) ) ;
#3214 =( NAMED_UNIT ( * ) SI_UNIT ( $, .STERADIAN. ) SOLID_ANGLE_UNIT ( ) );
#3215 = ORIENTED_EDGE ( 'NONE', *, *, #3832, .F. ) ;
#3216 = LINE ( 'NONE', #589, #3603 ) ;
#3217 = LINE ( 'NONE', #2467, #3128 ) ;
#3218 = CARTESIAN_POINT ( 'NONE',  ( -0.3600000000000003800, 0.05000000000000000300, 0.6999999999999999600 ) ) ;
#3219 = LINE ( 'NONE', #3321, #3458 ) ;
#3220 = VECTOR ( 'NONE', #1855, 1000.000000000000000 ) ;
#3221 = VERTEX_POINT ( 'NONE', #188 ) ;
#3222 = AXIS2_PLACEMENT_3D ( 'NONE', #2244, #2357, #1463 ) ;
#3223 = CARTESIAN_POINT ( 'NONE',  ( -0.3600000000000003800, 0.05000000000000000300, -0.6999999999999999600 ) ) ;
#3224 = VECTOR ( 'NONE', #163, 1000.000000000000000 ) ;
#3225 = DIRECTION ( 'NONE',  ( -0.0000000000000000000, -1.000000000000000000, -0.0000000000000000000 ) ) ;
#3226 = DIRECTION ( 'NONE',  ( 1.897353801849633200E-015, 0.0000000000000000000, -1.000000000000000000 ) ) ;
#3227 = ORIENTED_EDGE ( 'NONE', *, *, #2360, .T. ) ;
#3228 = CARTESIAN_POINT ( 'NONE',  ( 0.3100000000000003900, 0.0000000000000000000, -0.6999999999999999600 ) ) ;
#3229 = DIRECTION ( 'NONE',  ( -1.000000000000000000, -0.0000000000000000000, -0.0000000000000000000 ) ) ;
#3230 = CARTESIAN_POINT ( 'NONE',  ( 0.1899999999999995600, 0.05000000000000000300, 0.5000000000000000000 ) ) ;
#3231 = EDGE_CURVE ( 'NONE', #2886, #627, #789, .T. ) ;
#3232 = DIRECTION ( 'NONE',  ( 1.355252715606880800E-016, 0.0000000000000000000, -1.000000000000000000 ) ) ;
#3233 = EDGE_LOOP ( 'NONE', ( #3434, #2115, #868, #3227, #2328, #1988, #1177, #2277, #1869, #1384, #1671, #1317, #531, #1689, #2834, #718, #3489, #1891, #2623, #3751 ) ) ;
#3234 = VERTEX_POINT ( 'NONE', #2823 ) ;
#3235 = VECTOR ( 'NONE', #814, 1000.000000000000000 ) ;
#3236 = CARTESIAN_POINT ( 'NONE',  ( 0.3100000000000003900, 0.05000000000000000300, -0.6999999999999999600 ) ) ;
#3237 = FILL_AREA_STYLE ('',( #3586 ) ) ;
#3238 = FILL_AREA_STYLE ('',( #544 ) ) ;
#3239 = VECTOR ( 'NONE', #217, 1000.000000000000000 ) ;
#3240 = ORIENTED_EDGE ( 'NONE', *, *, #2586, .F. ) ;
#3241 = AXIS2_PLACEMENT_3D ( 'NONE', #3350, #3341, #1551 ) ;
#3242 = DIRECTION ( 'NONE',  ( 0.0000000000000000000, -1.000000000000000000, 0.0000000000000000000 ) ) ;
#3243 = VERTEX_POINT ( 'NONE', #1630 ) ;
#3244 = EDGE_CURVE ( 'NONE', #743, #2429, #2278, .T. ) ;
#3245 = ORIENTED_EDGE ( 'NONE', *, *, #1498, .T. ) ;
#3246 = DIRECTION ( 'NONE',  ( -0.0000000000000000000, -1.000000000000000000, -0.0000000000000000000 ) ) ;
#3247 = CARTESIAN_POINT ( 'NONE',  ( -0.5000000000000000000, 0.06000000000000022000, -0.2250000000000000600 ) ) ;
#3248 = DIRECTION ( 'NONE',  ( -0.0000000000000000000, -1.000000000000000000, -0.0000000000000000000 ) ) ;
#3249 = ORIENTED_EDGE ( 'NONE', *, *, #1288, .F. ) ;
#3250 = EDGE_CURVE ( 'NONE', #2821, #3055, #1681, .T. ) ;
#3251 = DIRECTION ( 'NONE',  ( -1.000000000000000000, -0.0000000000000000000, -0.0000000000000000000 ) ) ;
#3252 = ORIENTED_EDGE ( 'NONE', *, *, #2864, .T. ) ;
#3253 = CARTESIAN_POINT ( 'NONE',  ( -0.5500000000000000400, 0.3500000000000000300, 0.7000000000000001800 ) ) ;
#3254 = DIRECTION ( 'NONE',  ( 0.0000000000000000000, -0.0000000000000000000, -1.000000000000000000 ) ) ;
#3255 = VERTEX_POINT ( 'NONE', #1067 ) ;
#3256 = DIRECTION ( 'NONE',  ( 0.0000000000000000000, 9.035018104045869500E-017, 1.000000000000000000 ) ) ;
#3257 = ADVANCED_FACE ( 'NONE', ( #3453 ), #410, .F. ) ;
#3258 = EDGE_LOOP ( 'NONE', ( #1887, #66, #2366, #2069 ) ) ;
#3259 = DIRECTION ( 'NONE',  ( 0.0000000000000000000, 1.242314989306307100E-016, -1.000000000000000000 ) ) ;
#3260 = CARTESIAN_POINT ( 'NONE',  ( 0.3600000000000003800, 0.05000000000000000300, 0.6999999999999999600 ) ) ;
#3261 = ORIENTED_EDGE ( 'NONE', *, *, #2080, .F. ) ;
#3262 = VECTOR ( 'NONE', #1571, 1000.000000000000000 ) ;
#3263 = VECTOR ( 'NONE', #2676, 1000.000000000000000 ) ;
#3264 = VECTOR ( 'NONE', #2359, 1000.000000000000000 ) ;
#3265 = DIRECTION ( 'NONE',  ( -0.0000000000000000000, -0.0000000000000000000, 1.000000000000000000 ) ) ;
#3266 = CARTESIAN_POINT ( 'NONE',  ( 0.1399999999999996000, -0.05000000000000000300, 0.6999999999999999600 ) ) ;
#3267 = CARTESIAN_POINT ( 'NONE',  ( 0.5000000000000000000, 0.01000000000000021900, -0.2250000000000000600 ) ) ;
#3268 = ORIENTED_EDGE ( 'NONE', *, *, #360, .F. ) ;
#3269 = AXIS2_PLACEMENT_3D ( 'NONE', #1243, #1835, #3333 ) ;
#3270 = PLANE ( 'NONE',  #1006 ) ;
#3271 = VECTOR ( 'NONE', #891, 1000.000000000000000 ) ;
#3272 = ORIENTED_EDGE ( 'NONE', *, *, #2205, .T. ) ;
#3273 = VECTOR ( 'NONE', #2978, 1000.000000000000000 ) ;
#3274 = EDGE_CURVE ( 'NONE', #130, #2166, #1503, .T. ) ;
#3275 = FACE_BOUND ( 'NONE', #3527, .T. ) ;
#3276 = DIRECTION ( 'NONE',  ( 0.0000000000000000000, -1.000000000000000000, 0.0000000000000000000 ) ) ;
#3277 = DIRECTION ( 'NONE',  ( 0.0000000000000000000, -1.242314989306307100E-016, -1.000000000000000000 ) ) ;
#3278 = ORIENTED_EDGE ( 'NONE', *, *, #3794, .F. ) ;
#3279 = ADVANCED_FACE ( 'NONE', ( #2003 ), #1621, .T. ) ;
#3280 = CARTESIAN_POINT ( 'NONE',  ( -0.5000000000000000000, 0.01000000000000020100, -0.3750000000000000600 ) ) ;
#3281 = ADVANCED_FACE ( 'NONE', ( #2424 ), #439, .F. ) ;
#3282 = EDGE_CURVE ( 'NONE', #935, #3121, #2929, .T. ) ;
#3283 = VECTOR ( 'NONE', #3608, 1000.000000000000000 ) ;
#3284 = DIRECTION ( 'NONE',  ( -1.000000000000000000, 0.0000000000000000000, 0.0000000000000000000 ) ) ;
#3285 = ORIENTED_EDGE ( 'NONE', *, *, #3024, .T. ) ;
#3286 = EDGE_CURVE ( 'NONE', #3510, #225, #1957, .T. ) ;
#3287 = LINE ( 'NONE', #3786, #1182 ) ;
#3288 = DIRECTION ( 'NONE',  ( -0.0000000000000000000, -1.000000000000000000, -0.0000000000000000000 ) ) ;
#3289 = VECTOR ( 'NONE', #2043, 1000.000000000000000 ) ;
#3290 = CARTESIAN_POINT ( 'NONE',  ( 0.3100000000000003900, 0.05000000000000000300, 0.6999999999999999600 ) ) ;
#3291 = EDGE_LOOP ( 'NONE', ( #498, #886, #979, #37, #2544, #2170, #2750, #493 ) ) ;
#3292 = AXIS2_PLACEMENT_3D ( 'NONE', #433, #3423, #3125 ) ;
#3293 = ORIENTED_EDGE ( 'NONE', *, *, #1510, .T. ) ;
#3294 = CARTESIAN_POINT ( 'NONE',  ( 0.1400000000000004900, -0.05000000000000000300, -0.7000000000000001800 ) ) ;
#3295 = CARTESIAN_POINT ( 'NONE',  ( 0.5000000000000000000, 0.01000000000000020100, -0.3750000000000000600 ) ) ;
#3296 = FACE_OUTER_BOUND ( 'NONE', #3202, .T. ) ;
#3297 = EDGE_LOOP ( 'NONE', ( #122, #2877, #3485, #252 ) ) ;
#3298 = CARTESIAN_POINT ( 'NONE',  ( -0.1400000000000001000, -0.05000000000000000300, -0.7000000000000001800 ) ) ;
#3299 = EDGE_CURVE ( 'NONE', #2597, #411, #796, .T. ) ;
#3300 = CARTESIAN_POINT ( 'NONE',  ( -0.1899999999999995900, 0.05000000000000000300, -0.6999999999999999600 ) ) ;
#3301 = ADVANCED_BREP_SHAPE_REPRESENTATION ( 'DRV5032DUDMRT', ( #3654, #2083, #3136, #1383, #1847, #245, #448, #3718, #3418, #2436, #1721 ), #3602 ) ;
#3302 = VERTEX_POINT ( 'NONE', #1058 ) ;
#3303 = STYLED_ITEM ( 'NONE', ( #2654 ), #1383 ) ;
#3304 = LINE ( 'NONE', #2219, #2499 ) ;
#3305 = VERTEX_POINT ( 'NONE', #452 ) ;
#3306 = DIRECTION ( 'NONE',  ( 0.0000000000000000000, 0.0000000000000000000, -1.000000000000000000 ) ) ;
#3307 = ORIENTED_EDGE ( 'NONE', *, *, #728, .F. ) ;
#3308 = FACE_BOUND ( 'NONE', #2128, .T. ) ;
#3309 = CARTESIAN_POINT ( 'NONE',  ( 0.3100000000000003900, 0.0000000000000000000, 0.6999999999999999600 ) ) ;
#3310 = DIRECTION ( 'NONE',  ( 1.355252715606880800E-016, 0.0000000000000000000, -1.000000000000000000 ) ) ;
#3311 = ORIENTED_EDGE ( 'NONE', *, *, #3689, .T. ) ;
#3312 = CARTESIAN_POINT ( 'NONE',  ( -0.3600000000000003800, 0.05000000000000000300, 0.5000000000000000000 ) ) ;
#3313 = EDGE_LOOP ( 'NONE', ( #2917, #3174, #81, #1615 ) ) ;
#3314 = AXIS2_PLACEMENT_3D ( 'NONE', #2969, #3579, #326 ) ;
#3315 = EDGE_CURVE ( 'NONE', #211, #929, #696, .T. ) ;
#3316 = FACE_OUTER_BOUND ( 'NONE', #286, .T. ) ;
#3317 = VECTOR ( 'NONE', #288, 1000.000000000000000 ) ;
#3318 = ORIENTED_EDGE ( 'NONE', *, *, #3435, .F. ) ;
#3319 = PLANE ( 'NONE',  #1095 ) ;
#3320 = VECTOR ( 'NONE', #1563, 1000.000000000000000 ) ;
#3321 = CARTESIAN_POINT ( 'NONE',  ( -0.3100000000000003900, 0.0000000000000000000, -0.6999999999999999600 ) ) ;
#3322 = PRESENTATION_LAYER_ASSIGNMENT (  '', '', ( #323 ) ) ;
#3323 = ORIENTED_EDGE ( 'NONE', *, *, #2997, .T. ) ;
#3325 = LINE ( 'NONE', #2412, #3273 ) ;
#3324 = DIRECTION ( 'NONE',  ( 1.000000000000000000, 0.0000000000000000000, 4.928191693115928800E-016 ) ) ;
#3326 = FILL_AREA_STYLE ('',( #608 ) ) ;
#3327 = PLANE ( 'NONE',  #3703 ) ;
#3328 = EDGE_CURVE ( 'NONE', #2754, #2166, #2637, .T. ) ;
#3329 = VERTEX_POINT ( 'NONE', #1038 ) ;
#3330 =( GEOMETRIC_REPRESENTATION_CONTEXT ( 3 ) GLOBAL_UNCERTAINTY_ASSIGNED_CONTEXT ( ( #398 ) ) GLOBAL_UNIT_ASSIGNED_CONTEXT ( ( #2653, #2430, #1246 ) ) REPRESENTATION_CONTEXT ( 'NONE', 'WORKASPACE' ) );
#3331 = VECTOR ( 'NONE', #402, 1000.000000000000000 ) ;
#3332 = CARTESIAN_POINT ( 'NONE',  ( 0.3600000000000004900, -0.05000000000000000300, -0.7000000000000000700 ) ) ;
#3333 = DIRECTION ( 'NONE',  ( 0.0000000000000000000, -0.0000000000000000000, -1.000000000000000000 ) ) ;
#3334 = EDGE_CURVE ( 'NONE', #101, #1289, #440, .T. ) ;
#3335 = ORIENTED_EDGE ( 'NONE', *, *, #44, .T. ) ;
#3336 = COLOUR_RGB ( '',1.000000000000000000, 1.000000000000000000, 1.000000000000000000 ) ;
#3337 = ORIENTED_EDGE ( 'NONE', *, *, #3077, .F. ) ;
#3338 = LINE ( 'NONE', #1059, #1330 ) ;
#3339 = CARTESIAN_POINT ( 'NONE',  ( -0.5000000000000000000, 0.06000000000000020600, -0.3750000000000000600 ) ) ;
#3340 = AXIS2_PLACEMENT_3D ( 'NONE', #989, #1859, #3693 ) ;
#3341 = DIRECTION ( 'NONE',  ( 0.0000000000000000000, 0.0000000000000000000, -1.000000000000000000 ) ) ;
#3342 = DIRECTION ( 'NONE',  ( 0.0000000000000000000, -9.035018104045869500E-017, 1.000000000000000000 ) ) ;
#3343 = EDGE_CURVE ( 'NONE', #2381, #1521, #1577, .T. ) ;
#3344 = EDGE_LOOP ( 'NONE', ( #3469, #263, #1543, #1024 ) ) ;
#3345 = ORIENTED_EDGE ( 'NONE', *, *, #1294, .T. ) ;
#3346 = ORIENTED_EDGE ( 'NONE', *, *, #2312, .T. ) ;
#3347 = UNCERTAINTY_MEASURE_WITH_UNIT (LENGTH_MEASURE( 1.000000000000000100E-005 ), #1993, 'distance_accuracy_value', 'NONE');
#3348 = DIRECTION ( 'NONE',  ( 1.000000000000000000, 0.0000000000000000000, 0.0000000000000000000 ) ) ;
#3349 = EDGE_CURVE ( 'NONE', #3109, #2444, #2169, .T. ) ;
#3350 = CARTESIAN_POINT ( 'NONE',  ( -0.5000000000000000000, 0.01000000000000000200, 0.2250000000000000600 ) ) ;
#3351 = ORIENTED_EDGE ( 'NONE', *, *, #2351, .F. ) ;
#3352 = DIRECTION ( 'NONE',  ( 1.000000000000000000, 0.0000000000000000000, 0.0000000000000000000 ) ) ;
#3353 = ORIENTED_EDGE ( 'NONE', *, *, #3740, .T. ) ;
#3354 = VECTOR ( 'NONE', #144, 1000.000000000000000 ) ;
#3355 = AXIS2_PLACEMENT_3D ( 'NONE', #533, #2355, #1430 ) ;
#3356 = ORIENTED_EDGE ( 'NONE', *, *, #31, .F. ) ;
#3357 = CARTESIAN_POINT ( 'NONE',  ( 0.5000000000000000000, 0.06000000000000022000, -0.2250000000000000600 ) ) ;
#3358 = ADVANCED_FACE ( 'NONE', ( #2957 ), #769, .F. ) ;
#3359 = LINE ( 'NONE', #183, #651 ) ;
#3360 = VECTOR ( 'NONE', #2196, 1000.000000000000000 ) ;
#3361 = EDGE_CURVE ( 'NONE', #383, #2902, #2259, .T. ) ;
#3362 = LINE ( 'NONE', #3821, #653 ) ;
#3363 = DIRECTION ( 'NONE',  ( -0.0000000000000000000, -1.000000000000000000, -0.0000000000000000000 ) ) ;
#3364 = CARTESIAN_POINT ( 'NONE',  ( -0.3100000000000003900, 0.05000000000000000300, 0.6999999999999999600 ) ) ;
#3365 = CARTESIAN_POINT ( 'NONE',  ( 0.5500000000000000400, 0.3500000000000000300, 0.6999999999999998400 ) ) ;
#3366 = CARTESIAN_POINT ( 'NONE',  ( -0.5000000000000000000, 0.05999999999999999100, 0.3750000000000000600 ) ) ;
#3367 = VERTEX_POINT ( 'NONE', #2896 ) ;
#3368 = CARTESIAN_POINT ( 'NONE',  ( -0.4000000000000000200, -0.0000000000000000000, -0.1499999999999999900 ) ) ;
#3369 = LINE ( 'NONE', #3228, #2293 ) ;
#3370 = VECTOR ( 'NONE', #1618, 1000.000000000000000 ) ;
#3371 = CARTESIAN_POINT ( 'NONE',  ( 0.5000000000000000000, 0.06000000000000000500, 0.2250000000000000600 ) ) ;
#3372 = DIRECTION ( 'NONE',  ( -1.000000000000000000, -0.0000000000000000000, -0.0000000000000000000 ) ) ;
#3373 = DIRECTION ( 'NONE',  ( 1.000000000000000000, 0.0000000000000000000, -0.0000000000000000000 ) ) ;
#3374 = ORIENTED_EDGE ( 'NONE', *, *, #221, .T. ) ;
#3375 = ORIENTED_EDGE ( 'NONE', *, *, #3361, .F. ) ;
#3376 = LINE ( 'NONE', #2573, #1008 ) ;
#3377 = ORIENTED_EDGE ( 'NONE', *, *, #2432, .T. ) ;
#3378 = DIRECTION ( 'NONE',  ( 0.0000000000000000000, 0.0000000000000000000, -1.000000000000000000 ) ) ;
#3379 = LINE ( 'NONE', #2633, #3193 ) ;
#3380 = LINE ( 'NONE', #748, #2306 ) ;
#3381 = VERTEX_POINT ( 'NONE', #204 ) ;
#3382 = PLANE ( 'NONE',  #356 ) ;
#3383 = CARTESIAN_POINT ( 'NONE',  ( 0.3100000000000003900, 0.0000000000000000000, -0.5000000000000000000 ) ) ;
#3384 = DIRECTION ( 'NONE',  ( 0.0000000000000000000, 1.000000000000000000, 0.0000000000000000000 ) ) ;
#3385 = DIRECTION ( 'NONE',  ( 0.0000000000000000000, -0.0000000000000000000, 1.000000000000000000 ) ) ;
#3386 = EDGE_CURVE ( 'NONE', #627, #738, #2815, .T. ) ;
#3387 = VECTOR ( 'NONE', #695, 1000.000000000000000 ) ;
#3388 = EDGE_LOOP ( 'NONE', ( #972, #3665, #2451, #3009 ) ) ;
#3389 = SURFACE_SIDE_STYLE ('',( #1637 ) ) ;
#3390 = ORIENTED_EDGE ( 'NONE', *, *, #2860, .F. ) ;
#3391 = MECHANICAL_DESIGN_GEOMETRIC_PRESENTATION_REPRESENTATION (  '', ( #323 ), #386 ) ;
#3392 = ORIENTED_EDGE ( 'NONE', *, *, #1062, .F. ) ;
#3393 = ADVANCED_FACE ( 'NONE', ( #2443 ), #1736, .F. ) ;
#3394 = EDGE_CURVE ( 'NONE', #2954, #2381, #2030, .T. ) ;
#3395 = DIRECTION ( 'NONE',  ( -1.000000000000000000, 0.0000000000000000000, 0.0000000000000000000 ) ) ;
#3396 =( GEOMETRIC_REPRESENTATION_CONTEXT ( 3 ) GLOBAL_UNCERTAINTY_ASSIGNED_CONTEXT ( ( #2240 ) ) GLOBAL_UNIT_ASSIGNED_CONTEXT ( ( #1446, #3521, #2032 ) ) REPRESENTATION_CONTEXT ( 'NONE', 'WORKASPACE' ) );
#3397 = PLANE ( 'NONE',  #3490 ) ;
#3398 = CARTESIAN_POINT ( 'NONE',  ( -0.5000000000000000000, 0.06000000000000022000, -0.2250000000000000600 ) ) ;
#3399 = ORIENTED_EDGE ( 'NONE', *, *, #3024, .F. ) ;
#3400 = LINE ( 'NONE', #1570, #1819 ) ;
#3401 = ORIENTED_EDGE ( 'NONE', *, *, #2546, .F. ) ;
#3402 = EDGE_CURVE ( 'NONE', #3243, #3813, #577, .T. ) ;
#3403 = DIRECTION ( 'NONE',  ( 0.0000000000000000000, 9.035018104045869500E-017, 1.000000000000000000 ) ) ;
#3404 = DIRECTION ( 'NONE',  ( -1.000000000000000000, -0.0000000000000000000, -0.0000000000000000000 ) ) ;
#3405 = ORIENTED_EDGE ( 'NONE', *, *, #2190, .T. ) ;
#3406 = LINE ( 'NONE', #3414, #1686 ) ;
#3407 = VECTOR ( 'NONE', #74, 1000.000000000000000 ) ;
#3408 = LINE ( 'NONE', #2911, #3317 ) ;
#3409 = EDGE_CURVE ( 'NONE', #1454, #476, #631, .T. ) ;
#3410 = ORIENTED_EDGE ( 'NONE', *, *, #2475, .F. ) ;
#3411 = ADVANCED_FACE ( 'NONE', ( #2076 ), #3492, .F. ) ;
#3412 = DIRECTION ( 'NONE',  ( 0.0000000000000000000, -9.035018104045869500E-017, 1.000000000000000000 ) ) ;
#3413 =( NAMED_UNIT ( * ) PLANE_ANGLE_UNIT ( ) SI_UNIT ( $, .RADIAN. ) );
#3414 = CARTESIAN_POINT ( 'NONE',  ( 0.3600000000000004900, 0.0000000000000000000, 0.7000000000000000700 ) ) ;
#3415 = CARTESIAN_POINT ( 'NONE',  ( 0.4000000000000000200, -0.05000000000000000300, 0.3000000000000001000 ) ) ;
#3416 = ORIENTED_EDGE ( 'NONE', *, *, #160, .F. ) ;
#3417 = FACE_OUTER_BOUND ( 'NONE', #2324, .T. ) ;
#3418 = MANIFOLD_SOLID_BREP ( 'Mirror2[1]', #1741 ) ;
#3419 = VERTEX_POINT ( 'NONE', #3825 ) ;
#3420 = ADVANCED_FACE ( 'NONE', ( #1478 ), #832, .F. ) ;
#3421 = ORIENTED_EDGE ( 'NONE', *, *, #826, .F. ) ;
#3422 = CARTESIAN_POINT ( 'NONE',  ( 0.0000000000000000000, 0.0000000000000000000, 0.0000000000000000000 ) ) ;
#3423 = DIRECTION ( 'NONE',  ( -1.000000000000000000, 0.0000000000000000000, -1.219727444046192700E-015 ) ) ;
#3424 = DIRECTION ( 'NONE',  ( -1.000000000000000000, 0.0000000000000000000, 0.0000000000000000000 ) ) ;
#3425 = EDGE_CURVE ( 'NONE', #2567, #2429, #2536, .T. ) ;
#3426 = VECTOR ( 'NONE', #624, 1000.000000000000000 ) ;
#3427 = ORIENTED_EDGE ( 'NONE', *, *, #3697, .F. ) ;
#3429 = AXIS2_PLACEMENT_3D ( 'NONE', #962, #973, #3060 ) ;
#3428 = LINE ( 'NONE', #3581, #1750 ) ;
#3430 = VECTOR ( 'NONE', #3248, 1000.000000000000000 ) ;
#3431 = DIRECTION ( 'NONE',  ( 0.0000000000000000000, -9.035018104045869500E-017, 1.000000000000000000 ) ) ;
#3432 = CARTESIAN_POINT ( 'NONE',  ( -0.3600000000000003800, 0.05000000000000000300, -0.5000000000000000000 ) ) ;
#3433 = VECTOR ( 'NONE', #1380, 1000.000000000000000 ) ;
#3434 = ORIENTED_EDGE ( 'NONE', *, *, #3250, .T. ) ;
#3435 = EDGE_CURVE ( 'NONE', #647, #3688, #1753, .T. ) ;
#3436 = LINE ( 'NONE', #3476, #92 ) ;
#3437 = CLOSED_SHELL ( 'NONE', ( #2921, #380, #1185, #3411, #760, #2806, #3563, #167, #623, #2945 ) ) ;
#3438 = ORIENTED_EDGE ( 'NONE', *, *, #2185, .F. ) ;
#3439 = CARTESIAN_POINT ( 'NONE',  ( -0.3600000000000003800, -0.0000000000000000000, -0.6999999999999999600 ) ) ;
#3440 = ADVANCED_FACE ( 'NONE', ( #1140 ), #2033, .T. ) ;
#3441 = ORIENTED_EDGE ( 'NONE', *, *, #1488, .T. ) ;
#3442 = CARTESIAN_POINT ( 'NONE',  ( 0.5000000000000000000, 0.06000000000000022000, -0.2250000000000000600 ) ) ;
#3443 = AXIS2_PLACEMENT_3D ( 'NONE', #992, #3087, #3724 ) ;
#3444 = VERTEX_POINT ( 'NONE', #2274 ) ;
#3445 = ORIENTED_EDGE ( 'NONE', *, *, #807, .F. ) ;
#3446 = EDGE_CURVE ( 'NONE', #2464, #1839, #770, .T. ) ;
#3447 = ADVANCED_FACE ( 'NONE', ( #88 ), #888, .F. ) ;
#3448 = MECHANICAL_DESIGN_GEOMETRIC_PRESENTATION_REPRESENTATION (  '', ( #675 ), #3330 ) ;
#3449 = DIRECTION ( 'NONE',  ( 0.0000000000000000000, -1.000000000000000000, -1.242314989306307100E-016 ) ) ;
#3450 = PLANE ( 'NONE',  #1601 ) ;
#3451 = CARTESIAN_POINT ( 'NONE',  ( -0.3600000000000003800, 0.05000000000000000300, -0.6999999999999999600 ) ) ;
#3452 = CARTESIAN_POINT ( 'NONE',  ( 0.5500000000000000400, 0.3500000000000000300, 0.6999999999999998400 ) ) ;
#3453 = FACE_OUTER_BOUND ( 'NONE', #2220, .T. ) ;
#3454 = EDGE_CURVE ( 'NONE', #11, #3626, #1572, .T. ) ;
#3455 = DIRECTION ( 'NONE',  ( -0.0000000000000000000, -1.000000000000000000, -0.0000000000000000000 ) ) ;
#3456 = CARTESIAN_POINT ( 'NONE',  ( -0.5000000000000000000, 0.0000000000000000000, 0.0000000000000000000 ) ) ;
#3457 = EDGE_LOOP ( 'NONE', ( #2617, #3249, #3575, #3142 ) ) ;
#3458 = VECTOR ( 'NONE', #90, 1000.000000000000000 ) ;
#3459 = VECTOR ( 'NONE', #266, 1000.000000000000000 ) ;
#3460 = ORIENTED_EDGE ( 'NONE', *, *, #3315, .T. ) ;
#3461 = ADVANCED_FACE ( 'NONE', ( #1010 ), #1784, .F. ) ;
#3462 = EDGE_CURVE ( 'NONE', #525, #2064, #129, .T. ) ;
#3463 = ORIENTED_EDGE ( 'NONE', *, *, #256, .T. ) ;
#3464 = CARTESIAN_POINT ( 'NONE',  ( 0.1899999999999995900, 0.05000000000000000300, -0.6999999999999999600 ) ) ;
#3465 =( NAMED_UNIT ( * ) SI_UNIT ( $, .STERADIAN. ) SOLID_ANGLE_UNIT ( ) );
#3466 = CARTESIAN_POINT ( 'NONE',  ( 0.5000000000000000000, 0.01000000000000021900, -0.2250000000000000600 ) ) ;
#3467 = DIRECTION ( 'NONE',  ( -1.000000000000000000, 0.0000000000000000000, -0.0000000000000000000 ) ) ;
#3468 = CARTESIAN_POINT ( 'NONE',  ( 0.3100000000000003900, 0.05000000000000000300, -0.5000000000000000000 ) ) ;
#3469 = ORIENTED_EDGE ( 'NONE', *, *, #893, .F. ) ;
#3470 = ADVANCED_FACE ( 'NONE', ( #1049 ), #1179, .F. ) ;
#3471 = LINE ( 'NONE', #1863, #2253 ) ;
#3472 = EDGE_LOOP ( 'NONE', ( #2850, #2082, #328, #2111 ) ) ;
#3473 = AXIS2_PLACEMENT_3D ( 'NONE', #179, #451, #1046 ) ;
#3474 = FACE_OUTER_BOUND ( 'NONE', #3233, .T. ) ;
#3475 = ORIENTED_EDGE ( 'NONE', *, *, #2406, .T. ) ;
#3476 = CARTESIAN_POINT ( 'NONE',  ( -0.5000000000000000000, 0.01000000000000000200, 0.2250000000000000600 ) ) ;
#3477 = DIRECTION ( 'NONE',  ( 1.000000000000000000, 0.0000000000000000000, -0.0000000000000000000 ) ) ;
#3478 = DIRECTION ( 'NONE',  ( 0.0000000000000000000, 0.0000000000000000000, -1.000000000000000000 ) ) ;
#3479 = VECTOR ( 'NONE', #2759, 1000.000000000000000 ) ;
#3480 = EDGE_CURVE ( 'NONE', #86, #2626, #387, .T. ) ;
#3481 = ORIENTED_EDGE ( 'NONE', *, *, #2955, .T. ) ;
#3482 = DIRECTION ( 'NONE',  ( -0.0000000000000000000, -1.000000000000000000, -0.0000000000000000000 ) ) ;
#3483 = CARTESIAN_POINT ( 'NONE',  ( 0.1399999999999995400, 0.05000000000000000300, -0.6999999999999999600 ) ) ;
#3484 = EDGE_CURVE ( 'NONE', #1552, #3070, #2810, .T. ) ;
#3485 = ORIENTED_EDGE ( 'NONE', *, *, #1614, .F. ) ;
#3486 = CARTESIAN_POINT ( 'NONE',  ( 0.3100000000000003900, 0.05000000000000000300, 0.5000000000000000000 ) ) ;
#3487 = PLANE ( 'NONE',  #1269 ) ;
#3488 = DIRECTION ( 'NONE',  ( 0.0000000000000000000, 1.000000000000000000, 9.035018104045869500E-017 ) ) ;
#3489 = ORIENTED_EDGE ( 'NONE', *, *, #1016, .T. ) ;
#3490 = AXIS2_PLACEMENT_3D ( 'NONE', #1908, #175, #1326 ) ;
#3491 = CARTESIAN_POINT ( 'NONE',  ( 0.5000000000000000000, 0.01000000000000000200, 0.2250000000000000600 ) ) ;
#3492 = PLANE ( 'NONE',  #1652 ) ;
#3493 = VERTEX_POINT ( 'NONE', #1481 ) ;
#3494 = SURFACE_STYLE_USAGE ( .BOTH. , #2883 ) ;
#3495 = EDGE_CURVE ( 'NONE', #2567, #2292, #1328, .T. ) ;
#3496 = LINE ( 'NONE', #2634, #2980 ) ;
#3497 = ORIENTED_EDGE ( 'NONE', *, *, #660, .T. ) ;
#3498 = FACE_OUTER_BOUND ( 'NONE', #2282, .T. ) ;
#3499 = EDGE_CURVE ( 'NONE', #2031, #2886, #3629, .T. ) ;
#3500 = PRESENTATION_STYLE_ASSIGNMENT (( #1588 ) ) ;
#3501 = FACE_OUTER_BOUND ( 'NONE', #733, .T. ) ;
#3502 = AXIS2_PLACEMENT_3D ( 'NONE', #2680, #3870, #1480 ) ;
#3503 = CARTESIAN_POINT ( 'NONE',  ( 0.3100000000000003900, 0.05000000000000000300, 0.6999999999999999600 ) ) ;
#3504 = CARTESIAN_POINT ( 'NONE',  ( 0.1399999999999995400, 0.0000000000000000000, 0.6999999999999999600 ) ) ;
#3505 = CARTESIAN_POINT ( 'NONE',  ( -0.5500000000000000400, 0.05999999999999999100, 0.3750000000000000600 ) ) ;
#3506 = VECTOR ( 'NONE', #3101, 1000.000000000000000 ) ;
#3507 = CARTESIAN_POINT ( 'NONE',  ( 0.5500000000000000400, 0.06000000000000020600, -0.3750000000000000600 ) ) ;
#3508 = CARTESIAN_POINT ( 'NONE',  ( -0.5000000000000000000, 0.01000000000000021900, -0.2250000000000000600 ) ) ;
#3509 = VECTOR ( 'NONE', #327, 1000.000000000000000 ) ;
#3510 = VERTEX_POINT ( 'NONE', #1746 ) ;
#3511 = LINE ( 'NONE', #3298, #616 ) ;
#3512 = ORIENTED_EDGE ( 'NONE', *, *, #3673, .F. ) ;
#3513 = LINE ( 'NONE', #3765, #2895 ) ;
#3514 = EDGE_CURVE ( 'NONE', #367, #2437, #2305, .T. ) ;
#3515 = VECTOR ( 'NONE', #1260, 1000.000000000000000 ) ;
#3516 = CARTESIAN_POINT ( 'NONE',  ( -0.5000000000000000000, 0.06000000000000000500, 0.2250000000000000600 ) ) ;
#3517 = DIRECTION ( 'NONE',  ( 0.0000000000000000000, -0.0000000000000000000, -1.000000000000000000 ) ) ;
#3518 = PLANE ( 'NONE',  #98 ) ;
#3519 = ORIENTED_EDGE ( 'NONE', *, *, #3386, .T. ) ;
#3520 = AXIS2_PLACEMENT_3D ( 'NONE', #1495, #3855, #2057 ) ;
#3521 =( NAMED_UNIT ( * ) PLANE_ANGLE_UNIT ( ) SI_UNIT ( $, .RADIAN. ) );
#3522 = DIRECTION ( 'NONE',  ( -1.000000000000000000, 0.0000000000000000000, 9.856383386231857600E-017 ) ) ;
#3523 = FACE_OUTER_BOUND ( 'NONE', #1703, .T. ) ;
#3524 = ORIENTED_EDGE ( 'NONE', *, *, #1123, .F. ) ;
#3525 = FACE_OUTER_BOUND ( 'NONE', #3388, .T. ) ;
#3526 = DIRECTION ( 'NONE',  ( 0.0000000000000000000, 0.0000000000000000000, -1.000000000000000000 ) ) ;
#3527 = EDGE_LOOP ( 'NONE', ( #1569, #426, #2772, #1843 ) ) ;
#3528 = AXIS2_PLACEMENT_3D ( 'NONE', #2769, #425, #3078 ) ;
#3529 = DIRECTION ( 'NONE',  ( 0.0000000000000000000, 1.000000000000000000, 9.035018104045869500E-017 ) ) ;
#3530 = ORIENTED_EDGE ( 'NONE', *, *, #1764, .F. ) ;
#3531 = CARTESIAN_POINT ( 'NONE',  ( -0.4000000000000000200, -0.05000000000000000300, 0.2999999999999999900 ) ) ;
#3532 = PLANE ( 'NONE',  #3583 ) ;
#3533 = ORIENTED_EDGE ( 'NONE', *, *, #2870, .F. ) ;
#3534 = CARTESIAN_POINT ( 'NONE',  ( -0.1399999999999995400, 0.05000000000000000300, -0.6999999999999999600 ) ) ;
#3535 = CARTESIAN_POINT ( 'NONE',  ( 0.3600000000000003800, 0.05000000000000000300, -0.5000000000000000000 ) ) ;
#3536 = CARTESIAN_POINT ( 'NONE',  ( -0.1899999999999995900, 0.0000000000000000000, -0.7000000000000001800 ) ) ;
#3537 = ORIENTED_EDGE ( 'NONE', *, *, #3740, .F. ) ;
#3538 = EDGE_CURVE ( 'NONE', #2779, #147, #218, .T. ) ;
#3539 = UNCERTAINTY_MEASURE_WITH_UNIT (LENGTH_MEASURE( 1.000000000000000100E-005 ), #3557, 'distance_accuracy_value', 'NONE');
#3540 = ADVANCED_FACE ( 'NONE', ( #1532 ), #1152, .T. ) ;
#3541 = EDGE_LOOP ( 'NONE', ( #2952, #3151, #1611, #1039 ) ) ;
#3542 = LINE ( 'NONE', #377, #2045 ) ;
#3543 = DIRECTION ( 'NONE',  ( 0.0000000000000000000, -9.035018104045869500E-017, 1.000000000000000000 ) ) ;
#3544 = CARTESIAN_POINT ( 'NONE',  ( -0.5500000000000000400, 0.06000000000000020600, -0.3750000000000000600 ) ) ;
#3545 = DIRECTION ( 'NONE',  ( 0.0000000000000000000, 0.0000000000000000000, 1.000000000000000000 ) ) ;
#3546 = ORIENTED_EDGE ( 'NONE', *, *, #3691, .T. ) ;
#3547 = CARTESIAN_POINT ( 'NONE',  ( -0.1899999999999995900, 0.05000000000000000300, -0.6999999999999999600 ) ) ;
#3548 = DIRECTION ( 'NONE',  ( 1.355252715606880800E-016, 0.0000000000000000000, 1.000000000000000000 ) ) ;
#3549 = EDGE_LOOP ( 'NONE', ( #3111, #897, #1663, #445, #3003, #803, #2545, #1055 ) ) ;
#3550 = VECTOR ( 'NONE', #1743, 1000.000000000000000 ) ;
#3551 = FACE_OUTER_BOUND ( 'NONE', #956, .T. ) ;
#3552 = ORIENTED_EDGE ( 'NONE', *, *, #277, .F. ) ;
#3553 = CARTESIAN_POINT ( 'NONE',  ( -0.1899999999999995900, 0.05000000000000000300, 0.6999999999999999600 ) ) ;
#3554 = LINE ( 'NONE', #3609, #3129 ) ;
#3555 = ORIENTED_EDGE ( 'NONE', *, *, #1531, .F. ) ;
#3556 = AXIS2_PLACEMENT_3D ( 'NONE', #1080, #2288, #3467 ) ;
#3557 =( LENGTH_UNIT ( ) NAMED_UNIT ( * ) SI_UNIT ( .MILLI., .METRE. ) );
#3558 = CARTESIAN_POINT ( 'NONE',  ( -0.5500000000000000400, 0.06000000000000000500, 0.2250000000000000600 ) ) ;
#3559 = FACE_OUTER_BOUND ( 'NONE', #1181, .T. ) ;
#3560 = ORIENTED_EDGE ( 'NONE', *, *, #3616, .T. ) ;
#3562 = LINE ( 'NONE', #2273, #952 ) ;
#3561 = DIRECTION ( 'NONE',  ( -0.0000000000000000000, 1.000000000000000000, -0.0000000000000000000 ) ) ;
#3563 = ADVANCED_FACE ( 'NONE', ( #3190 ), #1468, .F. ) ;
#3564 = DIRECTION ( 'NONE',  ( -0.0000000000000000000, -1.000000000000000000, -0.0000000000000000000 ) ) ;
#3565 = DIRECTION ( 'NONE',  ( 1.000000000000000000, 0.0000000000000000000, 0.0000000000000000000 ) ) ;
#3566 = PLANE ( 'NONE',  #1837 ) ;
#3567 = EDGE_CURVE ( 'NONE', #2902, #1459, #2483, .T. ) ;
#3568 = LINE ( 'NONE', #505, #1469 ) ;
#3569 = CARTESIAN_POINT ( 'NONE',  ( 0.1899999999999995900, 0.0000000000000000000, -0.7000000000000000700 ) ) ;
#3570 = ORIENTED_EDGE ( 'NONE', *, *, #1624, .F. ) ;
#3571 = ORIENTED_EDGE ( 'NONE', *, *, #1435, .F. ) ;
#3572 = DIRECTION ( 'NONE',  ( -0.0000000000000000000, -1.000000000000000000, -0.0000000000000000000 ) ) ;
#3573 = PLANE ( 'NONE',  #472 ) ;
#3574 = FACE_OUTER_BOUND ( 'NONE', #687, .T. ) ;
#3575 = ORIENTED_EDGE ( 'NONE', *, *, #3868, .T. ) ;
#3576 = CARTESIAN_POINT ( 'NONE',  ( 0.5000000000000000000, 0.01000000000000020100, -0.3750000000000000600 ) ) ;
#3577 = CARTESIAN_POINT ( 'NONE',  ( 0.1399999999999996000, -0.05000000000000000300, 0.6999999999999999600 ) ) ;
#3578 = VECTOR ( 'NONE', #2747, 1000.000000000000000 ) ;
#3579 = DIRECTION ( 'NONE',  ( 1.000000000000000000, 0.0000000000000000000, -0.0000000000000000000 ) ) ;
#3580 = EDGE_LOOP ( 'NONE', ( #1125, #2738, #495, #321 ) ) ;
#3581 = CARTESIAN_POINT ( 'NONE',  ( 0.5000000000000000000, 0.06000000000000000500, 0.2250000000000000600 ) ) ;
#3582 = DIRECTION ( 'NONE',  ( 0.0000000000000000000, 0.0000000000000000000, 1.000000000000000000 ) ) ;
#3583 = AXIS2_PLACEMENT_3D ( 'NONE', #3840, #261, #2629 ) ;
#3584 = VERTEX_POINT ( 'NONE', #876 ) ;
#3585 = CARTESIAN_POINT ( 'NONE',  ( -0.5500000000000000400, 0.01000000000000020100, -0.3750000000000000600 ) ) ;
#3586 = FILL_AREA_STYLE_COLOUR ( '', #2706 ) ;
#3587 = ORIENTED_EDGE ( 'NONE', *, *, #1081, .T. ) ;
#3588 = PLANE ( 'NONE',  #2766 ) ;
#3589 = CARTESIAN_POINT ( 'NONE',  ( 0.5500000000000000400, 0.01000000000000023600, -0.2250000000000000600 ) ) ;
#3590 = CARTESIAN_POINT ( 'NONE',  ( 0.5000000000000000000, 0.01000000000000020100, -0.3750000000000000600 ) ) ;
#3591 = ORIENTED_EDGE ( 'NONE', *, *, #82, .F. ) ;
#3592 = DIRECTION ( 'NONE',  ( 0.0000000000000000000, -1.242314989306307100E-016, -1.000000000000000000 ) ) ;
#3593 = DIRECTION ( 'NONE',  ( 0.0000000000000000000, -1.000000000000000000, -0.0000000000000000000 ) ) ;
#3594 = CARTESIAN_POINT ( 'NONE',  ( 0.5000000000000000000, 0.01000000000000021900, -0.2250000000000000600 ) ) ;
#3595 = EDGE_LOOP ( 'NONE', ( #416, #785, #516, #3146 ) ) ;
#3596 = EDGE_CURVE ( 'NONE', #529, #1724, #716, .T. ) ;
#3597 = CARTESIAN_POINT ( 'NONE',  ( 0.5000000000000000000, 0.06000000000000022000, -0.2250000000000000600 ) ) ;
#3598 = LINE ( 'NONE', #820, #3029 ) ;
#3599 = ORIENTED_EDGE ( 'NONE', *, *, #221, .F. ) ;
#3600 = CARTESIAN_POINT ( 'NONE',  ( 0.1399999999999995400, 0.05000000000000000300, -0.6999999999999999600 ) ) ;
#3601 = CARTESIAN_POINT ( 'NONE',  ( 0.5000000000000000000, 0.01000000000000021900, -0.2250000000000000600 ) ) ;
#3602 =( GEOMETRIC_REPRESENTATION_CONTEXT ( 3 ) GLOBAL_UNCERTAINTY_ASSIGNED_CONTEXT ( ( #686 ) ) GLOBAL_UNIT_ASSIGNED_CONTEXT ( ( #2828, #165, #3465 ) ) REPRESENTATION_CONTEXT ( 'NONE', 'WORKASPACE' ) );
#3603 = VECTOR ( 'NONE', #2709, 1000.000000000000000 ) ;
#3604 = VECTOR ( 'NONE', #3660, 1000.000000000000000 ) ;
#3605 = LINE ( 'NONE', #3507, #2792 ) ;
#3606 = DIRECTION ( 'NONE',  ( -0.0000000000000000000, 1.000000000000000000, -0.0000000000000000000 ) ) ;
#3607 = ADVANCED_FACE ( 'NONE', ( #3805 ), #1772, .F. ) ;
#3608 = DIRECTION ( 'NONE',  ( 0.0000000000000000000, -1.000000000000000000, -0.0000000000000000000 ) ) ;
#3609 = CARTESIAN_POINT ( 'NONE',  ( 0.4000000000000000200, 0.0000000000000000000, -0.2999999999999998800 ) ) ;
#3610 = CARTESIAN_POINT ( 'NONE',  ( -0.3600000000000003800, -0.05000000000000000300, 0.6999999999999999600 ) ) ;
#3611 = ORIENTED_EDGE ( 'NONE', *, *, #857, .T. ) ;
#3612 = LINE ( 'NONE', #994, #1359 ) ;
#3613 = VECTOR ( 'NONE', #2673, 1000.000000000000000 ) ;
#3614 = ORIENTED_EDGE ( 'NONE', *, *, #401, .F. ) ;
#3615 = LINE ( 'NONE', #1649, #120 ) ;
#3616 = EDGE_CURVE ( 'NONE', #529, #3329, #1795, .T. ) ;
#3617 = FACE_OUTER_BOUND ( 'NONE', #1937, .T. ) ;
#3618 = LINE ( 'NONE', #2532, #297 ) ;
#3619 = ORIENTED_EDGE ( 'NONE', *, *, #2280, .F. ) ;
#3620 = CARTESIAN_POINT ( 'NONE',  ( -0.1899999999999995600, 0.0000000000000000000, -0.5000000000000000000 ) ) ;
#3621 = VECTOR ( 'NONE', #679, 1000.000000000000000 ) ;
#3622 = DIRECTION ( 'NONE',  ( 0.0000000000000000000, 0.0000000000000000000, 1.000000000000000000 ) ) ;
#3623 = PLANE ( 'NONE',  #1445 ) ;
#3624 = DIRECTION ( 'NONE',  ( 0.0000000000000000000, -1.242314989306307100E-016, -1.000000000000000000 ) ) ;
#3625 =( LENGTH_UNIT ( ) NAMED_UNIT ( * ) SI_UNIT ( .MILLI., .METRE. ) );
#3626 = VERTEX_POINT ( 'NONE', #1829 ) ;
#3627 = EDGE_CURVE ( 'NONE', #3221, #1965, #2901, .T. ) ;
#3628 = DIRECTION ( 'NONE',  ( 0.0000000000000000000, 0.0000000000000000000, -1.000000000000000000 ) ) ;
#3629 = LINE ( 'NONE', #2331, #1886 ) ;
#3630 = LINE ( 'NONE', #1641, #2203 ) ;
#3631 = ADVANCED_FACE ( 'NONE', ( #3523 ), #2101, .F. ) ;
#3632 = ORIENTED_EDGE ( 'NONE', *, *, #1734, .F. ) ;
#3633 = LINE ( 'NONE', #3746, #2404 ) ;
#3634 = AXIS2_PLACEMENT_3D ( 'NONE', #3761, #750, #184 ) ;
#3635 = VERTEX_POINT ( 'NONE', #1262 ) ;
#3636 = CARTESIAN_POINT ( 'NONE',  ( 0.5500000000000000400, 0.0000000000000000000, 0.6999999999999998400 ) ) ;
#3637 = DIRECTION ( 'NONE',  ( -1.000000000000000000, 0.0000000000000000000, 0.0000000000000000000 ) ) ;
#3638 = LINE ( 'NONE', #1229, #2447 ) ;
#3639 = ORIENTED_EDGE ( 'NONE', *, *, #2322, .F. ) ;
#3640 = CARTESIAN_POINT ( 'NONE',  ( -0.3600000000000001000, -0.05000000000000000300, -0.7000000000000001800 ) ) ;
#3641 = EDGE_CURVE ( 'NONE', #2384, #1381, #861, .T. ) ;
#3642 = CARTESIAN_POINT ( 'NONE',  ( 0.3600000000000003800, 0.05000000000000000300, -0.6999999999999999600 ) ) ;
#3643 = CARTESIAN_POINT ( 'NONE',  ( 0.4000000000000000200, -0.05000000000000000300, -0.2999999999999998800 ) ) ;
#3644 = ORIENTED_EDGE ( 'NONE', *, *, #202, .T. ) ;
#3645 = CARTESIAN_POINT ( 'NONE',  ( -0.3100000000000003900, 0.0000000000000000000, 0.6999999999999999600 ) ) ;
#3646 = EDGE_CURVE ( 'NONE', #101, #1773, #3720, .T. ) ;
#3647 = PRESENTATION_LAYER_ASSIGNMENT (  '', '', ( #3303 ) ) ;
#3648 = ORIENTED_EDGE ( 'NONE', *, *, #3707, .T. ) ;
#3649 = CARTESIAN_POINT ( 'NONE',  ( 0.1399999999999995400, 0.05000000000000000300, -0.6999999999999999600 ) ) ;
#3650 = CARTESIAN_POINT ( 'NONE',  ( -0.5000000000000000000, 0.009999999999999984600, 0.3750000000000000600 ) ) ;
#3651 = ORIENTED_EDGE ( 'NONE', *, *, #806, .T. ) ;
#3652 = EDGE_CURVE ( 'NONE', #1052, #3732, #1133, .T. ) ;
#3653 = VECTOR ( 'NONE', #1460, 1000.000000000000000 ) ;
#3654 = MANIFOLD_SOLID_BREP ( 'Boss-Extrude2[5]', #2746 ) ;
#3655 = DIRECTION ( 'NONE',  ( -1.000000000000000000, 0.0000000000000000000, 0.0000000000000000000 ) ) ;
#3656 = DIRECTION ( 'NONE',  ( 1.000000000000000000, 0.0000000000000000000, 0.0000000000000000000 ) ) ;
#3657 = ORIENTED_EDGE ( 'NONE', *, *, #1402, .F. ) ;
#3658 = CARTESIAN_POINT ( 'NONE',  ( -0.1399999999999995400, -0.0000000000000000000, -0.5000000000000000000 ) ) ;
#3659 = VECTOR ( 'NONE', #3108, 1000.000000000000000 ) ;
#3660 = DIRECTION ( 'NONE',  ( -0.0000000000000000000, -1.000000000000000000, -0.0000000000000000000 ) ) ;
#3661 = LINE ( 'NONE', #2183, #2697 ) ;
#3662 = VECTOR ( 'NONE', #315, 1000.000000000000000 ) ;
#3663 = LINE ( 'NONE', #2398, #2841 ) ;
#3664 = DIRECTION ( 'NONE',  ( 0.0000000000000000000, -1.000000000000000000, 0.0000000000000000000 ) ) ;
#3665 = ORIENTED_EDGE ( 'NONE', *, *, #2578, .T. ) ;
#3666 = ADVANCED_FACE ( 'NONE', ( #2616 ), #3623, .T. ) ;
#3667 =( NAMED_UNIT ( * ) PLANE_ANGLE_UNIT ( ) SI_UNIT ( $, .RADIAN. ) );
#3668 = DIRECTION ( 'NONE',  ( -1.000000000000000000, 0.0000000000000000000, -0.0000000000000000000 ) ) ;
#3669 = FACE_OUTER_BOUND ( 'NONE', #1508, .T. ) ;
#3670 = ORIENTED_EDGE ( 'NONE', *, *, #1333, .F. ) ;
#3671 = DIRECTION ( 'NONE',  ( 1.000000000000000000, -0.0000000000000000000, -0.0000000000000000000 ) ) ;
#3672 = LINE ( 'NONE', #2222, #2248 ) ;
#3673 = EDGE_CURVE ( 'NONE', #196, #1893, #3471, .T. ) ;
#3674 = ORIENTED_EDGE ( 'NONE', *, *, #2360, .F. ) ;
#3675 = ORIENTED_EDGE ( 'NONE', *, *, #450, .T. ) ;
#3676 = DIRECTION ( 'NONE',  ( -0.0000000000000000000, -1.000000000000000000, -0.0000000000000000000 ) ) ;
#3677 = CARTESIAN_POINT ( 'NONE',  ( 0.5000000000000000000, 0.01000000000000021900, -0.2250000000000000600 ) ) ;
#3678 = ORIENTED_EDGE ( 'NONE', *, *, #601, .F. ) ;
#3679 = CARTESIAN_POINT ( 'NONE',  ( 0.3600000000000004900, -0.05000000000000000300, 0.7000000000000000700 ) ) ;
#3680 = VECTOR ( 'NONE', #1547, 1000.000000000000000 ) ;
#3681 = CARTESIAN_POINT ( 'NONE',  ( 0.3100000000000003900, 0.0000000000000000000, 0.5000000000000000000 ) ) ;
#3682 = ORIENTED_EDGE ( 'NONE', *, *, #2327, .F. ) ;
#3683 = STYLED_ITEM ( 'NONE', ( #2798 ), #3136 ) ;
#3684 = VERTEX_POINT ( 'NONE', #2118 ) ;
#3685 = ADVANCED_FACE ( 'NONE', ( #1088 ), #967, .T. ) ;
#3686 = VERTEX_POINT ( 'NONE', #2683 ) ;
#3687 = DIRECTION ( 'NONE',  ( 0.0000000000000000000, 1.000000000000000000, 0.0000000000000000000 ) ) ;
#3688 = VERTEX_POINT ( 'NONE', #3300 ) ;
#3689 = EDGE_CURVE ( 'NONE', #1860, #2754, #1279, .T. ) ;
#3690 =( NAMED_UNIT ( * ) PLANE_ANGLE_UNIT ( ) SI_UNIT ( $, .RADIAN. ) );
#3691 = EDGE_CURVE ( 'NONE', #706, #3305, #1979, .T. ) ;
#3692 = ORIENTED_EDGE ( 'NONE', *, *, #1361, .T. ) ;
#3693 = DIRECTION ( 'NONE',  ( 0.0000000000000000000, 0.0000000000000000000, -1.000000000000000000 ) ) ;
#3694 = VECTOR ( 'NONE', #884, 1000.000000000000000 ) ;
#3695 = ORIENTED_EDGE ( 'NONE', *, *, #1680, .T. ) ;
#3696 = ORIENTED_EDGE ( 'NONE', *, *, #1484, .F. ) ;
#3697 = EDGE_CURVE ( 'NONE', #3234, #2513, #765, .T. ) ;
#3698 = VECTOR ( 'NONE', #1414, 1000.000000000000000 ) ;
#3699 = DIRECTION ( 'NONE',  ( 0.0000000000000000000, 0.0000000000000000000, -1.000000000000000000 ) ) ;
#3700 = DIRECTION ( 'NONE',  ( -1.000000000000000000, 0.0000000000000000000, 9.856383386231857600E-017 ) ) ;
#3701 = DIRECTION ( 'NONE',  ( -0.0000000000000000000, -0.0000000000000000000, -1.000000000000000000 ) ) ;
#3702 = COLOUR_RGB ( '',0.2509803921568627400, 0.2509803921568627400, 0.2509803921568627400 ) ;
#3703 = AXIS2_PLACEMENT_3D ( 'NONE', #1541, #1263, #709 ) ;
#3704 = VECTOR ( 'NONE', #2172, 1000.000000000000000 ) ;
#3705 = ORIENTED_EDGE ( 'NONE', *, *, #1882, .F. ) ;
#3706 = LINE ( 'NONE', #1178, #2995 ) ;
#3707 = EDGE_CURVE ( 'NONE', #3381, #3792, #912, .T. ) ;
#3708 = LINE ( 'NONE', #1928, #3051 ) ;
#3709 = VERTEX_POINT ( 'NONE', #2418 ) ;
#3710 = CARTESIAN_POINT ( 'NONE',  ( 0.5000000000000000000, 0.06000000000000020600, -0.3750000000000000600 ) ) ;
#3711 = LINE ( 'NONE', #3144, #1367 ) ;
#3712 = LINE ( 'NONE', #3339, #1232 ) ;
#3713 = EDGE_CURVE ( 'NONE', #2902, #2396, #3638, .T. ) ;
#3714 = AXIS2_PLACEMENT_3D ( 'NONE', #1251, #976, #1862 ) ;
#3715 = CARTESIAN_POINT ( 'NONE',  ( 0.5000000000000000000, 0.05999999999999999100, 0.3750000000000000600 ) ) ;
#3716 = DIRECTION ( 'NONE',  ( -0.0000000000000000000, 0.0000000000000000000, -1.000000000000000000 ) ) ;
#3717 = EDGE_LOOP ( 'NONE', ( #3481, #578, #3862, #478 ) ) ;
#3718 = MANIFOLD_SOLID_BREP ( 'Boss-Extrude4[2]', #727 ) ;
#3719 = VECTOR ( 'NONE', #3020, 1000.000000000000000 ) ;
#3720 = LINE ( 'NONE', #1854, #84 ) ;
#3721 = EDGE_LOOP ( 'NONE', ( #1329, #858, #2375, #430 ) ) ;
#3722 = LINE ( 'NONE', #951, #131 ) ;
#3723 = ORIENTED_EDGE ( 'NONE', *, *, #2728, .T. ) ;
#3724 = DIRECTION ( 'NONE',  ( 0.0000000000000000000, 0.0000000000000000000, 1.000000000000000000 ) ) ;
#3725 = DIRECTION ( 'NONE',  ( 0.0000000000000000000, 1.000000000000000000, 0.0000000000000000000 ) ) ;
#3726 = EDGE_CURVE ( 'NONE', #2019, #231, #584, .T. ) ;
#3727 = ORIENTED_EDGE ( 'NONE', *, *, #3697, .T. ) ;
#3728 = CARTESIAN_POINT ( 'NONE',  ( 0.5500000000000000400, 0.06000000000000000500, 0.2250000000000000600 ) ) ;
#3729 = DIRECTION ( 'NONE',  ( 1.000000000000000000, 0.0000000000000000000, -0.0000000000000000000 ) ) ;
#3730 = ORIENTED_EDGE ( 'NONE', *, *, #980, .F. ) ;
#3731 = AXIS2_PLACEMENT_3D ( 'NONE', #1931, #155, #2833 ) ;
#3732 = VERTEX_POINT ( 'NONE', #680 ) ;
#3733 = ADVANCED_FACE ( 'NONE', ( #1292 ), #2802, .F. ) ;
#3734 = DIRECTION ( 'NONE',  ( 0.0000000000000000000, -0.0000000000000000000, 1.000000000000000000 ) ) ;
#3735 =( NAMED_UNIT ( * ) SI_UNIT ( $, .STERADIAN. ) SOLID_ANGLE_UNIT ( ) );
#3736 = DIRECTION ( 'NONE',  ( -0.0000000000000000000, 1.000000000000000000, -0.0000000000000000000 ) ) ;
#3738 = VECTOR ( 'NONE', #2530, 1000.000000000000000 ) ;
#3737 = DIRECTION ( 'NONE',  ( 1.000000000000000000, 0.0000000000000000000, -0.0000000000000000000 ) ) ;
#3739 = VERTEX_POINT ( 'NONE', #1240 ) ;
#3740 = EDGE_CURVE ( 'NONE', #1923, #738, #1338, .T. ) ;
#3741 = PLANE ( 'NONE',  #2323 ) ;
#3742 = DIRECTION ( 'NONE',  ( 0.0000000000000000000, -1.000000000000000000, 0.0000000000000000000 ) ) ;
#3743 = ORIENTED_EDGE ( 'NONE', *, *, #3827, .T. ) ;
#3744 = DIRECTION ( 'NONE',  ( 0.0000000000000000000, 0.0000000000000000000, -1.000000000000000000 ) ) ;
#3745 = LINE ( 'NONE', #3600, #3212 ) ;
#3746 = CARTESIAN_POINT ( 'NONE',  ( 0.5500000000000000400, 0.009999999999999984600, 0.3750000000000000600 ) ) ;
#3747 = VECTOR ( 'NONE', #2951, 1000.000000000000000 ) ;
#3748 = LINE ( 'NONE', #2741, #1399 ) ;
#3749 = VECTOR ( 'NONE', #12, 1000.000000000000000 ) ;
#3750 = EDGE_CURVE ( 'NONE', #815, #1946, #2493, .T. ) ;
#3751 = ORIENTED_EDGE ( 'NONE', *, *, #1875, .T. ) ;
#3752 = CARTESIAN_POINT ( 'NONE',  ( 0.4000000000000000200, -0.05000000000000000300, 0.3000000000000001000 ) ) ;
#3753 = DIRECTION ( 'NONE',  ( 1.000000000000000000, 0.0000000000000000000, -0.0000000000000000000 ) ) ;
#3754 = DIRECTION ( 'NONE',  ( 1.355252715606880800E-016, 0.0000000000000000000, -1.000000000000000000 ) ) ;
#3755 = DIRECTION ( 'NONE',  ( 0.0000000000000000000, 0.0000000000000000000, -1.000000000000000000 ) ) ;
#3756 = SURFACE_STYLE_USAGE ( .BOTH. , #824 ) ;
#3757 = ORIENTED_EDGE ( 'NONE', *, *, #3425, .T. ) ;
#3758 = LINE ( 'NONE', #3398, #1320 ) ;
#3759 = EDGE_LOOP ( 'NONE', ( #2094, #1536, #1247, #482 ) ) ;
#3760 = CARTESIAN_POINT ( 'NONE',  ( 0.5000000000000000000, 0.009999999999999984600, 0.3750000000000000600 ) ) ;
#3761 = CARTESIAN_POINT ( 'NONE',  ( 0.0000000000000000000, -0.05000000000000000300, 0.0000000000000000000 ) ) ;
#3762 = PLANE ( 'NONE',  #2744 ) ;
#3763 = ORIENTED_EDGE ( 'NONE', *, *, #1498, .F. ) ;
#3764 = ADVANCED_FACE ( 'NONE', ( #873 ), #2477, .F. ) ;
#3765 = CARTESIAN_POINT ( 'NONE',  ( 0.1899999999999995900, 0.05000000000000000300, -0.6999999999999999600 ) ) ;
#3766 = DIRECTION ( 'NONE',  ( -1.000000000000000000, -0.0000000000000000000, -0.0000000000000000000 ) ) ;
#3767 = EDGE_LOOP ( 'NONE', ( #3512, #3872, #1470, #874 ) ) ;
#3768 = FACE_OUTER_BOUND ( 'NONE', #780, .T. ) ;
#3769 = EDGE_CURVE ( 'NONE', #2437, #89, #1538, .T. ) ;
#3770 = COLOUR_RGB ( '',0.7921568627450980000, 0.8196078431372548800, 0.9333333333333333500 ) ;
#3771 = EDGE_LOOP ( 'NONE', ( #1504, #2296, #3692, #3497 ) ) ;
#3772 = FILL_AREA_STYLE_COLOUR ( '', #3770 ) ;
#3773 = VERTEX_POINT ( 'NONE', #382 ) ;
#3774 = PLANE ( 'NONE',  #1415 ) ;
#3775 = DIRECTION ( 'NONE',  ( -1.000000000000000000, 0.0000000000000000000, 0.0000000000000000000 ) ) ;
#3776 = ORIENTED_EDGE ( 'NONE', *, *, #479, .T. ) ;
#3777 = DIRECTION ( 'NONE',  ( -1.897353801849633200E-015, 0.0000000000000000000, 1.000000000000000000 ) ) ;
#3778 = CARTESIAN_POINT ( 'NONE',  ( -0.4000000000000000200, -0.05000000000000000300, -0.1499999999999999900 ) ) ;
#3779 = ORIENTED_EDGE ( 'NONE', *, *, #401, .T. ) ;
#3780 = ADVANCED_FACE ( 'NONE', ( #1986 ), #1023, .F. ) ;
#3781 = VECTOR ( 'NONE', #2515, 1000.000000000000000 ) ;
#3782 = ORIENTED_EDGE ( 'NONE', *, *, #1661, .T. ) ;
#3783 = AXIS2_PLACEMENT_3D ( 'NONE', #3601, #1191, #3277 ) ;
#3784 = DIRECTION ( 'NONE',  ( -1.000000000000000000, 0.0000000000000000000, 0.0000000000000000000 ) ) ;
#3785 = CARTESIAN_POINT ( 'NONE',  ( -0.3600000000000003800, 0.05000000000000000300, 0.5000000000000000000 ) ) ;
#3786 = CARTESIAN_POINT ( 'NONE',  ( -0.3600000000000003800, 0.05000000000000000300, -0.5000000000000000000 ) ) ;
#3787 = FACE_OUTER_BOUND ( 'NONE', #293, .T. ) ;
#3788 = VERTEX_POINT ( 'NONE', #3100 ) ;
#3789 = FILL_AREA_STYLE ('',( #1142 ) ) ;
#3790 = DIRECTION ( 'NONE',  ( -1.219727444046192700E-015, 0.0000000000000000000, -1.000000000000000000 ) ) ;
#3791 = ORIENTED_EDGE ( 'NONE', *, *, #1488, .F. ) ;
#3792 = VERTEX_POINT ( 'NONE', #1007 ) ;
#3793 = VECTOR ( 'NONE', #3687, 1000.000000000000000 ) ;
#3794 = EDGE_CURVE ( 'NONE', #225, #2171, #1096, .T. ) ;
#3795 = FACE_OUTER_BOUND ( 'NONE', #3541, .T. ) ;
#3796 = VERTEX_POINT ( 'NONE', #977 ) ;
#3797 = FACE_OUTER_BOUND ( 'NONE', #851, .T. ) ;
#3798 = EDGE_LOOP ( 'NONE', ( #2358, #1899, #3030, #3094 ) ) ;
#3799 = SURFACE_SIDE_STYLE ('',( #721 ) ) ;
#3800 = ORIENTED_EDGE ( 'NONE', *, *, #82, .T. ) ;
#3801 = LINE ( 'NONE', #94, #3621 ) ;
#3802 = EDGE_LOOP ( 'NONE', ( #2999, #3410, #2913, #2770 ) ) ;
#3803 = EDGE_CURVE ( 'NONE', #3367, #2433, #3066, .T. ) ;
#3804 = LINE ( 'NONE', #3197, #2208 ) ;
#3805 = FACE_OUTER_BOUND ( 'NONE', #1358, .T. ) ;
#3806 = LINE ( 'NONE', #2489, #3008 ) ;
#3807 = ORIENTED_EDGE ( 'NONE', *, *, #1056, .T. ) ;
#3808 = VECTOR ( 'NONE', #1805, 1000.000000000000000 ) ;
#3809 = DIRECTION ( 'NONE',  ( 0.7071067811865475700, -0.0000000000000000000, -0.7071067811865474600 ) ) ;
#3810 = PLANE ( 'NONE',  #1620 ) ;
#3811 = EDGE_CURVE ( 'NONE', #2944, #359, #1806, .T. ) ;
#3812 = PRESENTATION_STYLE_ASSIGNMENT (( #1390 ) ) ;
#3813 = VERTEX_POINT ( 'NONE', #1312 ) ;
#3814 = DIRECTION ( 'NONE',  ( 1.000000000000000000, 0.0000000000000000000, -1.355252715606880800E-016 ) ) ;
#3815 = CARTESIAN_POINT ( 'NONE',  ( -0.1899999999999995900, -0.0000000000000000000, -0.6999999999999999600 ) ) ;
#3816 = VECTOR ( 'NONE', #2501, 1000.000000000000000 ) ;
#3817 = ORIENTED_EDGE ( 'NONE', *, *, #3713, .T. ) ;
#3818 = EDGE_CURVE ( 'NONE', #2826, #1346, #224, .T. ) ;
#3819 = ADVANCED_FACE ( 'NONE', ( #3296 ), #116, .F. ) ;
#3820 = ORIENTED_EDGE ( 'NONE', *, *, #3538, .F. ) ;
#3821 = CARTESIAN_POINT ( 'NONE',  ( -0.5500000000000000400, 0.01000000000000000200, 0.2250000000000000600 ) ) ;
#3822 = ORIENTED_EDGE ( 'NONE', *, *, #2258, .F. ) ;
#3823 = AXIS2_PLACEMENT_3D ( 'NONE', #2531, #469, #2221 ) ;
#3824 = CARTESIAN_POINT ( 'NONE',  ( 0.0000000000000000000, 0.0000000000000000000, 0.0000000000000000000 ) ) ;
#3825 = CARTESIAN_POINT ( 'NONE',  ( 0.5000000000000000000, 0.06000000000000022000, -0.2250000000000000600 ) ) ;
#3826 = ORIENTED_EDGE ( 'NONE', *, *, #1455, .T. ) ;
#3827 = EDGE_CURVE ( 'NONE', #923, #400, #1892, .T. ) ;
#3828 = ORIENTED_EDGE ( 'NONE', *, *, #2825, .T. ) ;
#3829 = DIRECTION ( 'NONE',  ( -0.0000000000000000000, -0.0000000000000000000, 1.000000000000000000 ) ) ;
#3830 = UNCERTAINTY_MEASURE_WITH_UNIT (LENGTH_MEASURE( 1.000000000000000100E-005 ), #132, 'distance_accuracy_value', 'NONE');
#3831 = LINE ( 'NONE', #2234, #650 ) ;
#3832 = EDGE_CURVE ( 'NONE', #1706, #672, #3196, .T. ) ;
#3833 = LINE ( 'NONE', #1492, #1826 ) ;
#3834 = LINE ( 'NONE', #1158, #242 ) ;
#3835 = AXIS2_PLACEMENT_3D ( 'NONE', #2762, #3052, #3324 ) ;
#3836 = CARTESIAN_POINT ( 'NONE',  ( 0.5000000000000000000, 0.06000000000000000500, 0.2250000000000000600 ) ) ;
#3837 = VECTOR ( 'NONE', #787, 1000.000000000000000 ) ;
#3838 = PLANE ( 'NONE',  #534 ) ;
#3839 = DIRECTION ( 'NONE',  ( -0.0000000000000000000, 1.000000000000000000, -0.0000000000000000000 ) ) ;
#3840 = CARTESIAN_POINT ( 'NONE',  ( 0.0000000000000000000, 0.05000000000000000300, 0.0000000000000000000 ) ) ;
#3841 = ORIENTED_EDGE ( 'NONE', *, *, #964, .F. ) ;
#3842 = VECTOR ( 'NONE', #682, 1000.000000000000000 ) ;
#3843 = CARTESIAN_POINT ( 'NONE',  ( -0.5000000000000000000, 0.01000000000000000200, 0.2250000000000000600 ) ) ;
#3844 = CARTESIAN_POINT ( 'NONE',  ( 0.5000000000000000000, 0.01000000000000020100, -0.3750000000000000600 ) ) ;
#3845 = EDGE_CURVE ( 'NONE', #1341, #2886, #3018, .T. ) ;
#3846 = EDGE_LOOP ( 'NONE', ( #1161, #271, #3278, #1411 ) ) ;
#3847 = CARTESIAN_POINT ( 'NONE',  ( -0.1899999999999995600, 0.0000000000000000000, 0.5000000000000000000 ) ) ;
#3848 = CLOSED_SHELL ( 'NONE', ( #3470, #2402, #2643, #3082, #1818, #1890, #1382, #2781, #1207, #442 ) ) ;
#3849 = LINE ( 'NONE', #1982, #565 ) ;
#3850 = DIRECTION ( 'NONE',  ( 0.0000000000000000000, -1.000000000000000000, -9.035018104045869500E-017 ) ) ;
#3851 = CARTESIAN_POINT ( 'NONE',  ( 0.5500000000000000400, 0.05999999999999999100, 0.3750000000000000600 ) ) ;
#3852 = VERTEX_POINT ( 'NONE', #724 ) ;
#3853 = AXIS2_PLACEMENT_3D ( 'NONE', #1417, #2021, #782 ) ;
#3854 = CARTESIAN_POINT ( 'NONE',  ( -0.5500000000000000400, 0.01000000000000000200, 0.2250000000000000600 ) ) ;
#3855 = DIRECTION ( 'NONE',  ( -1.000000000000000000, 0.0000000000000000000, -1.355252715606880800E-016 ) ) ;
#3856 = VECTOR ( 'NONE', #80, 1000.000000000000000 ) ;
#3857 = CARTESIAN_POINT ( 'NONE',  ( -0.3600000000000001000, -0.05000000000000000300, -0.7000000000000001800 ) ) ;
#3858 = CARTESIAN_POINT ( 'NONE',  ( 0.3100000000000003900, 0.0000000000000000000, -0.5000000000000000000 ) ) ;
#3859 = EDGE_LOOP ( 'NONE', ( #1932, #336, #3165, #3587 ) ) ;
#3860 = VECTOR ( 'NONE', #521, 1000.000000000000000 ) ;
#3861 = DIRECTION ( 'NONE',  ( 0.0000000000000000000, 1.000000000000000000, -9.035018104045869500E-017 ) ) ;
#3862 = ORIENTED_EDGE ( 'NONE', *, *, #2041, .F. ) ;
#3863 = AXIS2_PLACEMENT_3D ( 'NONE', #143, #753, #2250 ) ;
#3864 = ADVANCED_FACE ( 'NONE', ( #2677 ), #3450, .F. ) ;
#3865 = ORIENTED_EDGE ( 'NONE', *, *, #638, .F. ) ;
#3866 = CARTESIAN_POINT ( 'NONE',  ( 0.3100000000000003900, 0.05000000000000000300, -0.6999999999999999600 ) ) ;
#3867 = SURFACE_SIDE_STYLE ('',( #2401 ) ) ;
#3868 = EDGE_CURVE ( 'NONE', #1950, #525, #3436, .T. ) ;
#3869 = ORIENTED_EDGE ( 'NONE', *, *, #2335, .F. ) ;
#3870 = DIRECTION ( 'NONE',  ( 1.000000000000000000, 0.0000000000000000000, 0.0000000000000000000 ) ) ;
#3871 = CARTESIAN_POINT ( 'NONE',  ( 0.0000000000000000000, 0.0000000000000000000, 0.0000000000000000000 ) ) ;
#3872 = ORIENTED_EDGE ( 'NONE', *, *, #3132, .F. ) ;
ENDSEC;
END-ISO-10303-21;
